
/Users/iceblaster/FCR/build/freertos_rp2350.elf:     file format elf32-littlearm

Sections:
Idx Name          Size      VMA       LMA       File off  Algn
  0 .text         00007234  10000000  10000000  00001000  2**4
                  CONTENTS, ALLOC, LOAD, READONLY, CODE
  1 .rodata       000003b8  10007234  10007234  00008234  2**2
                  CONTENTS, ALLOC, LOAD, READONLY, DATA
  2 .ARM.exidx    00000008  100075ec  100075ec  000085ec  2**2
                  CONTENTS, ALLOC, LOAD, READONLY, DATA
  3 .binary_info  00000020  100075f4  100075f4  000085f4  2**2
                  CONTENTS, ALLOC, LOAD, READONLY, DATA
  4 .ram_vector_table 00000110  20000000  20000000  0000b000  2**2
                  ALLOC
  5 .uninitialized_data 00000000  20000110  20000110  0000a7cc  2**0
                  CONTENTS
  6 .data         000011a4  20000110  10007614  00009110  2**3
                  CONTENTS, ALLOC, LOAD, READONLY, CODE
  7 .tdata        00000000  200012b4  200012b4  0000a7cc  2**0
                  CONTENTS, ALLOC, LOAD, DATA, THREAD_LOCAL
  8 .tbss         00000000  200012b4  200012b4  00000000  2**0
                  ALLOC, THREAD_LOCAL
  9 .bss          00021008  200012b8  100087b8  0000b2b8  2**3
                  ALLOC
 10 .heap         00000800  200222c0  100087b8  0000b2c0  2**2
                  ALLOC, READONLY
 11 .scratch_x    00000000  20080000  20080000  0000a7cc  2**0
                  CONTENTS
 12 .scratch_y    00000000  20081000  20081000  0000a7cc  2**0
                  CONTENTS
 13 .stack1_dummy 00000800  20080000  20080000  0000b000  2**2
                  ALLOC
 14 .stack_dummy  00000800  20081000  20081000  0000b000  2**5
                  ALLOC, READONLY
 15 .flash_end    00000014  100087b8  100087b8  0000a7b8  2**2
                  CONTENTS, ALLOC, LOAD, READONLY, DATA
 16 .ARM.attributes 00000034  00000000  00000000  0000a7cc  2**0
                  CONTENTS, READONLY
 17 .comment      00000045  00000000  00000000  0000a800  2**0
                  CONTENTS, READONLY
 18 .debug_info   0004a3a4  00000000  00000000  0000a845  2**0
                  CONTENTS, READONLY, DEBUGGING, OCTETS
 19 .debug_abbrev 0000b376  00000000  00000000  00054be9  2**0
                  CONTENTS, READONLY, DEBUGGING, OCTETS
 20 .debug_loclists 00024e46  00000000  00000000  0005ff5f  2**0
                  CONTENTS, READONLY, DEBUGGING, OCTETS
 21 .debug_aranges 000019c8  00000000  00000000  00084da8  2**3
                  CONTENTS, READONLY, DEBUGGING, OCTETS
 22 .debug_rnglists 00006ca0  00000000  00000000  00086770  2**0
                  CONTENTS, READONLY, DEBUGGING, OCTETS
 23 .debug_line   0003492b  00000000  00000000  0008d410  2**0
                  CONTENTS, READONLY, DEBUGGING, OCTETS
 24 .debug_str    0000c486  00000000  00000000  000c1d3b  2**0
                  CONTENTS, READONLY, DEBUGGING, OCTETS
 25 .debug_frame  00004c9c  00000000  00000000  000ce1c4  2**2
                  CONTENTS, READONLY, DEBUGGING, OCTETS
 26 .debug_line_str 00000235  00000000  00000000  000d2e60  2**0
                  CONTENTS, READONLY, DEBUGGING, OCTETS

/Users/iceblaster/FCR/build/freertos_rp2350.elf:     file format elf32-littlearm


Disassembly of section .text:

10000000 <__VECTOR_TABLE>:
10000000:	20082000 	.word	0x20082000
10000004:	1000015d 	.word	0x1000015d
10000008:	1000011b 	.word	0x1000011b
1000000c:	1000011d 	.word	0x1000011d
10000010:	10000111 	.word	0x10000111
10000014:	10000111 	.word	0x10000111
10000018:	10000111 	.word	0x10000111
1000001c:	10000111 	.word	0x10000111
10000020:	10000119 	.word	0x10000119
10000024:	10000119 	.word	0x10000119
10000028:	10000119 	.word	0x10000119
1000002c:	1000011f 	.word	0x1000011f
10000030:	10000111 	.word	0x10000111
10000034:	10000119 	.word	0x10000119
10000038:	10000121 	.word	0x10000121
1000003c:	10000123 	.word	0x10000123
10000040:	10000111 	.word	0x10000111
10000044:	10000111 	.word	0x10000111
10000048:	10000111 	.word	0x10000111
1000004c:	10000111 	.word	0x10000111
10000050:	10000111 	.word	0x10000111
10000054:	10000111 	.word	0x10000111
10000058:	10000111 	.word	0x10000111
1000005c:	10000111 	.word	0x10000111
10000060:	10000111 	.word	0x10000111
10000064:	10000111 	.word	0x10000111
10000068:	10000111 	.word	0x10000111
1000006c:	10000111 	.word	0x10000111
10000070:	10000111 	.word	0x10000111
10000074:	10000111 	.word	0x10000111
10000078:	10000111 	.word	0x10000111
1000007c:	10000111 	.word	0x10000111
10000080:	10000111 	.word	0x10000111
10000084:	10000111 	.word	0x10000111
10000088:	10000111 	.word	0x10000111
1000008c:	10000111 	.word	0x10000111
10000090:	10000111 	.word	0x10000111
10000094:	10000111 	.word	0x10000111
10000098:	10000111 	.word	0x10000111
1000009c:	10000111 	.word	0x10000111
100000a0:	10000111 	.word	0x10000111
100000a4:	10000111 	.word	0x10000111
100000a8:	10000111 	.word	0x10000111
100000ac:	10000111 	.word	0x10000111
100000b0:	10000111 	.word	0x10000111
100000b4:	10000111 	.word	0x10000111
100000b8:	10000111 	.word	0x10000111
100000bc:	10000111 	.word	0x10000111
100000c0:	10000111 	.word	0x10000111
100000c4:	10000111 	.word	0x10000111
100000c8:	10000111 	.word	0x10000111
100000cc:	10000111 	.word	0x10000111
100000d0:	10000111 	.word	0x10000111
100000d4:	10000111 	.word	0x10000111
100000d8:	10000111 	.word	0x10000111
100000dc:	10000111 	.word	0x10000111
100000e0:	10000111 	.word	0x10000111
100000e4:	10000111 	.word	0x10000111
100000e8:	10000111 	.word	0x10000111
100000ec:	10000111 	.word	0x10000111
100000f0:	10000111 	.word	0x10000111
100000f4:	10000111 	.word	0x10000111
100000f8:	10000111 	.word	0x10000111
100000fc:	10000111 	.word	0x10000111
10000100:	10000111 	.word	0x10000111
10000104:	10000111 	.word	0x10000111
10000108:	10000111 	.word	0x10000111
1000010c:	10000111 	.word	0x10000111

10000110 <__unhandled_user_irq>:
10000110:	f3ef 8005 	mrs	r0, IPSR
10000114:	3810      	subs	r0, #16

10000116 <unhandled_user_irq_num_in_r0>:
10000116:	be00      	bkpt	0x0000

10000118 <isr_invalid>:
10000118:	be00      	bkpt	0x0000

1000011a <isr_nmi>:
1000011a:	be00      	bkpt	0x0000

1000011c <isr_hardfault>:
1000011c:	be00      	bkpt	0x0000

1000011e <isr_svcall>:
1000011e:	be00      	bkpt	0x0000

10000120 <isr_pendsv>:
10000120:	be00      	bkpt	0x0000

10000122 <isr_systick>:
10000122:	be00      	bkpt	0x0000

10000124 <__default_isrs_end>:
10000124:	7188ebf2 	.word	0x7188ebf2
10000128:	100075f4 	.word	0x100075f4
1000012c:	10007614 	.word	0x10007614
10000130:	100001a0 	.word	0x100001a0
10000134:	e71aa390 	.word	0xe71aa390

10000138 <__binary_info_header_end>:
10000138:	ffffded3 	.word	0xffffded3
1000013c:	10210142 	.word	0x10210142
10000140:	000001ff 	.word	0x000001ff
10000144:	00008680 	.word	0x00008680
10000148:	ab123579 	.word	0xab123579

1000014c <_entry_point>:
1000014c:	f04f 0000 	mov.w	r0, #0

10000150 <_enter_vtable_in_r0>:
10000150:	491e      	ldr	r1, [pc, #120]	@ (100001cc <data_cpy_table+0x2c>)
10000152:	6008      	str	r0, [r1, #0]
10000154:	c806      	ldmia	r0!, {r1, r2}
10000156:	f381 8808 	msr	MSP, r1
1000015a:	4710      	bx	r2

1000015c <_reset_handler>:
1000015c:	f04f 4050 	mov.w	r0, #3489660928	@ 0xd0000000
10000160:	6800      	ldr	r0, [r0, #0]
10000162:	b110      	cbz	r0, 1000016a <hold_non_core0_in_bootrom+0x6>

10000164 <hold_non_core0_in_bootrom>:
10000164:	f04f 0000 	mov.w	r0, #0
10000168:	e7f2      	b.n	10000150 <_enter_vtable_in_r0>
1000016a:	a40d      	add	r4, pc, #52	@ (adr r4, 100001a0 <data_cpy_table>)
1000016c:	cc0e      	ldmia	r4!, {r1, r2, r3}
1000016e:	2900      	cmp	r1, #0
10000170:	d002      	beq.n	10000178 <hold_non_core0_in_bootrom+0x14>
10000172:	f000 f812 	bl	1000019a <data_cpy>
10000176:	e7f9      	b.n	1000016c <hold_non_core0_in_bootrom+0x8>
10000178:	4915      	ldr	r1, [pc, #84]	@ (100001d0 <data_cpy_table+0x30>)
1000017a:	4a16      	ldr	r2, [pc, #88]	@ (100001d4 <data_cpy_table+0x34>)
1000017c:	2000      	movs	r0, #0
1000017e:	e000      	b.n	10000182 <bss_fill_test>

10000180 <bss_fill_loop>:
10000180:	c101      	stmia	r1!, {r0}

10000182 <bss_fill_test>:
10000182:	4291      	cmp	r1, r2
10000184:	d1fc      	bne.n	10000180 <bss_fill_loop>

10000186 <platform_entry>:
10000186:	4914      	ldr	r1, [pc, #80]	@ (100001d8 <data_cpy_table+0x38>)
10000188:	4788      	blx	r1
1000018a:	4914      	ldr	r1, [pc, #80]	@ (100001dc <data_cpy_table+0x3c>)
1000018c:	4788      	blx	r1
1000018e:	4914      	ldr	r1, [pc, #80]	@ (100001e0 <data_cpy_table+0x40>)
10000190:	4788      	blx	r1
10000192:	be00      	bkpt	0x0000
10000194:	e7fd      	b.n	10000192 <platform_entry+0xc>

10000196 <data_cpy_loop>:
10000196:	c901      	ldmia	r1!, {r0}
10000198:	c201      	stmia	r2!, {r0}

1000019a <data_cpy>:
1000019a:	429a      	cmp	r2, r3
1000019c:	d3fb      	bcc.n	10000196 <data_cpy_loop>
1000019e:	4770      	bx	lr

100001a0 <data_cpy_table>:
100001a0:	10007614 	.word	0x10007614
100001a4:	20000110 	.word	0x20000110
100001a8:	200012b4 	.word	0x200012b4
100001ac:	100087b8 	.word	0x100087b8
100001b0:	20080000 	.word	0x20080000
100001b4:	20080000 	.word	0x20080000
100001b8:	100087b8 	.word	0x100087b8
100001bc:	20081000 	.word	0x20081000
100001c0:	20081000 	.word	0x20081000
100001c4:	00000000 	.word	0x00000000
100001c8:	4770      	bx	lr
100001ca:	0000      	.short	0x0000
100001cc:	e000ed08 	.word	0xe000ed08
100001d0:	200012b4 	.word	0x200012b4
100001d4:	200222c0 	.word	0x200222c0
100001d8:	10004609 	.word	0x10004609
100001dc:	10000265 	.word	0x10000265
100001e0:	10004601 	.word	0x10004601

100001e4 <_init>:
100001e4:	b5f8      	push	{r3, r4, r5, r6, r7, lr}
100001e6:	bf00      	nop

100001e8 <register_tm_clones>:
100001e8:	4b06      	ldr	r3, [pc, #24]	@ (10000204 <register_tm_clones+0x1c>)
100001ea:	4907      	ldr	r1, [pc, #28]	@ (10000208 <register_tm_clones+0x20>)
100001ec:	1ac9      	subs	r1, r1, r3
100001ee:	1089      	asrs	r1, r1, #2
100001f0:	bf48      	it	mi
100001f2:	3101      	addmi	r1, #1
100001f4:	1049      	asrs	r1, r1, #1
100001f6:	d003      	beq.n	10000200 <register_tm_clones+0x18>
100001f8:	4b04      	ldr	r3, [pc, #16]	@ (1000020c <register_tm_clones+0x24>)
100001fa:	b10b      	cbz	r3, 10000200 <register_tm_clones+0x18>
100001fc:	4801      	ldr	r0, [pc, #4]	@ (10000204 <register_tm_clones+0x1c>)
100001fe:	4718      	bx	r3
10000200:	4770      	bx	lr
10000202:	bf00      	nop
10000204:	200012b4 	.word	0x200012b4
10000208:	200012b4 	.word	0x200012b4
1000020c:	00000000 	.word	0x00000000

10000210 <frame_dummy>:
10000210:	b508      	push	{r3, lr}
10000212:	4b05      	ldr	r3, [pc, #20]	@ (10000228 <frame_dummy+0x18>)
10000214:	b11b      	cbz	r3, 1000021e <frame_dummy+0xe>
10000216:	4905      	ldr	r1, [pc, #20]	@ (1000022c <frame_dummy+0x1c>)
10000218:	4805      	ldr	r0, [pc, #20]	@ (10000230 <frame_dummy+0x20>)
1000021a:	f3af 8000 	nop.w
1000021e:	e8bd 4008 	ldmia.w	sp!, {r3, lr}
10000222:	f7ff bfe1 	b.w	100001e8 <register_tm_clones>
10000226:	bf00      	nop
10000228:	00000000 	.word	0x00000000
1000022c:	20001eb4 	.word	0x20001eb4
10000230:	10007234 	.word	0x10007234

10000234 <led_task>:
10000234:	b570      	push	{r4, r5, r6, lr}
10000236:	2019      	movs	r0, #25
10000238:	f002 ff6e 	bl	10003118 <gpio_init>
1000023c:	f04f 0501 	mov.w	r5, #1
10000240:	2319      	movs	r3, #25
10000242:	ec45 3044 	gpioc_bit_oe_put r3, r5
10000246:	f04f 0600 	mov.w	r6, #0
1000024a:	2419      	movs	r4, #25
1000024c:	ec45 4040 	gpioc_bit_out_put r4, r5
10000250:	2064      	movs	r0, #100	@ 0x64
10000252:	f002 fa59 	bl	10002708 <vTaskDelay>
10000256:	ec46 4040 	gpioc_bit_out_put r4, r6
1000025a:	2064      	movs	r0, #100	@ 0x64
1000025c:	f002 fa54 	bl	10002708 <vTaskDelay>
10000260:	e7f3      	b.n	1000024a <led_task+0x16>
10000262:	bf00      	nop

10000264 <main>:
10000264:	b500      	push	{lr}
10000266:	b083      	sub	sp, #12
10000268:	f004 fac6 	bl	100047f8 <stdio_init_all>
1000026c:	2300      	movs	r3, #0
1000026e:	f04f 0c01 	mov.w	ip, #1
10000272:	f44f 7280 	mov.w	r2, #256	@ 0x100
10000276:	e9cd c300 	strd	ip, r3, [sp]
1000027a:	4903      	ldr	r1, [pc, #12]	@ (10000288 <main+0x24>)
1000027c:	4803      	ldr	r0, [pc, #12]	@ (1000028c <main+0x28>)
1000027e:	f002 f8dd 	bl	1000243c <xTaskCreate>
10000282:	f002 f905 	bl	10002490 <vTaskStartScheduler>
10000286:	e7fe      	b.n	10000286 <main+0x22>
10000288:	10007234 	.word	0x10007234
1000028c:	10000235 	.word	0x10000235

10000290 <vApplicationStackOverflowHook>:
10000290:	4770      	bx	lr
10000292:	bf00      	nop

10000294 <vApplicationMallocFailedHook>:
10000294:	4770      	bx	lr
10000296:	bf00      	nop

10000298 <prvDoorbellInterruptHandler>:
10000298:	4b0a      	ldr	r3, [pc, #40]	@ (100002c4 <prvDoorbellInterruptHandler+0x2c>)
1000029a:	f993 2000 	ldrsb.w	r2, [r3]
1000029e:	2a00      	cmp	r2, #0
100002a0:	db0f      	blt.n	100002c2 <prvDoorbellInterruptHandler+0x2a>
100002a2:	f04f 4150 	mov.w	r1, #3489660928	@ 0xd0000000
100002a6:	2301      	movs	r3, #1
100002a8:	f8d1 0188 	ldr.w	r0, [r1, #392]	@ 0x188
100002ac:	4093      	lsls	r3, r2
100002ae:	4218      	tst	r0, r3
100002b0:	d007      	beq.n	100002c2 <prvDoorbellInterruptHandler+0x2a>
100002b2:	f04f 22e0 	mov.w	r2, #3758153728	@ 0xe000e000
100002b6:	f04f 5080 	mov.w	r0, #268435456	@ 0x10000000
100002ba:	f8c1 318c 	str.w	r3, [r1, #396]	@ 0x18c
100002be:	f8c2 0d04 	str.w	r0, [r2, #3332]	@ 0xd04
100002c2:	4770      	bx	lr
100002c4:	20001208 	.word	0x20001208

100002c8 <prvTaskExitError>:
100002c8:	2300      	movs	r3, #0
100002ca:	b500      	push	{lr}
100002cc:	b083      	sub	sp, #12
100002ce:	9301      	str	r3, [sp, #4]
100002d0:	f000 fa62 	bl	10000798 <ulSetInterruptMask>
100002d4:	9b01      	ldr	r3, [sp, #4]
100002d6:	2b00      	cmp	r3, #0
100002d8:	d0fc      	beq.n	100002d4 <prvTaskExitError+0xc>
100002da:	b003      	add	sp, #12
100002dc:	f85d fb04 	ldr.w	pc, [sp], #4

100002e0 <SysTick_Handler>:
100002e0:	b510      	push	{r4, lr}
100002e2:	f002 fae1 	bl	100028a8 <vTaskEnterCriticalFromISR>
100002e6:	4604      	mov	r4, r0
100002e8:	f001 fb12 	bl	10001910 <xTaskIncrementTick>
100002ec:	b128      	cbz	r0, 100002fa <SysTick_Handler+0x1a>
100002ee:	f04f 23e0 	mov.w	r3, #3758153728	@ 0xe000e000
100002f2:	f04f 5280 	mov.w	r2, #268435456	@ 0x10000000
100002f6:	f8c3 2d04 	str.w	r2, [r3, #3332]	@ 0xd04
100002fa:	4620      	mov	r0, r4
100002fc:	e8bd 4010 	ldmia.w	sp!, {r4, lr}
10000300:	f002 bb68 	b.w	100029d4 <vTaskExitCriticalFromISR>

10000304 <vPortSetupTimerInterrupt>:
10000304:	b510      	push	{r4, lr}
10000306:	2204      	movs	r2, #4
10000308:	f04f 24e0 	mov.w	r4, #3758153728	@ 0xe000e000
1000030c:	2300      	movs	r3, #0
1000030e:	6122      	str	r2, [r4, #16]
10000310:	2005      	movs	r0, #5
10000312:	61a3      	str	r3, [r4, #24]
10000314:	f002 fe20 	bl	10002f58 <clock_get_hz>
10000318:	2107      	movs	r1, #7
1000031a:	4b04      	ldr	r3, [pc, #16]	@ (1000032c <vPortSetupTimerInterrupt+0x28>)
1000031c:	fba3 2300 	umull	r2, r3, r3, r0
10000320:	099b      	lsrs	r3, r3, #6
10000322:	3b01      	subs	r3, #1
10000324:	6163      	str	r3, [r4, #20]
10000326:	6121      	str	r1, [r4, #16]
10000328:	bd10      	pop	{r4, pc}
1000032a:	bf00      	nop
1000032c:	10624dd3 	.word	0x10624dd3

10000330 <xPortStartSchedulerOnCore.isra.0>:
10000330:	f04f 23e0 	mov.w	r3, #3758153728	@ 0xe000e000
10000334:	f04f 427f 	mov.w	r2, #4278190080	@ 0xff000000
10000338:	2100      	movs	r1, #0
1000033a:	b530      	push	{r4, r5, lr}
1000033c:	b085      	sub	sp, #20
1000033e:	9103      	str	r1, [sp, #12]
10000340:	f8c3 2d1c 	str.w	r2, [r3, #3356]	@ 0xd1c
10000344:	f8d3 3d1c 	ldr.w	r3, [r3, #3356]	@ 0xd1c
10000348:	0e1b      	lsrs	r3, r3, #24
1000034a:	f88d 3007 	strb.w	r3, [sp, #7]
1000034e:	f89d 3007 	ldrb.w	r3, [sp, #7]
10000352:	f89d 3007 	ldrb.w	r3, [sp, #7]
10000356:	061a      	lsls	r2, r3, #24
10000358:	d50c      	bpl.n	10000374 <xPortStartSchedulerOnCore.isra.0+0x44>
1000035a:	9b03      	ldr	r3, [sp, #12]
1000035c:	3301      	adds	r3, #1
1000035e:	9303      	str	r3, [sp, #12]
10000360:	f89d 3007 	ldrb.w	r3, [sp, #7]
10000364:	005b      	lsls	r3, r3, #1
10000366:	b2db      	uxtb	r3, r3
10000368:	f88d 3007 	strb.w	r3, [sp, #7]
1000036c:	f89d 3007 	ldrb.w	r3, [sp, #7]
10000370:	061b      	lsls	r3, r3, #24
10000372:	d4f2      	bmi.n	1000035a <xPortStartSchedulerOnCore.isra.0+0x2a>
10000374:	9b03      	ldr	r3, [sp, #12]
10000376:	2b08      	cmp	r3, #8
10000378:	d040      	beq.n	100003fc <xPortStartSchedulerOnCore.isra.0+0xcc>
1000037a:	9b03      	ldr	r3, [sp, #12]
1000037c:	f1c3 0307 	rsb	r3, r3, #7
10000380:	021b      	lsls	r3, r3, #8
10000382:	f403 63e0 	and.w	r3, r3, #1792	@ 0x700
10000386:	f04f 4150 	mov.w	r1, #3489660928	@ 0xd0000000
1000038a:	4825      	ldr	r0, [pc, #148]	@ (10000420 <xPortStartSchedulerOnCore.isra.0+0xf0>)
1000038c:	4a25      	ldr	r2, [pc, #148]	@ (10000424 <xPortStartSchedulerOnCore.isra.0+0xf4>)
1000038e:	6003      	str	r3, [r0, #0]
10000390:	7812      	ldrb	r2, [r2, #0]
10000392:	680b      	ldr	r3, [r1, #0]
10000394:	429a      	cmp	r2, r3
10000396:	d033      	beq.n	10000400 <xPortStartSchedulerOnCore.isra.0+0xd0>
10000398:	f04f 23e0 	mov.w	r3, #3758153728	@ 0xe000e000
1000039c:	2400      	movs	r4, #0
1000039e:	f04f 4550 	mov.w	r5, #3489660928	@ 0xd0000000
100003a2:	f8d3 2d20 	ldr.w	r2, [r3, #3360]	@ 0xd20
100003a6:	4920      	ldr	r1, [pc, #128]	@ (10000428 <xPortStartSchedulerOnCore.isra.0+0xf8>)
100003a8:	f442 027f 	orr.w	r2, r2, #16711680	@ 0xff0000
100003ac:	f8c3 2d20 	str.w	r2, [r3, #3360]	@ 0xd20
100003b0:	200e      	movs	r0, #14
100003b2:	f8c3 4d1c 	str.w	r4, [r3, #3356]	@ 0xd1c
100003b6:	f003 fded 	bl	10003f94 <exception_set_exclusive_handler>
100003ba:	491c      	ldr	r1, [pc, #112]	@ (1000042c <xPortStartSchedulerOnCore.isra.0+0xfc>)
100003bc:	200b      	movs	r0, #11
100003be:	f003 fde9 	bl	10003f94 <exception_set_exclusive_handler>
100003c2:	4b1b      	ldr	r3, [pc, #108]	@ (10000430 <xPortStartSchedulerOnCore.isra.0+0x100>)
100003c4:	682a      	ldr	r2, [r5, #0]
100003c6:	21ff      	movs	r1, #255	@ 0xff
100003c8:	201a      	movs	r0, #26
100003ca:	f843 4022 	str.w	r4, [r3, r2, lsl #2]
100003ce:	f003 f84d 	bl	1000346c <irq_set_priority>
100003d2:	201a      	movs	r0, #26
100003d4:	4917      	ldr	r1, [pc, #92]	@ (10000434 <xPortStartSchedulerOnCore.isra.0+0x104>)
100003d6:	f002 ff25 	bl	10003224 <irq_set_exclusive_handler>
100003da:	2101      	movs	r1, #1
100003dc:	201a      	movs	r0, #26
100003de:	f002 fedf 	bl	100031a0 <irq_set_enabled>
100003e2:	f000 f9d1 	bl	10000788 <vStartFirstTask>
100003e6:	6828      	ldr	r0, [r5, #0]
100003e8:	f001 fbac 	bl	10001b44 <vTaskSwitchContext>
100003ec:	9402      	str	r4, [sp, #8]
100003ee:	f000 f9d3 	bl	10000798 <ulSetInterruptMask>
100003f2:	9b02      	ldr	r3, [sp, #8]
100003f4:	2b00      	cmp	r3, #0
100003f6:	d0fc      	beq.n	100003f2 <xPortStartSchedulerOnCore.isra.0+0xc2>
100003f8:	b005      	add	sp, #20
100003fa:	bd30      	pop	{r4, r5, pc}
100003fc:	2300      	movs	r3, #0
100003fe:	e7c2      	b.n	10000386 <xPortStartSchedulerOnCore.isra.0+0x56>
10000400:	f7ff ff80 	bl	10000304 <vPortSetupTimerInterrupt>
10000404:	f04f 22e0 	mov.w	r2, #3758153728	@ 0xe000e000
10000408:	f8d2 3d20 	ldr.w	r3, [r2, #3360]	@ 0xd20
1000040c:	490a      	ldr	r1, [pc, #40]	@ (10000438 <xPortStartSchedulerOnCore.isra.0+0x108>)
1000040e:	f043 437f 	orr.w	r3, r3, #4278190080	@ 0xff000000
10000412:	f8c2 3d20 	str.w	r3, [r2, #3360]	@ 0xd20
10000416:	200f      	movs	r0, #15
10000418:	f003 fdbc 	bl	10003f94 <exception_set_exclusive_handler>
1000041c:	e7bc      	b.n	10000398 <xPortStartSchedulerOnCore.isra.0+0x68>
1000041e:	bf00      	nop
10000420:	200221b4 	.word	0x200221b4
10000424:	20001209 	.word	0x20001209
10000428:	100007c1 	.word	0x100007c1
1000042c:	10000859 	.word	0x10000859
10000430:	200221ac 	.word	0x200221ac
10000434:	10000299 	.word	0x10000299
10000438:	100002e1 	.word	0x100002e1

1000043c <prvDisableInterruptsAndPortStartSchedulerOnCore>:
1000043c:	b508      	push	{r3, lr}
1000043e:	f000 f9ab 	bl	10000798 <ulSetInterruptMask>
10000442:	e8bd 4008 	ldmia.w	sp!, {r3, lr}
10000446:	f7ff bf73 	b.w	10000330 <xPortStartSchedulerOnCore.isra.0>
1000044a:	bf00      	nop

1000044c <vPortYield>:
1000044c:	f04f 23e0 	mov.w	r3, #3758153728	@ 0xe000e000
10000450:	f04f 5280 	mov.w	r2, #268435456	@ 0x10000000
10000454:	f8c3 2d04 	str.w	r2, [r3, #3332]	@ 0xd04
10000458:	f3bf 8f4f 	dsb	sy
1000045c:	f3bf 8f6f 	isb	sy
10000460:	4770      	bx	lr
10000462:	bf00      	nop

10000464 <vPortSVCHandler_C>:
10000464:	6983      	ldr	r3, [r0, #24]
10000466:	f813 3c02 	ldrb.w	r3, [r3, #-2]
1000046a:	2b66      	cmp	r3, #102	@ 0x66
1000046c:	d000      	beq.n	10000470 <vPortSVCHandler_C+0xc>
1000046e:	4770      	bx	lr
10000470:	f04f 23e0 	mov.w	r3, #3758153728	@ 0xe000e000
10000474:	f8d3 2d88 	ldr.w	r2, [r3, #3464]	@ 0xd88
10000478:	f442 0270 	orr.w	r2, r2, #15728640	@ 0xf00000
1000047c:	f8c3 2d88 	str.w	r2, [r3, #3464]	@ 0xd88
10000480:	f8d3 2f34 	ldr.w	r2, [r3, #3892]	@ 0xf34
10000484:	f042 4240 	orr.w	r2, r2, #3221225472	@ 0xc0000000
10000488:	f8c3 2f34 	str.w	r2, [r3, #3892]	@ 0xf34
1000048c:	f000 b960 	b.w	10000750 <vRestoreContextOfFirstTask>

10000490 <pxPortInitialiseStack>:
10000490:	e92d 4ff0 	stmdb	sp!, {r4, r5, r6, r7, r8, r9, sl, fp, lr}
10000494:	f04f 3e11 	mov.w	lr, #286331153	@ 0x11111111
10000498:	f04f 7480 	mov.w	r4, #16777216	@ 0x1000000
1000049c:	e940 e309 	strd	lr, r3, [r0, #-36]	@ 0x24
100004a0:	f04f 3307 	mov.w	r3, #117901063	@ 0x7070707
100004a4:	f840 4c04 	str.w	r4, [r0, #-4]
100004a8:	4c16      	ldr	r4, [pc, #88]	@ (10000504 <pxPortInitialiseStack+0x74>)
100004aa:	f840 3c34 	str.w	r3, [r0, #-52]
100004ae:	e940 4203 	strd	r4, r2, [r0, #-12]
100004b2:	f04f 3305 	mov.w	r3, #84215045	@ 0x5050505
100004b6:	f04f 3206 	mov.w	r2, #101058054	@ 0x6060606
100004ba:	f04f 3b12 	mov.w	fp, #303174162	@ 0x12121212
100004be:	e940 320f 	strd	r3, r2, [r0, #-60]	@ 0x3c
100004c2:	f04f 3a03 	mov.w	sl, #50529027	@ 0x3030303
100004c6:	f04f 3902 	mov.w	r9, #33686018	@ 0x2020202
100004ca:	f04f 3801 	mov.w	r8, #16843009	@ 0x1010101
100004ce:	f04f 3710 	mov.w	r7, #269488144	@ 0x10101010
100004d2:	f04f 3609 	mov.w	r6, #151587081	@ 0x9090909
100004d6:	f04f 3508 	mov.w	r5, #134744072	@ 0x8080808
100004da:	f04f 3404 	mov.w	r4, #67372036	@ 0x4040404
100004de:	f06f 0302 	mvn.w	r3, #2
100004e2:	e940 ab05 	strd	sl, fp, [r0, #-20]
100004e6:	e940 8907 	strd	r8, r9, [r0, #-28]
100004ea:	e940 670b 	strd	r6, r7, [r0, #-44]	@ 0x2c
100004ee:	f840 5c30 	str.w	r5, [r0, #-48]
100004f2:	f840 4c40 	str.w	r4, [r0, #-64]
100004f6:	f840 3c44 	str.w	r3, [r0, #-68]
100004fa:	f840 1d48 	str.w	r1, [r0, #-72]!
100004fe:	e8bd 8ff0 	ldmia.w	sp!, {r4, r5, r6, r7, r8, r9, sl, fp, pc}
10000502:	bf00      	nop
10000504:	100002c9 	.word	0x100002c9

10000508 <xPortStartScheduler>:
10000508:	b570      	push	{r4, r5, r6, lr}
1000050a:	200e      	movs	r0, #14
1000050c:	f002 fdd6 	bl	100030bc <spin_lock_claim>
10000510:	200f      	movs	r0, #15
10000512:	f002 fdd3 	bl	100030bc <spin_lock_claim>
10000516:	2101      	movs	r1, #1
10000518:	2003      	movs	r0, #3
1000051a:	f003 fdd1 	bl	100040c0 <multicore_doorbell_claim_unused>
1000051e:	4602      	mov	r2, r0
10000520:	2301      	movs	r3, #1
10000522:	f04f 4150 	mov.w	r1, #3489660928	@ 0xd0000000
10000526:	2400      	movs	r4, #0
10000528:	b252      	sxtb	r2, r2
1000052a:	4e08      	ldr	r6, [pc, #32]	@ (1000054c <xPortStartScheduler+0x44>)
1000052c:	4093      	lsls	r3, r2
1000052e:	4d08      	ldr	r5, [pc, #32]	@ (10000550 <xPortStartScheduler+0x48>)
10000530:	7032      	strb	r2, [r6, #0]
10000532:	4808      	ldr	r0, [pc, #32]	@ (10000554 <xPortStartScheduler+0x4c>)
10000534:	f8c1 318c 	str.w	r3, [r1, #396]	@ 0x18c
10000538:	f8c1 3184 	str.w	r3, [r1, #388]	@ 0x184
1000053c:	702c      	strb	r4, [r5, #0]
1000053e:	f003 fd9b 	bl	10004078 <multicore_launch_core1>
10000542:	f7ff fef5 	bl	10000330 <xPortStartSchedulerOnCore.isra.0>
10000546:	4620      	mov	r0, r4
10000548:	bd70      	pop	{r4, r5, r6, pc}
1000054a:	bf00      	nop
1000054c:	20001208 	.word	0x20001208
10000550:	20001209 	.word	0x20001209
10000554:	1000043d 	.word	0x1000043d

10000558 <vPortValidateInterruptPriority>:
10000558:	f3ef 8305 	mrs	r3, IPSR
1000055c:	2b0f      	cmp	r3, #15
1000055e:	bf84      	itt	hi
10000560:	4a01      	ldrhi	r2, [pc, #4]	@ (10000568 <vPortValidateInterruptPriority+0x10>)
10000562:	5c9b      	ldrbhi	r3, [r3, r2]
10000564:	4770      	bx	lr
10000566:	bf00      	nop
10000568:	e000e3f0 	.word	0xe000e3f0

1000056c <ulPortLockGetCurrentOwnerId>:
1000056c:	4b09      	ldr	r3, [pc, #36]	@ (10000594 <ulPortLockGetCurrentOwnerId+0x28>)
1000056e:	781b      	ldrb	r3, [r3, #0]
10000570:	2bff      	cmp	r3, #255	@ 0xff
10000572:	d00b      	beq.n	1000058c <ulPortLockGetCurrentOwnerId+0x20>
10000574:	f3ef 8305 	mrs	r3, IPSR
10000578:	b2db      	uxtb	r3, r3
1000057a:	b12b      	cbz	r3, 10000588 <ulPortLockGetCurrentOwnerId+0x1c>
1000057c:	f04f 4250 	mov.w	r2, #3489660928	@ 0xd0000000
10000580:	6810      	ldr	r0, [r2, #0]
10000582:	eb00 0043 	add.w	r0, r0, r3, lsl #1
10000586:	4770      	bx	lr
10000588:	f001 bdd0 	b.w	1000212c <xTaskGetCurrentTaskHandle>
1000058c:	f04f 4350 	mov.w	r3, #3489660928	@ 0xd0000000
10000590:	6818      	ldr	r0, [r3, #0]
10000592:	4770      	bx	lr
10000594:	20001209 	.word	0x20001209

10000598 <vPortLockInternalSpinUnlockWithNotify>:
10000598:	b510      	push	{r4, lr}
1000059a:	4b1f      	ldr	r3, [pc, #124]	@ (10000618 <vPortLockInternalSpinUnlockWithNotify+0x80>)
1000059c:	468e      	mov	lr, r1
1000059e:	781b      	ldrb	r3, [r3, #0]
100005a0:	b082      	sub	sp, #8
100005a2:	2bff      	cmp	r3, #255	@ 0xff
100005a4:	d02e      	beq.n	10000604 <vPortLockInternalSpinUnlockWithNotify+0x6c>
100005a6:	f04f 0c01 	mov.w	ip, #1
100005aa:	6802      	ldr	r2, [r0, #0]
100005ac:	4b1b      	ldr	r3, [pc, #108]	@ (1000061c <vPortLockInternalSpinUnlockWithNotify+0x84>)
100005ae:	1ad2      	subs	r2, r2, r3
100005b0:	4b1b      	ldr	r3, [pc, #108]	@ (10000620 <vPortLockInternalSpinUnlockWithNotify+0x88>)
100005b2:	fba3 1302 	umull	r1, r3, r3, r2
100005b6:	091b      	lsrs	r3, r3, #4
100005b8:	eb03 0343 	add.w	r3, r3, r3, lsl #1
100005bc:	eba2 02c3 	sub.w	r2, r2, r3, lsl #3
100005c0:	fa0c f102 	lsl.w	r1, ip, r2
100005c4:	bf40      	sev
100005c6:	2400      	movs	r4, #0
100005c8:	6803      	ldr	r3, [r0, #0]
100005ca:	e8c3 4f8f 	stlb	r4, [r3]
100005ce:	f38e 8810 	msr	PRIMASK, lr
100005d2:	f3ef 8305 	mrs	r3, IPSR
100005d6:	4a13      	ldr	r2, [pc, #76]	@ (10000624 <vPortLockInternalSpinUnlockWithNotify+0x8c>)
100005d8:	b2db      	uxtb	r3, r3
100005da:	6810      	ldr	r0, [r2, #0]
100005dc:	b923      	cbnz	r3, 100005e8 <vPortLockInternalSpinUnlockWithNotify+0x50>
100005de:	b002      	add	sp, #8
100005e0:	e8bd 4010 	ldmia.w	sp!, {r4, lr}
100005e4:	f000 b9dc 	b.w	100009a0 <xEventGroupSetBits>
100005e8:	aa01      	add	r2, sp, #4
100005ea:	9401      	str	r4, [sp, #4]
100005ec:	f000 fa0c 	bl	10000a08 <xEventGroupSetBitsFromISR>
100005f0:	9b01      	ldr	r3, [sp, #4]
100005f2:	b12b      	cbz	r3, 10000600 <vPortLockInternalSpinUnlockWithNotify+0x68>
100005f4:	f04f 23e0 	mov.w	r3, #3758153728	@ 0xe000e000
100005f8:	f04f 5280 	mov.w	r2, #268435456	@ 0x10000000
100005fc:	f8c3 2d04 	str.w	r2, [r3, #3332]	@ 0xd04
10000600:	b002      	add	sp, #8
10000602:	bd10      	pop	{r4, pc}
10000604:	bf40      	sev
10000606:	2300      	movs	r3, #0
10000608:	6802      	ldr	r2, [r0, #0]
1000060a:	e8c2 3f8f 	stlb	r3, [r2]
1000060e:	f381 8810 	msr	PRIMASK, r1
10000612:	b002      	add	sp, #8
10000614:	bd10      	pop	{r4, pc}
10000616:	bf00      	nop
10000618:	20001209 	.word	0x20001209
1000061c:	20001624 	.word	0x20001624
10000620:	aaaaaaab 	.word	0xaaaaaaab
10000624:	20022230 	.word	0x20022230

10000628 <xPortLockInternalSpinUnlockWithBestEffortWaitOrTimeout>:
10000628:	e92d 41f0 	stmdb	sp!, {r4, r5, r6, r7, r8, lr}
1000062c:	4c36      	ldr	r4, [pc, #216]	@ (10000708 <xPortLockInternalSpinUnlockWithBestEffortWaitOrTimeout+0xe0>)
1000062e:	4606      	mov	r6, r0
10000630:	f894 c000 	ldrb.w	ip, [r4]
10000634:	460f      	mov	r7, r1
10000636:	f1bc 0fff 	cmp.w	ip, #255	@ 0xff
1000063a:	4614      	mov	r4, r2
1000063c:	461d      	mov	r5, r3
1000063e:	b082      	sub	sp, #8
10000640:	d050      	beq.n	100006e4 <xPortLockInternalSpinUnlockWithBestEffortWaitOrTimeout+0xbc>
10000642:	f003 fb9b 	bl	10003d7c <time_us_64>
10000646:	f240 33e7 	movw	r3, #999	@ 0x3e7
1000064a:	ebb4 0c00 	subs.w	ip, r4, r0
1000064e:	eb65 0101 	sbc.w	r1, r5, r1
10000652:	eb1c 0003 	adds.w	r0, ip, r3
10000656:	f141 0100 	adc.w	r1, r1, #0
1000065a:	f5b0 7f7a 	cmp.w	r0, #1000	@ 0x3e8
1000065e:	f171 0300 	sbcs.w	r3, r1, #0
10000662:	f8d6 8000 	ldr.w	r8, [r6]
10000666:	da1d      	bge.n	100006a4 <xPortLockInternalSpinUnlockWithBestEffortWaitOrTimeout+0x7c>
10000668:	2300      	movs	r3, #0
1000066a:	e8c8 3f8f 	stlb	r3, [r8]
1000066e:	f387 8810 	msr	PRIMASK, r7
10000672:	4b26      	ldr	r3, [pc, #152]	@ (1000070c <xPortLockInternalSpinUnlockWithBestEffortWaitOrTimeout+0xe4>)
10000674:	6a5a      	ldr	r2, [r3, #36]	@ 0x24
10000676:	4295      	cmp	r5, r2
10000678:	d90d      	bls.n	10000696 <xPortLockInternalSpinUnlockWithBestEffortWaitOrTimeout+0x6e>
1000067a:	f04f 23e0 	mov.w	r3, #3758153728	@ 0xe000e000
1000067e:	f04f 5280 	mov.w	r2, #268435456	@ 0x10000000
10000682:	f8c3 2d04 	str.w	r2, [r3, #3332]	@ 0xd04
10000686:	f3bf 8f4f 	dsb	sy
1000068a:	f3bf 8f6f 	isb	sy
1000068e:	2000      	movs	r0, #0
10000690:	b002      	add	sp, #8
10000692:	e8bd 81f0 	ldmia.w	sp!, {r4, r5, r6, r7, r8, pc}
10000696:	6a9b      	ldr	r3, [r3, #40]	@ 0x28
10000698:	42a3      	cmp	r3, r4
1000069a:	d330      	bcc.n	100006fe <xPortLockInternalSpinUnlockWithBestEffortWaitOrTimeout+0xd6>
1000069c:	2001      	movs	r0, #1
1000069e:	b002      	add	sp, #8
100006a0:	e8bd 81f0 	ldmia.w	sp!, {r4, r5, r6, r7, r8, pc}
100006a4:	f44f 727a 	mov.w	r2, #1000	@ 0x3e8
100006a8:	2300      	movs	r3, #0
100006aa:	f006 fd89 	bl	100071c0 <____aeabi_ldivmod_veneer>
100006ae:	2800      	cmp	r0, #0
100006b0:	d0da      	beq.n	10000668 <xPortLockInternalSpinUnlockWithBestEffortWaitOrTimeout+0x40>
100006b2:	2300      	movs	r3, #0
100006b4:	e8c8 3f8f 	stlb	r3, [r8]
100006b8:	f387 8810 	msr	PRIMASK, r7
100006bc:	2201      	movs	r2, #1
100006be:	9000      	str	r0, [sp, #0]
100006c0:	6831      	ldr	r1, [r6, #0]
100006c2:	4813      	ldr	r0, [pc, #76]	@ (10000710 <xPortLockInternalSpinUnlockWithBestEffortWaitOrTimeout+0xe8>)
100006c4:	1a09      	subs	r1, r1, r0
100006c6:	4813      	ldr	r0, [pc, #76]	@ (10000714 <xPortLockInternalSpinUnlockWithBestEffortWaitOrTimeout+0xec>)
100006c8:	fba0 6001 	umull	r6, r0, r0, r1
100006cc:	0900      	lsrs	r0, r0, #4
100006ce:	eb00 0040 	add.w	r0, r0, r0, lsl #1
100006d2:	eba1 01c0 	sub.w	r1, r1, r0, lsl #3
100006d6:	4810      	ldr	r0, [pc, #64]	@ (10000718 <xPortLockInternalSpinUnlockWithBestEffortWaitOrTimeout+0xf0>)
100006d8:	fa02 f101 	lsl.w	r1, r2, r1
100006dc:	6800      	ldr	r0, [r0, #0]
100006de:	f000 f907 	bl	100008f0 <xEventGroupWaitBits>
100006e2:	e7c6      	b.n	10000672 <xPortLockInternalSpinUnlockWithBestEffortWaitOrTimeout+0x4a>
100006e4:	2300      	movs	r3, #0
100006e6:	6802      	ldr	r2, [r0, #0]
100006e8:	e8c2 3f8f 	stlb	r3, [r2]
100006ec:	f381 8810 	msr	PRIMASK, r1
100006f0:	4620      	mov	r0, r4
100006f2:	4629      	mov	r1, r5
100006f4:	b002      	add	sp, #8
100006f6:	e8bd 41f0 	ldmia.w	sp!, {r4, r5, r6, r7, r8, lr}
100006fa:	f003 babb 	b.w	10003c74 <best_effort_wfe_or_timeout>
100006fe:	4295      	cmp	r5, r2
10000700:	d0bb      	beq.n	1000067a <xPortLockInternalSpinUnlockWithBestEffortWaitOrTimeout+0x52>
10000702:	2001      	movs	r0, #1
10000704:	e7cb      	b.n	1000069e <xPortLockInternalSpinUnlockWithBestEffortWaitOrTimeout+0x76>
10000706:	bf00      	nop
10000708:	20001209 	.word	0x20001209
1000070c:	400b0000 	.word	0x400b0000
10000710:	20001624 	.word	0x20001624
10000714:	aaaaaaab 	.word	0xaaaaaaab
10000718:	20022230 	.word	0x20022230

1000071c <prvRuntimeInitializer>:
1000071c:	b508      	push	{r3, lr}
1000071e:	f000 f8d9 	bl	100008d4 <xEventGroupCreate>
10000722:	4b01      	ldr	r3, [pc, #4]	@ (10000728 <prvRuntimeInitializer+0xc>)
10000724:	6018      	str	r0, [r3, #0]
10000726:	bd08      	pop	{r3, pc}
10000728:	20022230 	.word	0x20022230

1000072c <vYieldCore>:
1000072c:	2301      	movs	r3, #1
1000072e:	f04f 4250 	mov.w	r2, #3489660928	@ 0xd0000000
10000732:	4903      	ldr	r1, [pc, #12]	@ (10000740 <vYieldCore+0x14>)
10000734:	f991 1000 	ldrsb.w	r1, [r1]
10000738:	408b      	lsls	r3, r1
1000073a:	f8c2 3180 	str.w	r3, [r2, #384]	@ 0x180
1000073e:	4770      	bx	lr
10000740:	20001208 	.word	0x20001208
	...

10000750 <vRestoreContextOfFirstTask>:
10000750:	a10b      	add	r1, pc, #44	@ (adr r1, 10000780 <ulAsmLocals>)
10000752:	c90c      	ldmia	r1!, {r2, r3}
10000754:	6812      	ldr	r2, [r2, #0]
10000756:	f853 1022 	ldr.w	r1, [r3, r2, lsl #2]
1000075a:	6808      	ldr	r0, [r1, #0]
1000075c:	c806      	ldmia	r0!, {r1, r2}
1000075e:	f381 880b 	msr	PSPLIM, r1
10000762:	2102      	movs	r1, #2
10000764:	f381 8814 	msr	CONTROL, r1
10000768:	3020      	adds	r0, #32
1000076a:	f380 8809 	msr	PSP, r0
1000076e:	f3bf 8f6f 	isb	sy
10000772:	f04f 0000 	mov.w	r0, #0
10000776:	f380 8811 	msr	BASEPRI, r0
1000077a:	4710      	bx	r2
1000077c:	f3af 8000 	nop.w

10000780 <ulAsmLocals>:
10000780:	d0000000 	.word	0xd0000000
10000784:	20001ef4 	.word	0x20001ef4

10000788 <vStartFirstTask>:
10000788:	b662      	cpsie	i
1000078a:	b661      	cpsie	f
1000078c:	f3bf 8f4f 	dsb	sy
10000790:	f3bf 8f6f 	isb	sy
10000794:	df66      	svc	102	@ 0x66
10000796:	bf00      	nop

10000798 <ulSetInterruptMask>:
10000798:	f3ef 8011 	mrs	r0, BASEPRI
1000079c:	f04f 01a0 	mov.w	r1, #160	@ 0xa0
100007a0:	f381 8811 	msr	BASEPRI, r1
100007a4:	f3bf 8f4f 	dsb	sy
100007a8:	f3bf 8f6f 	isb	sy
100007ac:	4770      	bx	lr
100007ae:	bf00      	nop

100007b0 <vClearInterruptMask>:
100007b0:	f380 8811 	msr	BASEPRI, r0
100007b4:	f3bf 8f4f 	dsb	sy
100007b8:	f3bf 8f6f 	isb	sy
100007bc:	4770      	bx	lr
100007be:	bf00      	nop

100007c0 <PendSV_Handler>:
100007c0:	f3ef 8109 	mrs	r1, PSP
100007c4:	f01e 0f10 	tst.w	lr, #16
100007c8:	bf08      	it	eq
100007ca:	ed21 8a10 	vstmdbeq	r1!, {s16-s31}
100007ce:	f3ef 820b 	mrs	r2, PSPLIM
100007d2:	4673      	mov	r3, lr
100007d4:	e921 0ffc 	stmdb	r1!, {r2, r3, r4, r5, r6, r7, r8, r9, sl, fp}
100007d8:	fc55 4408 	dcp_pxmd r4, r5
100007dc:	fc57 6409 	dcp_pymd r6, r7
100007e0:	fc59 840a 	dcp_pefd r8, r9
100007e4:	e901 03f0 	stmdb	r1, {r4, r5, r6, r7, r8, r9}
100007e8:	a019      	add	r0, pc, #100	@ (adr r0, 10000850 <ulAsmLocals2>)
100007ea:	c80c      	ldmia	r0!, {r2, r3}
100007ec:	6810      	ldr	r0, [r2, #0]
100007ee:	f853 3020 	ldr.w	r3, [r3, r0, lsl #2]
100007f2:	6019      	str	r1, [r3, #0]
100007f4:	f04f 01a0 	mov.w	r1, #160	@ 0xa0
100007f8:	f381 8811 	msr	BASEPRI, r1
100007fc:	f3bf 8f4f 	dsb	sy
10000800:	f3bf 8f6f 	isb	sy
10000804:	f001 f99e 	bl	10001b44 <vTaskSwitchContext>
10000808:	f04f 0000 	mov.w	r0, #0
1000080c:	f380 8811 	msr	BASEPRI, r0
10000810:	a10f      	add	r1, pc, #60	@ (adr r1, 10000850 <ulAsmLocals2>)
10000812:	c90c      	ldmia	r1!, {r2, r3}
10000814:	6812      	ldr	r2, [r2, #0]
10000816:	f853 1022 	ldr.w	r1, [r3, r2, lsl #2]
1000081a:	6808      	ldr	r0, [r1, #0]
1000081c:	3818      	subs	r0, #24
1000081e:	e8b0 03f0 	ldmia.w	r0!, {r4, r5, r6, r7, r8, r9}
10000822:	ec45 4400 	dcp_wxmd r4, r5
10000826:	ec47 6401 	dcp_wymd r6, r7
1000082a:	ec49 8402 	dcp_wefd r8, r9
1000082e:	e8b0 0ffc 	ldmia.w	r0!, {r2, r3, r4, r5, r6, r7, r8, r9, sl, fp}
10000832:	f013 0f10 	tst.w	r3, #16
10000836:	bf08      	it	eq
10000838:	ecb0 8a10 	vldmiaeq	r0!, {s16-s31}
1000083c:	f382 880b 	msr	PSPLIM, r2
10000840:	f380 8809 	msr	PSP, r0
10000844:	4718      	bx	r3
10000846:	bf00      	nop
10000848:	f3af 8000 	nop.w
1000084c:	f3af 8000 	nop.w

10000850 <ulAsmLocals2>:
10000850:	d0000000 	.word	0xd0000000
10000854:	20001ef4 	.word	0x20001ef4

10000858 <SVC_Handler>:
10000858:	f01e 0f04 	tst.w	lr, #4
1000085c:	bf0c      	ite	eq
1000085e:	f3ef 8008 	mrseq	r0, MSP
10000862:	f3ef 8009 	mrsne	r0, PSP
10000866:	4901      	ldr	r1, [pc, #4]	@ (1000086c <SVC_Handler+0x14>)
10000868:	4708      	bx	r1
1000086a:	0000      	.short	0x0000
1000086c:	10000465 	.word	0x10000465

10000870 <vEventGroupSetBitsCallback>:
10000870:	e92d 43f8 	stmdb	sp!, {r3, r4, r5, r6, r7, r8, r9, lr}
10000874:	4607      	mov	r7, r0
10000876:	460d      	mov	r5, r1
10000878:	f100 090c 	add.w	r9, r0, #12
1000087c:	f001 f834 	bl	100018e8 <vTaskSuspendAll>
10000880:	683b      	ldr	r3, [r7, #0]
10000882:	693c      	ldr	r4, [r7, #16]
10000884:	432b      	orrs	r3, r5
10000886:	45a1      	cmp	r9, r4
10000888:	603b      	str	r3, [r7, #0]
1000088a:	d01e      	beq.n	100008ca <vEventGroupSetBitsCallback+0x5a>
1000088c:	f04f 0800 	mov.w	r8, #0
10000890:	e009      	b.n	100008a6 <vEventGroupSetBitsCallback+0x36>
10000892:	b136      	cbz	r6, 100008a2 <vEventGroupSetBitsCallback+0x32>
10000894:	01d3      	lsls	r3, r2, #7
10000896:	bf48      	it	mi
10000898:	ea48 0805 	orrmi.w	r8, r8, r5
1000089c:	f001 ff68 	bl	10002770 <vTaskRemoveFromUnorderedEventList>
100008a0:	683b      	ldr	r3, [r7, #0]
100008a2:	45a1      	cmp	r9, r4
100008a4:	d00f      	beq.n	100008c6 <vEventGroupSetBitsCallback+0x56>
100008a6:	4620      	mov	r0, r4
100008a8:	6802      	ldr	r2, [r0, #0]
100008aa:	6864      	ldr	r4, [r4, #4]
100008ac:	f022 457f 	bic.w	r5, r2, #4278190080	@ 0xff000000
100008b0:	f012 6f80 	tst.w	r2, #67108864	@ 0x4000000
100008b4:	f043 7100 	orr.w	r1, r3, #33554432	@ 0x2000000
100008b8:	ea05 0603 	and.w	r6, r5, r3
100008bc:	d0e9      	beq.n	10000892 <vEventGroupSetBitsCallback+0x22>
100008be:	42b5      	cmp	r5, r6
100008c0:	d0e8      	beq.n	10000894 <vEventGroupSetBitsCallback+0x24>
100008c2:	45a1      	cmp	r9, r4
100008c4:	d1ef      	bne.n	100008a6 <vEventGroupSetBitsCallback+0x36>
100008c6:	ea23 0308 	bic.w	r3, r3, r8
100008ca:	603b      	str	r3, [r7, #0]
100008cc:	e8bd 43f8 	ldmia.w	sp!, {r3, r4, r5, r6, r7, r8, r9, lr}
100008d0:	f001 bf12 	b.w	100026f8 <xTaskResumeAll>

100008d4 <xEventGroupCreate>:
100008d4:	b510      	push	{r4, lr}
100008d6:	201c      	movs	r0, #28
100008d8:	f003 fc6e 	bl	100041b8 <pvPortMalloc>
100008dc:	4604      	mov	r4, r0
100008de:	b120      	cbz	r0, 100008ea <xEventGroupCreate+0x16>
100008e0:	2300      	movs	r3, #0
100008e2:	f840 3b04 	str.w	r3, [r0], #4
100008e6:	f000 f89d 	bl	10000a24 <vListInitialise>
100008ea:	4620      	mov	r0, r4
100008ec:	bd10      	pop	{r4, pc}
100008ee:	bf00      	nop

100008f0 <xEventGroupWaitBits>:
100008f0:	e92d 41f0 	stmdb	sp!, {r4, r5, r6, r7, r8, lr}
100008f4:	4680      	mov	r8, r0
100008f6:	460d      	mov	r5, r1
100008f8:	461e      	mov	r6, r3
100008fa:	4617      	mov	r7, r2
100008fc:	f000 fff4 	bl	100018e8 <vTaskSuspendAll>
10000900:	f8d8 4000 	ldr.w	r4, [r8]
10000904:	ea04 0305 	and.w	r3, r4, r5
10000908:	b956      	cbnz	r6, 10000920 <xEventGroupWaitBits+0x30>
1000090a:	b333      	cbz	r3, 1000095a <xEventGroupWaitBits+0x6a>
1000090c:	b33f      	cbz	r7, 1000095e <xEventGroupWaitBits+0x6e>
1000090e:	ea24 0505 	bic.w	r5, r4, r5
10000912:	f8c8 5000 	str.w	r5, [r8]
10000916:	f001 feef 	bl	100026f8 <xTaskResumeAll>
1000091a:	4620      	mov	r0, r4
1000091c:	e8bd 81f0 	ldmia.w	sp!, {r4, r5, r6, r7, r8, pc}
10000920:	429d      	cmp	r5, r3
10000922:	d0f3      	beq.n	1000090c <xEventGroupWaitBits+0x1c>
10000924:	9b06      	ldr	r3, [sp, #24]
10000926:	b1d3      	cbz	r3, 1000095e <xEventGroupWaitBits+0x6e>
10000928:	1e39      	subs	r1, r7, #0
1000092a:	bf18      	it	ne
1000092c:	2101      	movne	r1, #1
1000092e:	461a      	mov	r2, r3
10000930:	0609      	lsls	r1, r1, #24
10000932:	f041 6180 	orr.w	r1, r1, #67108864	@ 0x4000000
10000936:	4329      	orrs	r1, r5
10000938:	f108 0004 	add.w	r0, r8, #4
1000093c:	f001 fae2 	bl	10001f04 <vTaskPlaceOnUnorderedEventList>
10000940:	f001 feda 	bl	100026f8 <xTaskResumeAll>
10000944:	b330      	cbz	r0, 10000994 <xEventGroupWaitBits+0xa4>
10000946:	f002 f877 	bl	10002a38 <uxTaskResetEventItemValue>
1000094a:	0183      	lsls	r3, r0, #6
1000094c:	4604      	mov	r4, r0
1000094e:	d511      	bpl.n	10000974 <xEventGroupWaitBits+0x84>
10000950:	f024 447f 	bic.w	r4, r4, #4278190080	@ 0xff000000
10000954:	4620      	mov	r0, r4
10000956:	e8bd 81f0 	ldmia.w	sp!, {r4, r5, r6, r7, r8, pc}
1000095a:	9b06      	ldr	r3, [sp, #24]
1000095c:	b923      	cbnz	r3, 10000968 <xEventGroupWaitBits+0x78>
1000095e:	f001 fecb 	bl	100026f8 <xTaskResumeAll>
10000962:	4620      	mov	r0, r4
10000964:	e8bd 81f0 	ldmia.w	sp!, {r4, r5, r6, r7, r8, pc}
10000968:	1e39      	subs	r1, r7, #0
1000096a:	bf18      	it	ne
1000096c:	2101      	movne	r1, #1
1000096e:	461a      	mov	r2, r3
10000970:	0609      	lsls	r1, r1, #24
10000972:	e7e0      	b.n	10000936 <xEventGroupWaitBits+0x46>
10000974:	f001 fc5a 	bl	1000222c <vTaskEnterCritical>
10000978:	f8d8 4000 	ldr.w	r4, [r8]
1000097c:	ea05 0304 	and.w	r3, r5, r4
10000980:	b95e      	cbnz	r6, 1000099a <xEventGroupWaitBits+0xaa>
10000982:	b123      	cbz	r3, 1000098e <xEventGroupWaitBits+0x9e>
10000984:	b11f      	cbz	r7, 1000098e <xEventGroupWaitBits+0x9e>
10000986:	ea24 0505 	bic.w	r5, r4, r5
1000098a:	f8c8 5000 	str.w	r5, [r8]
1000098e:	f001 ffd5 	bl	1000293c <vTaskExitCritical>
10000992:	e7dd      	b.n	10000950 <xEventGroupWaitBits+0x60>
10000994:	f001 fc38 	bl	10002208 <vTaskYieldWithinAPI>
10000998:	e7d5      	b.n	10000946 <xEventGroupWaitBits+0x56>
1000099a:	42ab      	cmp	r3, r5
1000099c:	d1f7      	bne.n	1000098e <xEventGroupWaitBits+0x9e>
1000099e:	e7f1      	b.n	10000984 <xEventGroupWaitBits+0x94>

100009a0 <xEventGroupSetBits>:
100009a0:	e92d 43f8 	stmdb	sp!, {r3, r4, r5, r6, r7, r8, r9, lr}
100009a4:	4607      	mov	r7, r0
100009a6:	460d      	mov	r5, r1
100009a8:	f100 090c 	add.w	r9, r0, #12
100009ac:	f000 ff9c 	bl	100018e8 <vTaskSuspendAll>
100009b0:	683b      	ldr	r3, [r7, #0]
100009b2:	693c      	ldr	r4, [r7, #16]
100009b4:	432b      	orrs	r3, r5
100009b6:	45a1      	cmp	r9, r4
100009b8:	603b      	str	r3, [r7, #0]
100009ba:	d01e      	beq.n	100009fa <xEventGroupSetBits+0x5a>
100009bc:	f04f 0800 	mov.w	r8, #0
100009c0:	e009      	b.n	100009d6 <xEventGroupSetBits+0x36>
100009c2:	b136      	cbz	r6, 100009d2 <xEventGroupSetBits+0x32>
100009c4:	01d3      	lsls	r3, r2, #7
100009c6:	bf48      	it	mi
100009c8:	ea48 0805 	orrmi.w	r8, r8, r5
100009cc:	f001 fed0 	bl	10002770 <vTaskRemoveFromUnorderedEventList>
100009d0:	683b      	ldr	r3, [r7, #0]
100009d2:	45a1      	cmp	r9, r4
100009d4:	d00f      	beq.n	100009f6 <xEventGroupSetBits+0x56>
100009d6:	4620      	mov	r0, r4
100009d8:	6802      	ldr	r2, [r0, #0]
100009da:	6864      	ldr	r4, [r4, #4]
100009dc:	f022 457f 	bic.w	r5, r2, #4278190080	@ 0xff000000
100009e0:	f012 6f80 	tst.w	r2, #67108864	@ 0x4000000
100009e4:	f043 7100 	orr.w	r1, r3, #33554432	@ 0x2000000
100009e8:	ea05 0603 	and.w	r6, r5, r3
100009ec:	d0e9      	beq.n	100009c2 <xEventGroupSetBits+0x22>
100009ee:	42b5      	cmp	r5, r6
100009f0:	d0e8      	beq.n	100009c4 <xEventGroupSetBits+0x24>
100009f2:	45a1      	cmp	r9, r4
100009f4:	d1ef      	bne.n	100009d6 <xEventGroupSetBits+0x36>
100009f6:	ea23 0308 	bic.w	r3, r3, r8
100009fa:	603b      	str	r3, [r7, #0]
100009fc:	f001 fe7c 	bl	100026f8 <xTaskResumeAll>
10000a00:	6838      	ldr	r0, [r7, #0]
10000a02:	e8bd 83f8 	ldmia.w	sp!, {r3, r4, r5, r6, r7, r8, r9, pc}
10000a06:	bf00      	nop

10000a08 <xEventGroupSetBitsFromISR>:
10000a08:	468c      	mov	ip, r1
10000a0a:	b500      	push	{lr}
10000a0c:	4686      	mov	lr, r0
10000a0e:	4613      	mov	r3, r2
10000a10:	4671      	mov	r1, lr
10000a12:	4662      	mov	r2, ip
10000a14:	4802      	ldr	r0, [pc, #8]	@ (10000a20 <xEventGroupSetBitsFromISR+0x18>)
10000a16:	f85d eb04 	ldr.w	lr, [sp], #4
10000a1a:	f002 ba1d 	b.w	10002e58 <xTimerPendFunctionCallFromISR>
10000a1e:	bf00      	nop
10000a20:	10000871 	.word	0x10000871

10000a24 <vListInitialise>:
10000a24:	f04f 31ff 	mov.w	r1, #4294967295	@ 0xffffffff
10000a28:	2200      	movs	r2, #0
10000a2a:	f100 0308 	add.w	r3, r0, #8
10000a2e:	e9c0 3101 	strd	r3, r1, [r0, #4]
10000a32:	e9c0 3303 	strd	r3, r3, [r0, #12]
10000a36:	6002      	str	r2, [r0, #0]
10000a38:	4770      	bx	lr
10000a3a:	bf00      	nop

10000a3c <vListInitialiseItem>:
10000a3c:	2300      	movs	r3, #0
10000a3e:	6103      	str	r3, [r0, #16]
10000a40:	4770      	bx	lr
10000a42:	bf00      	nop

10000a44 <vListInsertEnd>:
10000a44:	b410      	push	{r4}
10000a46:	e9d0 3200 	ldrd	r3, r2, [r0]
10000a4a:	6894      	ldr	r4, [r2, #8]
10000a4c:	3301      	adds	r3, #1
10000a4e:	e9c1 2401 	strd	r2, r4, [r1, #4]
10000a52:	6061      	str	r1, [r4, #4]
10000a54:	6091      	str	r1, [r2, #8]
10000a56:	f85d 4b04 	ldr.w	r4, [sp], #4
10000a5a:	6108      	str	r0, [r1, #16]
10000a5c:	6003      	str	r3, [r0, #0]
10000a5e:	4770      	bx	lr

10000a60 <vListInsert>:
10000a60:	b430      	push	{r4, r5}
10000a62:	680d      	ldr	r5, [r1, #0]
10000a64:	1c6b      	adds	r3, r5, #1
10000a66:	d010      	beq.n	10000a8a <vListInsert+0x2a>
10000a68:	f100 0308 	add.w	r3, r0, #8
10000a6c:	461c      	mov	r4, r3
10000a6e:	685b      	ldr	r3, [r3, #4]
10000a70:	681a      	ldr	r2, [r3, #0]
10000a72:	42aa      	cmp	r2, r5
10000a74:	d9fa      	bls.n	10000a6c <vListInsert+0xc>
10000a76:	6802      	ldr	r2, [r0, #0]
10000a78:	604b      	str	r3, [r1, #4]
10000a7a:	3201      	adds	r2, #1
10000a7c:	6099      	str	r1, [r3, #8]
10000a7e:	608c      	str	r4, [r1, #8]
10000a80:	6061      	str	r1, [r4, #4]
10000a82:	6108      	str	r0, [r1, #16]
10000a84:	bc30      	pop	{r4, r5}
10000a86:	6002      	str	r2, [r0, #0]
10000a88:	4770      	bx	lr
10000a8a:	6904      	ldr	r4, [r0, #16]
10000a8c:	6863      	ldr	r3, [r4, #4]
10000a8e:	e7f2      	b.n	10000a76 <vListInsert+0x16>

10000a90 <uxListRemove>:
10000a90:	4603      	mov	r3, r0
10000a92:	6902      	ldr	r2, [r0, #16]
10000a94:	b410      	push	{r4}
10000a96:	6854      	ldr	r4, [r2, #4]
10000a98:	6840      	ldr	r0, [r0, #4]
10000a9a:	6899      	ldr	r1, [r3, #8]
10000a9c:	429c      	cmp	r4, r3
10000a9e:	6081      	str	r1, [r0, #8]
10000aa0:	6048      	str	r0, [r1, #4]
10000aa2:	bf08      	it	eq
10000aa4:	6051      	streq	r1, [r2, #4]
10000aa6:	2100      	movs	r1, #0
10000aa8:	6810      	ldr	r0, [r2, #0]
10000aaa:	f85d 4b04 	ldr.w	r4, [sp], #4
10000aae:	3801      	subs	r0, #1
10000ab0:	6119      	str	r1, [r3, #16]
10000ab2:	6010      	str	r0, [r2, #0]
10000ab4:	4770      	bx	lr
10000ab6:	bf00      	nop

10000ab8 <prvCopyDataToQueue>:
10000ab8:	b570      	push	{r4, r5, r6, lr}
10000aba:	4616      	mov	r6, r2
10000abc:	6c02      	ldr	r2, [r0, #64]	@ 0x40
10000abe:	4604      	mov	r4, r0
10000ac0:	6b85      	ldr	r5, [r0, #56]	@ 0x38
10000ac2:	b92a      	cbnz	r2, 10000ad0 <prvCopyDataToQueue+0x18>
10000ac4:	6806      	ldr	r6, [r0, #0]
10000ac6:	3501      	adds	r5, #1
10000ac8:	b34e      	cbz	r6, 10000b1e <prvCopyDataToQueue+0x66>
10000aca:	4610      	mov	r0, r2
10000acc:	63a5      	str	r5, [r4, #56]	@ 0x38
10000ace:	bd70      	pop	{r4, r5, r6, pc}
10000ad0:	b98e      	cbnz	r6, 10000af6 <prvCopyDataToQueue+0x3e>
10000ad2:	6840      	ldr	r0, [r0, #4]
10000ad4:	f006 fab8 	bl	10007048 <memcpy>
10000ad8:	6863      	ldr	r3, [r4, #4]
10000ada:	6c21      	ldr	r1, [r4, #64]	@ 0x40
10000adc:	68a2      	ldr	r2, [r4, #8]
10000ade:	440b      	add	r3, r1
10000ae0:	4293      	cmp	r3, r2
10000ae2:	6063      	str	r3, [r4, #4]
10000ae4:	bf28      	it	cs
10000ae6:	6823      	ldrcs	r3, [r4, #0]
10000ae8:	f105 0501 	add.w	r5, r5, #1
10000aec:	bf28      	it	cs
10000aee:	6063      	strcs	r3, [r4, #4]
10000af0:	2000      	movs	r0, #0
10000af2:	63a5      	str	r5, [r4, #56]	@ 0x38
10000af4:	bd70      	pop	{r4, r5, r6, pc}
10000af6:	68c0      	ldr	r0, [r0, #12]
10000af8:	f006 faa6 	bl	10007048 <memcpy>
10000afc:	6c22      	ldr	r2, [r4, #64]	@ 0x40
10000afe:	68e3      	ldr	r3, [r4, #12]
10000b00:	4251      	negs	r1, r2
10000b02:	1a9b      	subs	r3, r3, r2
10000b04:	6822      	ldr	r2, [r4, #0]
10000b06:	60e3      	str	r3, [r4, #12]
10000b08:	4293      	cmp	r3, r2
10000b0a:	d202      	bcs.n	10000b12 <prvCopyDataToQueue+0x5a>
10000b0c:	68a3      	ldr	r3, [r4, #8]
10000b0e:	440b      	add	r3, r1
10000b10:	60e3      	str	r3, [r4, #12]
10000b12:	2e02      	cmp	r6, #2
10000b14:	d008      	beq.n	10000b28 <prvCopyDataToQueue+0x70>
10000b16:	3501      	adds	r5, #1
10000b18:	2000      	movs	r0, #0
10000b1a:	63a5      	str	r5, [r4, #56]	@ 0x38
10000b1c:	bd70      	pop	{r4, r5, r6, pc}
10000b1e:	6880      	ldr	r0, [r0, #8]
10000b20:	f001 fb14 	bl	1000214c <xTaskPriorityDisinherit>
10000b24:	60a6      	str	r6, [r4, #8]
10000b26:	e7d1      	b.n	10000acc <prvCopyDataToQueue+0x14>
10000b28:	2d01      	cmp	r5, #1
10000b2a:	bf38      	it	cc
10000b2c:	2501      	movcc	r5, #1
10000b2e:	e7df      	b.n	10000af0 <prvCopyDataToQueue+0x38>

10000b30 <prvUnlockQueue>:
10000b30:	e92d 43f0 	stmdb	sp!, {r4, r5, r6, r7, r8, r9, lr}
10000b34:	4606      	mov	r6, r0
10000b36:	b085      	sub	sp, #20
10000b38:	f001 fb78 	bl	1000222c <vTaskEnterCritical>
10000b3c:	f896 3045 	ldrb.w	r3, [r6, #69]	@ 0x45
10000b40:	b25d      	sxtb	r5, r3
10000b42:	2d00      	cmp	r5, #0
10000b44:	dd1c      	ble.n	10000b80 <prvUnlockQueue+0x50>
10000b46:	f106 0724 	add.w	r7, r6, #36	@ 0x24
10000b4a:	e008      	b.n	10000b5e <prvUnlockQueue+0x2e>
10000b4c:	6ba2      	ldr	r2, [r4, #56]	@ 0x38
10000b4e:	6be3      	ldr	r3, [r4, #60]	@ 0x3c
10000b50:	9603      	str	r6, [sp, #12]
10000b52:	429a      	cmp	r2, r3
10000b54:	d33d      	bcc.n	10000bd2 <prvUnlockQueue+0xa2>
10000b56:	1e6b      	subs	r3, r5, #1
10000b58:	b2da      	uxtb	r2, r3
10000b5a:	b25d      	sxtb	r5, r3
10000b5c:	b182      	cbz	r2, 10000b80 <prvUnlockQueue+0x50>
10000b5e:	6cb4      	ldr	r4, [r6, #72]	@ 0x48
10000b60:	2c00      	cmp	r4, #0
10000b62:	d1f3      	bne.n	10000b4c <prvUnlockQueue+0x1c>
10000b64:	6a73      	ldr	r3, [r6, #36]	@ 0x24
10000b66:	b15b      	cbz	r3, 10000b80 <prvUnlockQueue+0x50>
10000b68:	4638      	mov	r0, r7
10000b6a:	f001 fa69 	bl	10002040 <xTaskRemoveFromEventList>
10000b6e:	2800      	cmp	r0, #0
10000b70:	d0f1      	beq.n	10000b56 <prvUnlockQueue+0x26>
10000b72:	f001 fad1 	bl	10002118 <vTaskMissedYield>
10000b76:	1e6b      	subs	r3, r5, #1
10000b78:	b2da      	uxtb	r2, r3
10000b7a:	b25d      	sxtb	r5, r3
10000b7c:	2a00      	cmp	r2, #0
10000b7e:	d1ee      	bne.n	10000b5e <prvUnlockQueue+0x2e>
10000b80:	23ff      	movs	r3, #255	@ 0xff
10000b82:	f886 3045 	strb.w	r3, [r6, #69]	@ 0x45
10000b86:	f001 fed9 	bl	1000293c <vTaskExitCritical>
10000b8a:	f001 fb4f 	bl	1000222c <vTaskEnterCritical>
10000b8e:	f896 3044 	ldrb.w	r3, [r6, #68]	@ 0x44
10000b92:	b25c      	sxtb	r4, r3
10000b94:	2c00      	cmp	r4, #0
10000b96:	dd14      	ble.n	10000bc2 <prvUnlockQueue+0x92>
10000b98:	f106 0510 	add.w	r5, r6, #16
10000b9c:	e003      	b.n	10000ba6 <prvUnlockQueue+0x76>
10000b9e:	1e63      	subs	r3, r4, #1
10000ba0:	b2da      	uxtb	r2, r3
10000ba2:	b25c      	sxtb	r4, r3
10000ba4:	b16a      	cbz	r2, 10000bc2 <prvUnlockQueue+0x92>
10000ba6:	6933      	ldr	r3, [r6, #16]
10000ba8:	b15b      	cbz	r3, 10000bc2 <prvUnlockQueue+0x92>
10000baa:	4628      	mov	r0, r5
10000bac:	f001 fa48 	bl	10002040 <xTaskRemoveFromEventList>
10000bb0:	2800      	cmp	r0, #0
10000bb2:	d0f4      	beq.n	10000b9e <prvUnlockQueue+0x6e>
10000bb4:	f001 fab0 	bl	10002118 <vTaskMissedYield>
10000bb8:	1e63      	subs	r3, r4, #1
10000bba:	b2da      	uxtb	r2, r3
10000bbc:	b25c      	sxtb	r4, r3
10000bbe:	2a00      	cmp	r2, #0
10000bc0:	d1f1      	bne.n	10000ba6 <prvUnlockQueue+0x76>
10000bc2:	23ff      	movs	r3, #255	@ 0xff
10000bc4:	f886 3044 	strb.w	r3, [r6, #68]	@ 0x44
10000bc8:	b005      	add	sp, #20
10000bca:	e8bd 43f0 	ldmia.w	sp!, {r4, r5, r6, r7, r8, r9, lr}
10000bce:	f001 beb5 	b.w	1000293c <vTaskExitCritical>
10000bd2:	f894 8045 	ldrb.w	r8, [r4, #69]	@ 0x45
10000bd6:	6c22      	ldr	r2, [r4, #64]	@ 0x40
10000bd8:	6ba3      	ldr	r3, [r4, #56]	@ 0x38
10000bda:	fa4f f888 	sxtb.w	r8, r8
10000bde:	f103 0901 	add.w	r9, r3, #1
10000be2:	b99a      	cbnz	r2, 10000c0c <prvUnlockQueue+0xdc>
10000be4:	6823      	ldr	r3, [r4, #0]
10000be6:	2b00      	cmp	r3, #0
10000be8:	d03f      	beq.n	10000c6a <prvUnlockQueue+0x13a>
10000bea:	f1b8 3fff 	cmp.w	r8, #4294967295	@ 0xffffffff
10000bee:	f8c4 9038 	str.w	r9, [r4, #56]	@ 0x38
10000bf2:	d12e      	bne.n	10000c52 <prvUnlockQueue+0x122>
10000bf4:	6a63      	ldr	r3, [r4, #36]	@ 0x24
10000bf6:	2b00      	cmp	r3, #0
10000bf8:	d0ad      	beq.n	10000b56 <prvUnlockQueue+0x26>
10000bfa:	f104 0024 	add.w	r0, r4, #36	@ 0x24
10000bfe:	f001 fa1f 	bl	10002040 <xTaskRemoveFromEventList>
10000c02:	2800      	cmp	r0, #0
10000c04:	d0a7      	beq.n	10000b56 <prvUnlockQueue+0x26>
10000c06:	f001 fa87 	bl	10002118 <vTaskMissedYield>
10000c0a:	e7b4      	b.n	10000b76 <prvUnlockQueue+0x46>
10000c0c:	6860      	ldr	r0, [r4, #4]
10000c0e:	a903      	add	r1, sp, #12
10000c10:	f006 fa1a 	bl	10007048 <memcpy>
10000c14:	6863      	ldr	r3, [r4, #4]
10000c16:	6c22      	ldr	r2, [r4, #64]	@ 0x40
10000c18:	f8c4 9038 	str.w	r9, [r4, #56]	@ 0x38
10000c1c:	4413      	add	r3, r2
10000c1e:	68a2      	ldr	r2, [r4, #8]
10000c20:	6063      	str	r3, [r4, #4]
10000c22:	4293      	cmp	r3, r2
10000c24:	d30e      	bcc.n	10000c44 <prvUnlockQueue+0x114>
10000c26:	6823      	ldr	r3, [r4, #0]
10000c28:	f1b8 3fff 	cmp.w	r8, #4294967295	@ 0xffffffff
10000c2c:	6063      	str	r3, [r4, #4]
10000c2e:	d0e1      	beq.n	10000bf4 <prvUnlockQueue+0xc4>
10000c30:	f000 fe68 	bl	10001904 <uxTaskGetNumberOfTasks>
10000c34:	4540      	cmp	r0, r8
10000c36:	d98e      	bls.n	10000b56 <prvUnlockQueue+0x26>
10000c38:	f108 0301 	add.w	r3, r8, #1
10000c3c:	b25b      	sxtb	r3, r3
10000c3e:	f884 3045 	strb.w	r3, [r4, #69]	@ 0x45
10000c42:	e788      	b.n	10000b56 <prvUnlockQueue+0x26>
10000c44:	f1b8 3fff 	cmp.w	r8, #4294967295	@ 0xffffffff
10000c48:	d1f2      	bne.n	10000c30 <prvUnlockQueue+0x100>
10000c4a:	6a63      	ldr	r3, [r4, #36]	@ 0x24
10000c4c:	2b00      	cmp	r3, #0
10000c4e:	d082      	beq.n	10000b56 <prvUnlockQueue+0x26>
10000c50:	e7d3      	b.n	10000bfa <prvUnlockQueue+0xca>
10000c52:	f000 fe57 	bl	10001904 <uxTaskGetNumberOfTasks>
10000c56:	4580      	cmp	r8, r0
10000c58:	f4bf af7d 	bcs.w	10000b56 <prvUnlockQueue+0x26>
10000c5c:	f108 0801 	add.w	r8, r8, #1
10000c60:	fa4f f888 	sxtb.w	r8, r8
10000c64:	f884 8045 	strb.w	r8, [r4, #69]	@ 0x45
10000c68:	e775      	b.n	10000b56 <prvUnlockQueue+0x26>
10000c6a:	68a0      	ldr	r0, [r4, #8]
10000c6c:	9301      	str	r3, [sp, #4]
10000c6e:	f001 fa6d 	bl	1000214c <xTaskPriorityDisinherit>
10000c72:	9b01      	ldr	r3, [sp, #4]
10000c74:	f1b8 3fff 	cmp.w	r8, #4294967295	@ 0xffffffff
10000c78:	f8c4 9038 	str.w	r9, [r4, #56]	@ 0x38
10000c7c:	60a3      	str	r3, [r4, #8]
10000c7e:	4681      	mov	r9, r0
10000c80:	d108      	bne.n	10000c94 <prvUnlockQueue+0x164>
10000c82:	6a63      	ldr	r3, [r4, #36]	@ 0x24
10000c84:	b99b      	cbnz	r3, 10000cae <prvUnlockQueue+0x17e>
10000c86:	f1b9 0f00 	cmp.w	r9, #0
10000c8a:	f43f af64 	beq.w	10000b56 <prvUnlockQueue+0x26>
10000c8e:	f001 fa43 	bl	10002118 <vTaskMissedYield>
10000c92:	e770      	b.n	10000b76 <prvUnlockQueue+0x46>
10000c94:	f000 fe36 	bl	10001904 <uxTaskGetNumberOfTasks>
10000c98:	4540      	cmp	r0, r8
10000c9a:	d9f4      	bls.n	10000c86 <prvUnlockQueue+0x156>
10000c9c:	f108 0301 	add.w	r3, r8, #1
10000ca0:	b25b      	sxtb	r3, r3
10000ca2:	f884 3045 	strb.w	r3, [r4, #69]	@ 0x45
10000ca6:	f1b9 0f00 	cmp.w	r9, #0
10000caa:	d1f0      	bne.n	10000c8e <prvUnlockQueue+0x15e>
10000cac:	e753      	b.n	10000b56 <prvUnlockQueue+0x26>
10000cae:	f104 0024 	add.w	r0, r4, #36	@ 0x24
10000cb2:	f001 f9c5 	bl	10002040 <xTaskRemoveFromEventList>
10000cb6:	2800      	cmp	r0, #0
10000cb8:	f47f af5b 	bne.w	10000b72 <prvUnlockQueue+0x42>
10000cbc:	e7e3      	b.n	10000c86 <prvUnlockQueue+0x156>
10000cbe:	bf00      	nop

10000cc0 <prvNotifyQueueSetContainer>:
10000cc0:	b5f0      	push	{r4, r5, r6, r7, lr}
10000cc2:	6c84      	ldr	r4, [r0, #72]	@ 0x48
10000cc4:	b083      	sub	sp, #12
10000cc6:	6ba2      	ldr	r2, [r4, #56]	@ 0x38
10000cc8:	6be3      	ldr	r3, [r4, #60]	@ 0x3c
10000cca:	9001      	str	r0, [sp, #4]
10000ccc:	429a      	cmp	r2, r3
10000cce:	d303      	bcc.n	10000cd8 <prvNotifyQueueSetContainer+0x18>
10000cd0:	2500      	movs	r5, #0
10000cd2:	4628      	mov	r0, r5
10000cd4:	b003      	add	sp, #12
10000cd6:	bdf0      	pop	{r4, r5, r6, r7, pc}
10000cd8:	f894 6045 	ldrb.w	r6, [r4, #69]	@ 0x45
10000cdc:	6c22      	ldr	r2, [r4, #64]	@ 0x40
10000cde:	6ba7      	ldr	r7, [r4, #56]	@ 0x38
10000ce0:	b276      	sxtb	r6, r6
10000ce2:	b1e2      	cbz	r2, 10000d1e <prvNotifyQueueSetContainer+0x5e>
10000ce4:	6860      	ldr	r0, [r4, #4]
10000ce6:	a901      	add	r1, sp, #4
10000ce8:	f006 f9ae 	bl	10007048 <memcpy>
10000cec:	6862      	ldr	r2, [r4, #4]
10000cee:	6c23      	ldr	r3, [r4, #64]	@ 0x40
10000cf0:	441a      	add	r2, r3
10000cf2:	68a3      	ldr	r3, [r4, #8]
10000cf4:	6062      	str	r2, [r4, #4]
10000cf6:	429a      	cmp	r2, r3
10000cf8:	d301      	bcc.n	10000cfe <prvNotifyQueueSetContainer+0x3e>
10000cfa:	6823      	ldr	r3, [r4, #0]
10000cfc:	6063      	str	r3, [r4, #4]
10000cfe:	2500      	movs	r5, #0
10000d00:	3701      	adds	r7, #1
10000d02:	1c73      	adds	r3, r6, #1
10000d04:	63a7      	str	r7, [r4, #56]	@ 0x38
10000d06:	d113      	bne.n	10000d30 <prvNotifyQueueSetContainer+0x70>
10000d08:	6a63      	ldr	r3, [r4, #36]	@ 0x24
10000d0a:	2b00      	cmp	r3, #0
10000d0c:	d0e1      	beq.n	10000cd2 <prvNotifyQueueSetContainer+0x12>
10000d0e:	f104 0024 	add.w	r0, r4, #36	@ 0x24
10000d12:	f001 f995 	bl	10002040 <xTaskRemoveFromEventList>
10000d16:	2800      	cmp	r0, #0
10000d18:	bf18      	it	ne
10000d1a:	2501      	movne	r5, #1
10000d1c:	e7d9      	b.n	10000cd2 <prvNotifyQueueSetContainer+0x12>
10000d1e:	6825      	ldr	r5, [r4, #0]
10000d20:	2d00      	cmp	r5, #0
10000d22:	d1ec      	bne.n	10000cfe <prvNotifyQueueSetContainer+0x3e>
10000d24:	68a0      	ldr	r0, [r4, #8]
10000d26:	f001 fa11 	bl	1000214c <xTaskPriorityDisinherit>
10000d2a:	60a5      	str	r5, [r4, #8]
10000d2c:	4605      	mov	r5, r0
10000d2e:	e7e7      	b.n	10000d00 <prvNotifyQueueSetContainer+0x40>
10000d30:	f000 fde8 	bl	10001904 <uxTaskGetNumberOfTasks>
10000d34:	4286      	cmp	r6, r0
10000d36:	d2cc      	bcs.n	10000cd2 <prvNotifyQueueSetContainer+0x12>
10000d38:	3601      	adds	r6, #1
10000d3a:	b276      	sxtb	r6, r6
10000d3c:	f884 6045 	strb.w	r6, [r4, #69]	@ 0x45
10000d40:	e7c7      	b.n	10000cd2 <prvNotifyQueueSetContainer+0x12>
10000d42:	bf00      	nop

10000d44 <xQueueGenericCreate>:
10000d44:	b5f8      	push	{r3, r4, r5, r6, r7, lr}
10000d46:	b3c0      	cbz	r0, 10000dba <xQueueGenericCreate+0x76>
10000d48:	4617      	mov	r7, r2
10000d4a:	fba1 2300 	umull	r2, r3, r1, r0
10000d4e:	4605      	mov	r5, r0
10000d50:	460e      	mov	r6, r1
10000d52:	bb93      	cbnz	r3, 10000dba <xQueueGenericCreate+0x76>
10000d54:	fb01 f000 	mul.w	r0, r1, r0
10000d58:	f110 0f55 	cmn.w	r0, #85	@ 0x55
10000d5c:	d82d      	bhi.n	10000dba <xQueueGenericCreate+0x76>
10000d5e:	3054      	adds	r0, #84	@ 0x54
10000d60:	f003 fa2a 	bl	100041b8 <pvPortMalloc>
10000d64:	4604      	mov	r4, r0
10000d66:	b340      	cbz	r0, 10000dba <xQueueGenericCreate+0x76>
10000d68:	b356      	cbz	r6, 10000dc0 <xQueueGenericCreate+0x7c>
10000d6a:	f100 0354 	add.w	r3, r0, #84	@ 0x54
10000d6e:	e9c4 560f 	strd	r5, r6, [r4, #60]	@ 0x3c
10000d72:	6023      	str	r3, [r4, #0]
10000d74:	f001 fa5a 	bl	1000222c <vTaskEnterCritical>
10000d78:	2500      	movs	r5, #0
10000d7a:	23ff      	movs	r3, #255	@ 0xff
10000d7c:	6c21      	ldr	r1, [r4, #64]	@ 0x40
10000d7e:	63a5      	str	r5, [r4, #56]	@ 0x38
10000d80:	f884 3044 	strb.w	r3, [r4, #68]	@ 0x44
10000d84:	f884 3045 	strb.w	r3, [r4, #69]	@ 0x45
10000d88:	6be3      	ldr	r3, [r4, #60]	@ 0x3c
10000d8a:	6822      	ldr	r2, [r4, #0]
10000d8c:	fb01 f303 	mul.w	r3, r1, r3
10000d90:	1a59      	subs	r1, r3, r1
10000d92:	6062      	str	r2, [r4, #4]
10000d94:	4413      	add	r3, r2
10000d96:	440a      	add	r2, r1
10000d98:	e9c4 3202 	strd	r3, r2, [r4, #8]
10000d9c:	f104 0010 	add.w	r0, r4, #16
10000da0:	f7ff fe40 	bl	10000a24 <vListInitialise>
10000da4:	f104 0024 	add.w	r0, r4, #36	@ 0x24
10000da8:	f7ff fe3c 	bl	10000a24 <vListInitialise>
10000dac:	f001 fdc6 	bl	1000293c <vTaskExitCritical>
10000db0:	f884 7050 	strb.w	r7, [r4, #80]	@ 0x50
10000db4:	4620      	mov	r0, r4
10000db6:	64a5      	str	r5, [r4, #72]	@ 0x48
10000db8:	bdf8      	pop	{r3, r4, r5, r6, r7, pc}
10000dba:	2400      	movs	r4, #0
10000dbc:	4620      	mov	r0, r4
10000dbe:	bdf8      	pop	{r3, r4, r5, r6, r7, pc}
10000dc0:	4603      	mov	r3, r0
10000dc2:	e7d4      	b.n	10000d6e <xQueueGenericCreate+0x2a>

10000dc4 <xQueueGenericSendFromISR>:
10000dc4:	e92d 43f8 	stmdb	sp!, {r3, r4, r5, r6, r7, r8, r9, lr}
10000dc8:	4604      	mov	r4, r0
10000dca:	4690      	mov	r8, r2
10000dcc:	461d      	mov	r5, r3
10000dce:	460f      	mov	r7, r1
10000dd0:	f7ff fbc2 	bl	10000558 <vPortValidateInterruptPriority>
10000dd4:	f001 fd68 	bl	100028a8 <vTaskEnterCriticalFromISR>
10000dd8:	6ba2      	ldr	r2, [r4, #56]	@ 0x38
10000dda:	6be3      	ldr	r3, [r4, #60]	@ 0x3c
10000ddc:	4606      	mov	r6, r0
10000dde:	429a      	cmp	r2, r3
10000de0:	d308      	bcc.n	10000df4 <xQueueGenericSendFromISR+0x30>
10000de2:	2d02      	cmp	r5, #2
10000de4:	d006      	beq.n	10000df4 <xQueueGenericSendFromISR+0x30>
10000de6:	2400      	movs	r4, #0
10000de8:	4630      	mov	r0, r6
10000dea:	f001 fdf3 	bl	100029d4 <vTaskExitCriticalFromISR>
10000dee:	4620      	mov	r0, r4
10000df0:	e8bd 83f8 	ldmia.w	sp!, {r3, r4, r5, r6, r7, r8, r9, pc}
10000df4:	4639      	mov	r1, r7
10000df6:	f894 7045 	ldrb.w	r7, [r4, #69]	@ 0x45
10000dfa:	462a      	mov	r2, r5
10000dfc:	4620      	mov	r0, r4
10000dfe:	b27f      	sxtb	r7, r7
10000e00:	f8d4 9038 	ldr.w	r9, [r4, #56]	@ 0x38
10000e04:	f7ff fe58 	bl	10000ab8 <prvCopyDataToQueue>
10000e08:	1c7b      	adds	r3, r7, #1
10000e0a:	d117      	bne.n	10000e3c <xQueueGenericSendFromISR+0x78>
10000e0c:	6ca3      	ldr	r3, [r4, #72]	@ 0x48
10000e0e:	b1fb      	cbz	r3, 10000e50 <xQueueGenericSendFromISR+0x8c>
10000e10:	2d02      	cmp	r5, #2
10000e12:	d102      	bne.n	10000e1a <xQueueGenericSendFromISR+0x56>
10000e14:	f1b9 0f00 	cmp.w	r9, #0
10000e18:	d109      	bne.n	10000e2e <xQueueGenericSendFromISR+0x6a>
10000e1a:	4620      	mov	r0, r4
10000e1c:	f7ff ff50 	bl	10000cc0 <prvNotifyQueueSetContainer>
10000e20:	b128      	cbz	r0, 10000e2e <xQueueGenericSendFromISR+0x6a>
10000e22:	f1b8 0f00 	cmp.w	r8, #0
10000e26:	d002      	beq.n	10000e2e <xQueueGenericSendFromISR+0x6a>
10000e28:	2301      	movs	r3, #1
10000e2a:	f8c8 3000 	str.w	r3, [r8]
10000e2e:	2401      	movs	r4, #1
10000e30:	4630      	mov	r0, r6
10000e32:	f001 fdcf 	bl	100029d4 <vTaskExitCriticalFromISR>
10000e36:	4620      	mov	r0, r4
10000e38:	e8bd 83f8 	ldmia.w	sp!, {r3, r4, r5, r6, r7, r8, r9, pc}
10000e3c:	f000 fd62 	bl	10001904 <uxTaskGetNumberOfTasks>
10000e40:	4287      	cmp	r7, r0
10000e42:	d2f4      	bcs.n	10000e2e <xQueueGenericSendFromISR+0x6a>
10000e44:	3701      	adds	r7, #1
10000e46:	b27f      	sxtb	r7, r7
10000e48:	f884 7045 	strb.w	r7, [r4, #69]	@ 0x45
10000e4c:	2401      	movs	r4, #1
10000e4e:	e7ef      	b.n	10000e30 <xQueueGenericSendFromISR+0x6c>
10000e50:	6a63      	ldr	r3, [r4, #36]	@ 0x24
10000e52:	2b00      	cmp	r3, #0
10000e54:	d0eb      	beq.n	10000e2e <xQueueGenericSendFromISR+0x6a>
10000e56:	f104 0024 	add.w	r0, r4, #36	@ 0x24
10000e5a:	f001 f8f1 	bl	10002040 <xTaskRemoveFromEventList>
10000e5e:	2800      	cmp	r0, #0
10000e60:	d1df      	bne.n	10000e22 <xQueueGenericSendFromISR+0x5e>
10000e62:	e7e4      	b.n	10000e2e <xQueueGenericSendFromISR+0x6a>

10000e64 <xQueueReceive>:
10000e64:	b5f0      	push	{r4, r5, r6, r7, lr}
10000e66:	4604      	mov	r4, r0
10000e68:	b085      	sub	sp, #20
10000e6a:	460f      	mov	r7, r1
10000e6c:	9201      	str	r2, [sp, #4]
10000e6e:	f001 f9dd 	bl	1000222c <vTaskEnterCritical>
10000e72:	6ba5      	ldr	r5, [r4, #56]	@ 0x38
10000e74:	2d00      	cmp	r5, #0
10000e76:	d153      	bne.n	10000f20 <xQueueReceive+0xbc>
10000e78:	9b01      	ldr	r3, [sp, #4]
10000e7a:	b3a3      	cbz	r3, 10000ee6 <xQueueReceive+0x82>
10000e7c:	a802      	add	r0, sp, #8
10000e7e:	f001 f93f 	bl	10002100 <vTaskInternalSetTimeOutState>
10000e82:	462e      	mov	r6, r5
10000e84:	f001 fd5a 	bl	1000293c <vTaskExitCritical>
10000e88:	f000 fd2e 	bl	100018e8 <vTaskSuspendAll>
10000e8c:	f001 f9ce 	bl	1000222c <vTaskEnterCritical>
10000e90:	f894 3044 	ldrb.w	r3, [r4, #68]	@ 0x44
10000e94:	2bff      	cmp	r3, #255	@ 0xff
10000e96:	bf08      	it	eq
10000e98:	f884 6044 	strbeq.w	r6, [r4, #68]	@ 0x44
10000e9c:	f894 3045 	ldrb.w	r3, [r4, #69]	@ 0x45
10000ea0:	2bff      	cmp	r3, #255	@ 0xff
10000ea2:	bf08      	it	eq
10000ea4:	f884 6045 	strbeq.w	r6, [r4, #69]	@ 0x45
10000ea8:	f001 fd48 	bl	1000293c <vTaskExitCritical>
10000eac:	a901      	add	r1, sp, #4
10000eae:	a802      	add	r0, sp, #8
10000eb0:	f001 fca8 	bl	10002804 <xTaskCheckForTimeOut>
10000eb4:	b9e0      	cbnz	r0, 10000ef0 <xQueueReceive+0x8c>
10000eb6:	f001 f9b9 	bl	1000222c <vTaskEnterCritical>
10000eba:	6ba3      	ldr	r3, [r4, #56]	@ 0x38
10000ebc:	bb2b      	cbnz	r3, 10000f0a <xQueueReceive+0xa6>
10000ebe:	f001 fd3d 	bl	1000293c <vTaskExitCritical>
10000ec2:	9901      	ldr	r1, [sp, #4]
10000ec4:	f104 0024 	add.w	r0, r4, #36	@ 0x24
10000ec8:	f001 f802 	bl	10001ed0 <vTaskPlaceOnEventList>
10000ecc:	4620      	mov	r0, r4
10000ece:	f7ff fe2f 	bl	10000b30 <prvUnlockQueue>
10000ed2:	f001 fc11 	bl	100026f8 <xTaskResumeAll>
10000ed6:	b300      	cbz	r0, 10000f1a <xQueueReceive+0xb6>
10000ed8:	f001 f9a8 	bl	1000222c <vTaskEnterCritical>
10000edc:	6ba5      	ldr	r5, [r4, #56]	@ 0x38
10000ede:	b9fd      	cbnz	r5, 10000f20 <xQueueReceive+0xbc>
10000ee0:	9b01      	ldr	r3, [sp, #4]
10000ee2:	2b00      	cmp	r3, #0
10000ee4:	d1ce      	bne.n	10000e84 <xQueueReceive+0x20>
10000ee6:	f001 fd29 	bl	1000293c <vTaskExitCritical>
10000eea:	2000      	movs	r0, #0
10000eec:	b005      	add	sp, #20
10000eee:	bdf0      	pop	{r4, r5, r6, r7, pc}
10000ef0:	4620      	mov	r0, r4
10000ef2:	f7ff fe1d 	bl	10000b30 <prvUnlockQueue>
10000ef6:	f001 fbff 	bl	100026f8 <xTaskResumeAll>
10000efa:	f001 f997 	bl	1000222c <vTaskEnterCritical>
10000efe:	6ba3      	ldr	r3, [r4, #56]	@ 0x38
10000f00:	2b00      	cmp	r3, #0
10000f02:	d0f0      	beq.n	10000ee6 <xQueueReceive+0x82>
10000f04:	f001 fd1a 	bl	1000293c <vTaskExitCritical>
10000f08:	e7e6      	b.n	10000ed8 <xQueueReceive+0x74>
10000f0a:	f001 fd17 	bl	1000293c <vTaskExitCritical>
10000f0e:	4620      	mov	r0, r4
10000f10:	f7ff fe0e 	bl	10000b30 <prvUnlockQueue>
10000f14:	f001 fbf0 	bl	100026f8 <xTaskResumeAll>
10000f18:	e7de      	b.n	10000ed8 <xQueueReceive+0x74>
10000f1a:	f001 f975 	bl	10002208 <vTaskYieldWithinAPI>
10000f1e:	e7db      	b.n	10000ed8 <xQueueReceive+0x74>
10000f20:	6c22      	ldr	r2, [r4, #64]	@ 0x40
10000f22:	b15a      	cbz	r2, 10000f3c <xQueueReceive+0xd8>
10000f24:	68e1      	ldr	r1, [r4, #12]
10000f26:	68a3      	ldr	r3, [r4, #8]
10000f28:	4411      	add	r1, r2
10000f2a:	4299      	cmp	r1, r3
10000f2c:	60e1      	str	r1, [r4, #12]
10000f2e:	bf28      	it	cs
10000f30:	6821      	ldrcs	r1, [r4, #0]
10000f32:	4638      	mov	r0, r7
10000f34:	bf28      	it	cs
10000f36:	60e1      	strcs	r1, [r4, #12]
10000f38:	f006 f886 	bl	10007048 <memcpy>
10000f3c:	6923      	ldr	r3, [r4, #16]
10000f3e:	3d01      	subs	r5, #1
10000f40:	63a5      	str	r5, [r4, #56]	@ 0x38
10000f42:	b923      	cbnz	r3, 10000f4e <xQueueReceive+0xea>
10000f44:	f001 fcfa 	bl	1000293c <vTaskExitCritical>
10000f48:	2001      	movs	r0, #1
10000f4a:	b005      	add	sp, #20
10000f4c:	bdf0      	pop	{r4, r5, r6, r7, pc}
10000f4e:	f104 0010 	add.w	r0, r4, #16
10000f52:	f001 f875 	bl	10002040 <xTaskRemoveFromEventList>
10000f56:	2800      	cmp	r0, #0
10000f58:	d0f4      	beq.n	10000f44 <xQueueReceive+0xe0>
10000f5a:	f001 f955 	bl	10002208 <vTaskYieldWithinAPI>
10000f5e:	e7f1      	b.n	10000f44 <xQueueReceive+0xe0>

10000f60 <vQueueAddToRegistry>:
10000f60:	2900      	cmp	r1, #0
10000f62:	d055      	beq.n	10001010 <vQueueAddToRegistry+0xb0>
10000f64:	4b44      	ldr	r3, [pc, #272]	@ (10001078 <vQueueAddToRegistry+0x118>)
10000f66:	685a      	ldr	r2, [r3, #4]
10000f68:	4290      	cmp	r0, r2
10000f6a:	d072      	beq.n	10001052 <vQueueAddToRegistry+0xf2>
10000f6c:	681a      	ldr	r2, [r3, #0]
10000f6e:	b410      	push	{r4}
10000f70:	2a00      	cmp	r2, #0
10000f72:	d02c      	beq.n	10000fce <vQueueAddToRegistry+0x6e>
10000f74:	68da      	ldr	r2, [r3, #12]
10000f76:	4290      	cmp	r0, r2
10000f78:	d07b      	beq.n	10001072 <vQueueAddToRegistry+0x112>
10000f7a:	689a      	ldr	r2, [r3, #8]
10000f7c:	2a00      	cmp	r2, #0
10000f7e:	d041      	beq.n	10001004 <vQueueAddToRegistry+0xa4>
10000f80:	695a      	ldr	r2, [r3, #20]
10000f82:	4290      	cmp	r0, r2
10000f84:	d073      	beq.n	1000106e <vQueueAddToRegistry+0x10e>
10000f86:	691a      	ldr	r2, [r3, #16]
10000f88:	2a00      	cmp	r2, #0
10000f8a:	d042      	beq.n	10001012 <vQueueAddToRegistry+0xb2>
10000f8c:	69da      	ldr	r2, [r3, #28]
10000f8e:	4290      	cmp	r0, r2
10000f90:	d065      	beq.n	1000105e <vQueueAddToRegistry+0xfe>
10000f92:	699a      	ldr	r2, [r3, #24]
10000f94:	2a00      	cmp	r2, #0
10000f96:	d042      	beq.n	1000101e <vQueueAddToRegistry+0xbe>
10000f98:	6a5a      	ldr	r2, [r3, #36]	@ 0x24
10000f9a:	4290      	cmp	r0, r2
10000f9c:	d044      	beq.n	10001028 <vQueueAddToRegistry+0xc8>
10000f9e:	6a1a      	ldr	r2, [r3, #32]
10000fa0:	2a00      	cmp	r2, #0
10000fa2:	d045      	beq.n	10001030 <vQueueAddToRegistry+0xd0>
10000fa4:	6ada      	ldr	r2, [r3, #44]	@ 0x2c
10000fa6:	4290      	cmp	r0, r2
10000fa8:	d05b      	beq.n	10001062 <vQueueAddToRegistry+0x102>
10000faa:	6a9a      	ldr	r2, [r3, #40]	@ 0x28
10000fac:	2a00      	cmp	r2, #0
10000fae:	d044      	beq.n	1000103a <vQueueAddToRegistry+0xda>
10000fb0:	6b5a      	ldr	r2, [r3, #52]	@ 0x34
10000fb2:	4290      	cmp	r0, r2
10000fb4:	d057      	beq.n	10001066 <vQueueAddToRegistry+0x106>
10000fb6:	6b1a      	ldr	r2, [r3, #48]	@ 0x30
10000fb8:	2a00      	cmp	r2, #0
10000fba:	d043      	beq.n	10001044 <vQueueAddToRegistry+0xe4>
10000fbc:	6bda      	ldr	r2, [r3, #60]	@ 0x3c
10000fbe:	4290      	cmp	r0, r2
10000fc0:	d053      	beq.n	1000106a <vQueueAddToRegistry+0x10a>
10000fc2:	6b9b      	ldr	r3, [r3, #56]	@ 0x38
10000fc4:	2b00      	cmp	r3, #0
10000fc6:	d042      	beq.n	1000104e <vQueueAddToRegistry+0xee>
10000fc8:	f85d 4b04 	ldr.w	r4, [sp], #4
10000fcc:	4770      	bx	lr
10000fce:	68da      	ldr	r2, [r3, #12]
10000fd0:	4290      	cmp	r0, r2
10000fd2:	d04e      	beq.n	10001072 <vQueueAddToRegistry+0x112>
10000fd4:	695a      	ldr	r2, [r3, #20]
10000fd6:	4290      	cmp	r0, r2
10000fd8:	d049      	beq.n	1000106e <vQueueAddToRegistry+0x10e>
10000fda:	461a      	mov	r2, r3
10000fdc:	69dc      	ldr	r4, [r3, #28]
10000fde:	42a0      	cmp	r0, r4
10000fe0:	d03d      	beq.n	1000105e <vQueueAddToRegistry+0xfe>
10000fe2:	6a5c      	ldr	r4, [r3, #36]	@ 0x24
10000fe4:	42a0      	cmp	r0, r4
10000fe6:	d01f      	beq.n	10001028 <vQueueAddToRegistry+0xc8>
10000fe8:	6adc      	ldr	r4, [r3, #44]	@ 0x2c
10000fea:	42a0      	cmp	r0, r4
10000fec:	d039      	beq.n	10001062 <vQueueAddToRegistry+0x102>
10000fee:	6b5c      	ldr	r4, [r3, #52]	@ 0x34
10000ff0:	42a0      	cmp	r0, r4
10000ff2:	d038      	beq.n	10001066 <vQueueAddToRegistry+0x106>
10000ff4:	6bdc      	ldr	r4, [r3, #60]	@ 0x3c
10000ff6:	42a0      	cmp	r0, r4
10000ff8:	d037      	beq.n	1000106a <vQueueAddToRegistry+0x10a>
10000ffa:	e9c2 1000 	strd	r1, r0, [r2]
10000ffe:	f85d 4b04 	ldr.w	r4, [sp], #4
10001002:	4770      	bx	lr
10001004:	695a      	ldr	r2, [r3, #20]
10001006:	4290      	cmp	r0, r2
10001008:	d031      	beq.n	1000106e <vQueueAddToRegistry+0x10e>
1000100a:	f103 0208 	add.w	r2, r3, #8
1000100e:	e7e5      	b.n	10000fdc <vQueueAddToRegistry+0x7c>
10001010:	4770      	bx	lr
10001012:	69da      	ldr	r2, [r3, #28]
10001014:	4290      	cmp	r0, r2
10001016:	d022      	beq.n	1000105e <vQueueAddToRegistry+0xfe>
10001018:	f103 0210 	add.w	r2, r3, #16
1000101c:	e7e1      	b.n	10000fe2 <vQueueAddToRegistry+0x82>
1000101e:	6a5a      	ldr	r2, [r3, #36]	@ 0x24
10001020:	4290      	cmp	r0, r2
10001022:	d001      	beq.n	10001028 <vQueueAddToRegistry+0xc8>
10001024:	4a15      	ldr	r2, [pc, #84]	@ (1000107c <vQueueAddToRegistry+0x11c>)
10001026:	e7df      	b.n	10000fe8 <vQueueAddToRegistry+0x88>
10001028:	2204      	movs	r2, #4
1000102a:	eb03 02c2 	add.w	r2, r3, r2, lsl #3
1000102e:	e7e4      	b.n	10000ffa <vQueueAddToRegistry+0x9a>
10001030:	6ada      	ldr	r2, [r3, #44]	@ 0x2c
10001032:	4290      	cmp	r0, r2
10001034:	d015      	beq.n	10001062 <vQueueAddToRegistry+0x102>
10001036:	4a12      	ldr	r2, [pc, #72]	@ (10001080 <vQueueAddToRegistry+0x120>)
10001038:	e7d9      	b.n	10000fee <vQueueAddToRegistry+0x8e>
1000103a:	6b5a      	ldr	r2, [r3, #52]	@ 0x34
1000103c:	4290      	cmp	r0, r2
1000103e:	d012      	beq.n	10001066 <vQueueAddToRegistry+0x106>
10001040:	4a10      	ldr	r2, [pc, #64]	@ (10001084 <vQueueAddToRegistry+0x124>)
10001042:	e7d7      	b.n	10000ff4 <vQueueAddToRegistry+0x94>
10001044:	6bda      	ldr	r2, [r3, #60]	@ 0x3c
10001046:	4290      	cmp	r0, r2
10001048:	d00f      	beq.n	1000106a <vQueueAddToRegistry+0x10a>
1000104a:	4a0f      	ldr	r2, [pc, #60]	@ (10001088 <vQueueAddToRegistry+0x128>)
1000104c:	e7d5      	b.n	10000ffa <vQueueAddToRegistry+0x9a>
1000104e:	4a0f      	ldr	r2, [pc, #60]	@ (1000108c <vQueueAddToRegistry+0x12c>)
10001050:	e7d3      	b.n	10000ffa <vQueueAddToRegistry+0x9a>
10001052:	2200      	movs	r2, #0
10001054:	eb03 02c2 	add.w	r2, r3, r2, lsl #3
10001058:	e9c2 1000 	strd	r1, r0, [r2]
1000105c:	4770      	bx	lr
1000105e:	2203      	movs	r2, #3
10001060:	e7e3      	b.n	1000102a <vQueueAddToRegistry+0xca>
10001062:	2205      	movs	r2, #5
10001064:	e7e1      	b.n	1000102a <vQueueAddToRegistry+0xca>
10001066:	2206      	movs	r2, #6
10001068:	e7df      	b.n	1000102a <vQueueAddToRegistry+0xca>
1000106a:	2207      	movs	r2, #7
1000106c:	e7dd      	b.n	1000102a <vQueueAddToRegistry+0xca>
1000106e:	2202      	movs	r2, #2
10001070:	e7db      	b.n	1000102a <vQueueAddToRegistry+0xca>
10001072:	2201      	movs	r2, #1
10001074:	e7d9      	b.n	1000102a <vQueueAddToRegistry+0xca>
10001076:	bf00      	nop
10001078:	20001440 	.word	0x20001440
1000107c:	20001458 	.word	0x20001458
10001080:	20001460 	.word	0x20001460
10001084:	20001468 	.word	0x20001468
10001088:	20001470 	.word	0x20001470
1000108c:	20001478 	.word	0x20001478

10001090 <vQueueWaitForMessageRestricted>:
10001090:	b570      	push	{r4, r5, r6, lr}
10001092:	4604      	mov	r4, r0
10001094:	460e      	mov	r6, r1
10001096:	4615      	mov	r5, r2
10001098:	f001 f8c8 	bl	1000222c <vTaskEnterCritical>
1000109c:	f894 3044 	ldrb.w	r3, [r4, #68]	@ 0x44
100010a0:	2bff      	cmp	r3, #255	@ 0xff
100010a2:	bf04      	itt	eq
100010a4:	2300      	moveq	r3, #0
100010a6:	f884 3044 	strbeq.w	r3, [r4, #68]	@ 0x44
100010aa:	f894 3045 	ldrb.w	r3, [r4, #69]	@ 0x45
100010ae:	2bff      	cmp	r3, #255	@ 0xff
100010b0:	bf04      	itt	eq
100010b2:	2300      	moveq	r3, #0
100010b4:	f884 3045 	strbeq.w	r3, [r4, #69]	@ 0x45
100010b8:	f001 fc40 	bl	1000293c <vTaskExitCritical>
100010bc:	6ba3      	ldr	r3, [r4, #56]	@ 0x38
100010be:	b123      	cbz	r3, 100010ca <vQueueWaitForMessageRestricted+0x3a>
100010c0:	4620      	mov	r0, r4
100010c2:	e8bd 4070 	ldmia.w	sp!, {r4, r5, r6, lr}
100010c6:	f7ff bd33 	b.w	10000b30 <prvUnlockQueue>
100010ca:	f104 0024 	add.w	r0, r4, #36	@ 0x24
100010ce:	462a      	mov	r2, r5
100010d0:	4631      	mov	r1, r6
100010d2:	f000 ff67 	bl	10001fa4 <vTaskPlaceOnEventListRestricted>
100010d6:	4620      	mov	r0, r4
100010d8:	e8bd 4070 	ldmia.w	sp!, {r4, r5, r6, lr}
100010dc:	f7ff bd28 	b.w	10000b30 <prvUnlockQueue>

100010e0 <prvPassiveIdleTask>:
100010e0:	4c06      	ldr	r4, [pc, #24]	@ (100010fc <prvPassiveIdleTask+0x1c>)
100010e2:	b508      	push	{r3, lr}
100010e4:	f7ff f9b2 	bl	1000044c <vPortYield>
100010e8:	6823      	ldr	r3, [r4, #0]
100010ea:	2b02      	cmp	r3, #2
100010ec:	d800      	bhi.n	100010f0 <prvPassiveIdleTask+0x10>
100010ee:	e7fe      	b.n	100010ee <prvPassiveIdleTask+0xe>
100010f0:	f7ff f9ac 	bl	1000044c <vPortYield>
100010f4:	6823      	ldr	r3, [r4, #0]
100010f6:	2b02      	cmp	r3, #2
100010f8:	d8fa      	bhi.n	100010f0 <prvPassiveIdleTask+0x10>
100010fa:	e7f8      	b.n	100010ee <prvPassiveIdleTask+0xe>
100010fc:	20001f10 	.word	0x20001f10

10001100 <prvYieldForTask>:
10001100:	b5f8      	push	{r3, r4, r5, r6, r7, lr}
10001102:	6b83      	ldr	r3, [r0, #56]	@ 0x38
10001104:	2b00      	cmp	r3, #0
10001106:	db02      	blt.n	1000110e <prvYieldForTask+0xe>
10001108:	6b83      	ldr	r3, [r0, #56]	@ 0x38
1000110a:	2b01      	cmp	r3, #1
1000110c:	dd16      	ble.n	1000113c <prvYieldForTask+0x3c>
1000110e:	4c32      	ldr	r4, [pc, #200]	@ (100011d8 <prvYieldForTask+0xd8>)
10001110:	6b03      	ldr	r3, [r0, #48]	@ 0x30
10001112:	6826      	ldr	r6, [r4, #0]
10001114:	1e5a      	subs	r2, r3, #1
10001116:	6827      	ldr	r7, [r4, #0]
10001118:	6823      	ldr	r3, [r4, #0]
1000111a:	6b9b      	ldr	r3, [r3, #56]	@ 0x38
1000111c:	2b00      	cmp	r3, #0
1000111e:	db03      	blt.n	10001128 <prvYieldForTask+0x28>
10001120:	6823      	ldr	r3, [r4, #0]
10001122:	6b9b      	ldr	r3, [r3, #56]	@ 0x38
10001124:	2b01      	cmp	r3, #1
10001126:	dd0a      	ble.n	1000113e <prvYieldForTask+0x3e>
10001128:	6866      	ldr	r6, [r4, #4]
1000112a:	6865      	ldr	r5, [r4, #4]
1000112c:	6863      	ldr	r3, [r4, #4]
1000112e:	6b9b      	ldr	r3, [r3, #56]	@ 0x38
10001130:	2b00      	cmp	r3, #0
10001132:	db03      	blt.n	1000113c <prvYieldForTask+0x3c>
10001134:	6863      	ldr	r3, [r4, #4]
10001136:	6b9b      	ldr	r3, [r3, #56]	@ 0x38
10001138:	2b01      	cmp	r3, #1
1000113a:	dd20      	ble.n	1000117e <prvYieldForTask+0x7e>
1000113c:	bdf8      	pop	{r3, r4, r5, r6, r7, pc}
1000113e:	4927      	ldr	r1, [pc, #156]	@ (100011dc <prvYieldForTask+0xdc>)
10001140:	680d      	ldr	r5, [r1, #0]
10001142:	2d00      	cmp	r5, #0
10001144:	d1f0      	bne.n	10001128 <prvYieldForTask+0x28>
10001146:	6bff      	ldr	r7, [r7, #60]	@ 0x3c
10001148:	6b33      	ldr	r3, [r6, #48]	@ 0x30
1000114a:	f007 0601 	and.w	r6, r7, #1
1000114e:	1b9b      	subs	r3, r3, r6
10001150:	429a      	cmp	r2, r3
10001152:	dbe9      	blt.n	10001128 <prvYieldForTask+0x28>
10001154:	6846      	ldr	r6, [r0, #4]
10001156:	07f6      	lsls	r6, r6, #31
10001158:	d5e6      	bpl.n	10001128 <prvYieldForTask+0x28>
1000115a:	f8d4 c004 	ldr.w	ip, [r4, #4]
1000115e:	6867      	ldr	r7, [r4, #4]
10001160:	6862      	ldr	r2, [r4, #4]
10001162:	6b92      	ldr	r2, [r2, #56]	@ 0x38
10001164:	2a00      	cmp	r2, #0
10001166:	db1a      	blt.n	1000119e <prvYieldForTask+0x9e>
10001168:	6862      	ldr	r2, [r4, #4]
1000116a:	6b92      	ldr	r2, [r2, #56]	@ 0x38
1000116c:	2a01      	cmp	r2, #1
1000116e:	dc16      	bgt.n	1000119e <prvYieldForTask+0x9e>
10001170:	684e      	ldr	r6, [r1, #4]
10001172:	b9a6      	cbnz	r6, 1000119e <prvYieldForTask+0x9e>
10001174:	461a      	mov	r2, r3
10001176:	6bfd      	ldr	r5, [r7, #60]	@ 0x3c
10001178:	f8dc 3030 	ldr.w	r3, [ip, #48]	@ 0x30
1000117c:	e007      	b.n	1000118e <prvYieldForTask+0x8e>
1000117e:	4917      	ldr	r1, [pc, #92]	@ (100011dc <prvYieldForTask+0xdc>)
10001180:	684b      	ldr	r3, [r1, #4]
10001182:	2b00      	cmp	r3, #0
10001184:	d1da      	bne.n	1000113c <prvYieldForTask+0x3c>
10001186:	6b33      	ldr	r3, [r6, #48]	@ 0x30
10001188:	f04f 36ff 	mov.w	r6, #4294967295	@ 0xffffffff
1000118c:	6bed      	ldr	r5, [r5, #60]	@ 0x3c
1000118e:	f005 0501 	and.w	r5, r5, #1
10001192:	1b5b      	subs	r3, r3, r5
10001194:	4293      	cmp	r3, r2
10001196:	dd19      	ble.n	100011cc <prvYieldForTask+0xcc>
10001198:	3601      	adds	r6, #1
1000119a:	d0cf      	beq.n	1000113c <prvYieldForTask+0x3c>
1000119c:	2500      	movs	r5, #0
1000119e:	f04f 4350 	mov.w	r3, #3489660928	@ 0xd0000000
100011a2:	681b      	ldr	r3, [r3, #0]
100011a4:	429d      	cmp	r5, r3
100011a6:	d00d      	beq.n	100011c4 <prvYieldForTask+0xc4>
100011a8:	f854 3025 	ldr.w	r3, [r4, r5, lsl #2]
100011ac:	6b9b      	ldr	r3, [r3, #56]	@ 0x38
100011ae:	3302      	adds	r3, #2
100011b0:	d0c4      	beq.n	1000113c <prvYieldForTask+0x3c>
100011b2:	4628      	mov	r0, r5
100011b4:	f7ff faba 	bl	1000072c <vYieldCore>
100011b8:	f06f 0201 	mvn.w	r2, #1
100011bc:	f854 3025 	ldr.w	r3, [r4, r5, lsl #2]
100011c0:	639a      	str	r2, [r3, #56]	@ 0x38
100011c2:	bdf8      	pop	{r3, r4, r5, r6, r7, pc}
100011c4:	2301      	movs	r3, #1
100011c6:	f841 3025 	str.w	r3, [r1, r5, lsl #2]
100011ca:	bdf8      	pop	{r3, r4, r5, r6, r7, pc}
100011cc:	6843      	ldr	r3, [r0, #4]
100011ce:	079b      	lsls	r3, r3, #30
100011d0:	d5e2      	bpl.n	10001198 <prvYieldForTask+0x98>
100011d2:	2501      	movs	r5, #1
100011d4:	e7e3      	b.n	1000119e <prvYieldForTask+0x9e>
100011d6:	bf00      	nop
100011d8:	20001ef4 	.word	0x20001ef4
100011dc:	200222b0 	.word	0x200222b0

100011e0 <vTaskExitCritical.part.0>:
100011e0:	f04f 4150 	mov.w	r1, #3489660928	@ 0xd0000000
100011e4:	4b1b      	ldr	r3, [pc, #108]	@ (10001254 <vTaskExitCritical.part.0+0x74>)
100011e6:	680a      	ldr	r2, [r1, #0]
100011e8:	f853 0022 	ldr.w	r0, [r3, r2, lsl #2]
100011ec:	2800      	cmp	r0, #0
100011ee:	d02c      	beq.n	1000124a <vTaskExitCritical.part.0+0x6a>
100011f0:	f853 0022 	ldr.w	r0, [r3, r2, lsl #2]
100011f4:	3801      	subs	r0, #1
100011f6:	f843 0022 	str.w	r0, [r3, r2, lsl #2]
100011fa:	680a      	ldr	r2, [r1, #0]
100011fc:	f853 3022 	ldr.w	r3, [r3, r2, lsl #2]
10001200:	bb1b      	cbnz	r3, 1000124a <vTaskExitCritical.part.0+0x6a>
10001202:	b510      	push	{r4, lr}
10001204:	4914      	ldr	r1, [pc, #80]	@ (10001258 <vTaskExitCritical.part.0+0x78>)
10001206:	4b15      	ldr	r3, [pc, #84]	@ (1000125c <vTaskExitCritical.part.0+0x7c>)
10001208:	f853 4022 	ldr.w	r4, [r3, r2, lsl #2]
1000120c:	780b      	ldrb	r3, [r1, #0]
1000120e:	3b01      	subs	r3, #1
10001210:	b2db      	uxtb	r3, r3
10001212:	700b      	strb	r3, [r1, #0]
10001214:	b92b      	cbnz	r3, 10001222 <vTaskExitCritical.part.0+0x42>
10001216:	4812      	ldr	r0, [pc, #72]	@ (10001260 <vTaskExitCritical.part.0+0x80>)
10001218:	f800 3012 	strb.w	r3, [r0, r2, lsl #1]
1000121c:	4a11      	ldr	r2, [pc, #68]	@ (10001264 <vTaskExitCritical.part.0+0x84>)
1000121e:	e8c2 3f8f 	stlb	r3, [r2]
10001222:	f04f 4250 	mov.w	r2, #3489660928	@ 0xd0000000
10001226:	784b      	ldrb	r3, [r1, #1]
10001228:	6810      	ldr	r0, [r2, #0]
1000122a:	3b01      	subs	r3, #1
1000122c:	b2db      	uxtb	r3, r3
1000122e:	704b      	strb	r3, [r1, #1]
10001230:	b933      	cbnz	r3, 10001240 <vTaskExitCritical.part.0+0x60>
10001232:	4a0b      	ldr	r2, [pc, #44]	@ (10001260 <vTaskExitCritical.part.0+0x80>)
10001234:	490c      	ldr	r1, [pc, #48]	@ (10001268 <vTaskExitCritical.part.0+0x88>)
10001236:	eb02 0240 	add.w	r2, r2, r0, lsl #1
1000123a:	7053      	strb	r3, [r2, #1]
1000123c:	e8c1 3f8f 	stlb	r3, [r1]
10001240:	2000      	movs	r0, #0
10001242:	f7ff fab5 	bl	100007b0 <vClearInterruptMask>
10001246:	b90c      	cbnz	r4, 1000124c <vTaskExitCritical.part.0+0x6c>
10001248:	bd10      	pop	{r4, pc}
1000124a:	4770      	bx	lr
1000124c:	e8bd 4010 	ldmia.w	sp!, {r4, lr}
10001250:	f7ff b8fc 	b.w	1000044c <vPortYield>
10001254:	200221ac 	.word	0x200221ac
10001258:	200221a8 	.word	0x200221a8
1000125c:	200222b0 	.word	0x200222b0
10001260:	200221a4 	.word	0x200221a4
10001264:	20001632 	.word	0x20001632
10001268:	20001633 	.word	0x20001633

1000126c <prvCreateTask>:
1000126c:	e92d 43f8 	stmdb	sp!, {r3, r4, r5, r6, r7, r8, r9, lr}
10001270:	0096      	lsls	r6, r2, #2
10001272:	4680      	mov	r8, r0
10001274:	4630      	mov	r0, r6
10001276:	460d      	mov	r5, r1
10001278:	4699      	mov	r9, r3
1000127a:	f002 ff9d 	bl	100041b8 <pvPortMalloc>
1000127e:	2800      	cmp	r0, #0
10001280:	f000 8088 	beq.w	10001394 <prvCreateTask+0x128>
10001284:	4607      	mov	r7, r0
10001286:	207c      	movs	r0, #124	@ 0x7c
10001288:	f002 ff96 	bl	100041b8 <pvPortMalloc>
1000128c:	4604      	mov	r4, r0
1000128e:	2800      	cmp	r0, #0
10001290:	d07d      	beq.n	1000138e <prvCreateTask+0x122>
10001292:	227c      	movs	r2, #124	@ 0x7c
10001294:	2100      	movs	r1, #0
10001296:	f005 fe89 	bl	10006fac <memset>
1000129a:	4632      	mov	r2, r6
1000129c:	21a5      	movs	r1, #165	@ 0xa5
1000129e:	4638      	mov	r0, r7
100012a0:	6367      	str	r7, [r4, #52]	@ 0x34
100012a2:	f005 fe83 	bl	10006fac <memset>
100012a6:	6b63      	ldr	r3, [r4, #52]	@ 0x34
100012a8:	3e04      	subs	r6, #4
100012aa:	441e      	add	r6, r3
100012ac:	f026 0607 	bic.w	r6, r6, #7
100012b0:	2d00      	cmp	r5, #0
100012b2:	d03e      	beq.n	10001332 <prvCreateTask+0xc6>
100012b4:	782b      	ldrb	r3, [r5, #0]
100012b6:	f884 3040 	strb.w	r3, [r4, #64]	@ 0x40
100012ba:	2b00      	cmp	r3, #0
100012bc:	d036      	beq.n	1000132c <prvCreateTask+0xc0>
100012be:	786b      	ldrb	r3, [r5, #1]
100012c0:	f884 3041 	strb.w	r3, [r4, #65]	@ 0x41
100012c4:	b393      	cbz	r3, 1000132c <prvCreateTask+0xc0>
100012c6:	78ab      	ldrb	r3, [r5, #2]
100012c8:	f884 3042 	strb.w	r3, [r4, #66]	@ 0x42
100012cc:	b373      	cbz	r3, 1000132c <prvCreateTask+0xc0>
100012ce:	78eb      	ldrb	r3, [r5, #3]
100012d0:	f884 3043 	strb.w	r3, [r4, #67]	@ 0x43
100012d4:	b353      	cbz	r3, 1000132c <prvCreateTask+0xc0>
100012d6:	792b      	ldrb	r3, [r5, #4]
100012d8:	f884 3044 	strb.w	r3, [r4, #68]	@ 0x44
100012dc:	b333      	cbz	r3, 1000132c <prvCreateTask+0xc0>
100012de:	796b      	ldrb	r3, [r5, #5]
100012e0:	f884 3045 	strb.w	r3, [r4, #69]	@ 0x45
100012e4:	b313      	cbz	r3, 1000132c <prvCreateTask+0xc0>
100012e6:	79ab      	ldrb	r3, [r5, #6]
100012e8:	f884 3046 	strb.w	r3, [r4, #70]	@ 0x46
100012ec:	b1f3      	cbz	r3, 1000132c <prvCreateTask+0xc0>
100012ee:	79eb      	ldrb	r3, [r5, #7]
100012f0:	f884 3047 	strb.w	r3, [r4, #71]	@ 0x47
100012f4:	b1d3      	cbz	r3, 1000132c <prvCreateTask+0xc0>
100012f6:	7a2b      	ldrb	r3, [r5, #8]
100012f8:	f884 3048 	strb.w	r3, [r4, #72]	@ 0x48
100012fc:	b1b3      	cbz	r3, 1000132c <prvCreateTask+0xc0>
100012fe:	7a6b      	ldrb	r3, [r5, #9]
10001300:	f884 3049 	strb.w	r3, [r4, #73]	@ 0x49
10001304:	b193      	cbz	r3, 1000132c <prvCreateTask+0xc0>
10001306:	7aab      	ldrb	r3, [r5, #10]
10001308:	f884 304a 	strb.w	r3, [r4, #74]	@ 0x4a
1000130c:	b173      	cbz	r3, 1000132c <prvCreateTask+0xc0>
1000130e:	7aeb      	ldrb	r3, [r5, #11]
10001310:	f884 304b 	strb.w	r3, [r4, #75]	@ 0x4b
10001314:	b153      	cbz	r3, 1000132c <prvCreateTask+0xc0>
10001316:	7b2b      	ldrb	r3, [r5, #12]
10001318:	f884 304c 	strb.w	r3, [r4, #76]	@ 0x4c
1000131c:	b133      	cbz	r3, 1000132c <prvCreateTask+0xc0>
1000131e:	7b6b      	ldrb	r3, [r5, #13]
10001320:	f884 304d 	strb.w	r3, [r4, #77]	@ 0x4d
10001324:	b113      	cbz	r3, 1000132c <prvCreateTask+0xc0>
10001326:	7bab      	ldrb	r3, [r5, #14]
10001328:	f884 304e 	strb.w	r3, [r4, #78]	@ 0x4e
1000132c:	2300      	movs	r3, #0
1000132e:	f884 304f 	strb.w	r3, [r4, #79]	@ 0x4f
10001332:	9d08      	ldr	r5, [sp, #32]
10001334:	f104 0008 	add.w	r0, r4, #8
10001338:	2d1f      	cmp	r5, #31
1000133a:	bf28      	it	cs
1000133c:	251f      	movcs	r5, #31
1000133e:	6325      	str	r5, [r4, #48]	@ 0x30
10001340:	65a5      	str	r5, [r4, #88]	@ 0x58
10001342:	f7ff fb7b 	bl	10000a3c <vListInitialiseItem>
10001346:	f1c5 0520 	rsb	r5, r5, #32
1000134a:	f104 001c 	add.w	r0, r4, #28
1000134e:	f7ff fb75 	bl	10000a3c <vListInitialiseItem>
10001352:	464b      	mov	r3, r9
10001354:	4642      	mov	r2, r8
10001356:	4630      	mov	r0, r6
10001358:	6b61      	ldr	r1, [r4, #52]	@ 0x34
1000135a:	61e5      	str	r5, [r4, #28]
1000135c:	6164      	str	r4, [r4, #20]
1000135e:	62a4      	str	r4, [r4, #40]	@ 0x28
10001360:	f7ff f896 	bl	10000490 <pxPortInitialiseStack>
10001364:	f04f 32ff 	mov.w	r2, #4294967295	@ 0xffffffff
10001368:	4b0c      	ldr	r3, [pc, #48]	@ (1000139c <prvCreateTask+0x130>)
1000136a:	6020      	str	r0, [r4, #0]
1000136c:	4598      	cmp	r8, r3
1000136e:	63a2      	str	r2, [r4, #56]	@ 0x38
10001370:	d008      	beq.n	10001384 <prvCreateTask+0x118>
10001372:	4b0b      	ldr	r3, [pc, #44]	@ (100013a0 <prvCreateTask+0x134>)
10001374:	4598      	cmp	r8, r3
10001376:	d005      	beq.n	10001384 <prvCreateTask+0x118>
10001378:	9b09      	ldr	r3, [sp, #36]	@ 0x24
1000137a:	b103      	cbz	r3, 1000137e <prvCreateTask+0x112>
1000137c:	601c      	str	r4, [r3, #0]
1000137e:	4620      	mov	r0, r4
10001380:	e8bd 83f8 	ldmia.w	sp!, {r3, r4, r5, r6, r7, r8, r9, pc}
10001384:	6be3      	ldr	r3, [r4, #60]	@ 0x3c
10001386:	f043 0301 	orr.w	r3, r3, #1
1000138a:	63e3      	str	r3, [r4, #60]	@ 0x3c
1000138c:	e7f4      	b.n	10001378 <prvCreateTask+0x10c>
1000138e:	4638      	mov	r0, r7
10001390:	f002 ffa0 	bl	100042d4 <vPortFree>
10001394:	2400      	movs	r4, #0
10001396:	4620      	mov	r0, r4
10001398:	e8bd 83f8 	ldmia.w	sp!, {r3, r4, r5, r6, r7, r8, r9, pc}
1000139c:	10001791 	.word	0x10001791
100013a0:	100010e1 	.word	0x100010e1

100013a4 <prvCheckForRunStateChange>:
100013a4:	f04f 4250 	mov.w	r2, #3489660928	@ 0xd0000000
100013a8:	4b50      	ldr	r3, [pc, #320]	@ (100014ec <prvCheckForRunStateChange+0x148>)
100013aa:	6812      	ldr	r2, [r2, #0]
100013ac:	e92d 47f0 	stmdb	sp!, {r4, r5, r6, r7, r8, r9, sl, lr}
100013b0:	f8df 9144 	ldr.w	r9, [pc, #324]	@ 100014f8 <prvCheckForRunStateChange+0x154>
100013b4:	4c4e      	ldr	r4, [pc, #312]	@ (100014f0 <prvCheckForRunStateChange+0x14c>)
100013b6:	f8df 8144 	ldr.w	r8, [pc, #324]	@ 100014fc <prvCheckForRunStateChange+0x158>
100013ba:	f853 6022 	ldr.w	r6, [r3, r2, lsl #2]
100013be:	4d4d      	ldr	r5, [pc, #308]	@ (100014f4 <prvCheckForRunStateChange+0x150>)
100013c0:	e040      	b.n	10001444 <prvCheckForRunStateChange+0xa0>
100013c2:	f8df a13c 	ldr.w	sl, [pc, #316]	@ 10001500 <prvCheckForRunStateChange+0x15c>
100013c6:	2000      	movs	r0, #0
100013c8:	f7ff f9f2 	bl	100007b0 <vClearInterruptMask>
100013cc:	f7ff f9e4 	bl	10000798 <ulSetInterruptMask>
100013d0:	f04f 4350 	mov.w	r3, #3489660928	@ 0xd0000000
100013d4:	681b      	ldr	r3, [r3, #0]
100013d6:	e8da 2fcf 	ldaexb	r2, [sl]
100013da:	2101      	movs	r1, #1
100013dc:	2a00      	cmp	r2, #0
100013de:	d101      	bne.n	100013e4 <prvCheckForRunStateChange+0x40>
100013e0:	e8ca 1f42 	strexb	r2, r1, [sl]
100013e4:	f3bf 8f5f 	dmb	sy
100013e8:	2a00      	cmp	r2, #0
100013ea:	d150      	bne.n	1000148e <prvCheckForRunStateChange+0xea>
100013ec:	005b      	lsls	r3, r3, #1
100013ee:	2201      	movs	r2, #1
100013f0:	4443      	add	r3, r8
100013f2:	7062      	strb	r2, [r4, #1]
100013f4:	705a      	strb	r2, [r3, #1]
100013f6:	f04f 4350 	mov.w	r3, #3489660928	@ 0xd0000000
100013fa:	681a      	ldr	r2, [r3, #0]
100013fc:	e8d5 3fcf 	ldaexb	r3, [r5]
10001400:	2101      	movs	r1, #1
10001402:	2b00      	cmp	r3, #0
10001404:	d101      	bne.n	1000140a <prvCheckForRunStateChange+0x66>
10001406:	e8c5 1f43 	strexb	r3, r1, [r5]
1000140a:	f3bf 8f5f 	dmb	sy
1000140e:	b173      	cbz	r3, 1000142e <prvCheckForRunStateChange+0x8a>
10001410:	f818 3012 	ldrb.w	r3, [r8, r2, lsl #1]
10001414:	2b00      	cmp	r3, #0
10001416:	d14b      	bne.n	100014b0 <prvCheckForRunStateChange+0x10c>
10001418:	e8d5 1fcf 	ldaexb	r1, [r5]
1000141c:	2301      	movs	r3, #1
1000141e:	2900      	cmp	r1, #0
10001420:	d1fa      	bne.n	10001418 <prvCheckForRunStateChange+0x74>
10001422:	e8c5 3f41 	strexb	r1, r3, [r5]
10001426:	2900      	cmp	r1, #0
10001428:	d1f6      	bne.n	10001418 <prvCheckForRunStateChange+0x74>
1000142a:	f3bf 8f5f 	dmb	sy
1000142e:	2301      	movs	r3, #1
10001430:	7023      	strb	r3, [r4, #0]
10001432:	f808 3012 	strb.w	r3, [r8, r2, lsl #1]
10001436:	f04f 4350 	mov.w	r3, #3489660928	@ 0xd0000000
1000143a:	681a      	ldr	r2, [r3, #0]
1000143c:	f849 7022 	str.w	r7, [r9, r2, lsl #2]
10001440:	2f00      	cmp	r7, #0
10001442:	d040      	beq.n	100014c6 <prvCheckForRunStateChange+0x122>
10001444:	6bb3      	ldr	r3, [r6, #56]	@ 0x38
10001446:	3302      	adds	r3, #2
10001448:	d14e      	bne.n	100014e8 <prvCheckForRunStateChange+0x144>
1000144a:	f04f 4150 	mov.w	r1, #3489660928	@ 0xd0000000
1000144e:	680a      	ldr	r2, [r1, #0]
10001450:	f859 7022 	ldr.w	r7, [r9, r2, lsl #2]
10001454:	b16f      	cbz	r7, 10001472 <prvCheckForRunStateChange+0xce>
10001456:	2300      	movs	r3, #0
10001458:	f849 3022 	str.w	r3, [r9, r2, lsl #2]
1000145c:	7823      	ldrb	r3, [r4, #0]
1000145e:	680a      	ldr	r2, [r1, #0]
10001460:	3b01      	subs	r3, #1
10001462:	b2db      	uxtb	r3, r3
10001464:	7023      	strb	r3, [r4, #0]
10001466:	b923      	cbnz	r3, 10001472 <prvCheckForRunStateChange+0xce>
10001468:	f808 3012 	strb.w	r3, [r8, r2, lsl #1]
1000146c:	e8c5 3f8f 	stlb	r3, [r5]
10001470:	680a      	ldr	r2, [r1, #0]
10001472:	7863      	ldrb	r3, [r4, #1]
10001474:	3b01      	subs	r3, #1
10001476:	b2db      	uxtb	r3, r3
10001478:	7063      	strb	r3, [r4, #1]
1000147a:	2b00      	cmp	r3, #0
1000147c:	d1a1      	bne.n	100013c2 <prvCheckForRunStateChange+0x1e>
1000147e:	eb08 0242 	add.w	r2, r8, r2, lsl #1
10001482:	f8df a07c 	ldr.w	sl, [pc, #124]	@ 10001500 <prvCheckForRunStateChange+0x15c>
10001486:	7053      	strb	r3, [r2, #1]
10001488:	e8ca 3f8f 	stlb	r3, [sl]
1000148c:	e79b      	b.n	100013c6 <prvCheckForRunStateChange+0x22>
1000148e:	eb08 0243 	add.w	r2, r8, r3, lsl #1
10001492:	7852      	ldrb	r2, [r2, #1]
10001494:	005b      	lsls	r3, r3, #1
10001496:	bb12      	cbnz	r2, 100014de <prvCheckForRunStateChange+0x13a>
10001498:	e8da 1fcf 	ldaexb	r1, [sl]
1000149c:	2201      	movs	r2, #1
1000149e:	2900      	cmp	r1, #0
100014a0:	d1fa      	bne.n	10001498 <prvCheckForRunStateChange+0xf4>
100014a2:	e8ca 2f41 	strexb	r1, r2, [sl]
100014a6:	2900      	cmp	r1, #0
100014a8:	d1f6      	bne.n	10001498 <prvCheckForRunStateChange+0xf4>
100014aa:	f3bf 8f5f 	dmb	sy
100014ae:	e79e      	b.n	100013ee <prvCheckForRunStateChange+0x4a>
100014b0:	7823      	ldrb	r3, [r4, #0]
100014b2:	3301      	adds	r3, #1
100014b4:	b2db      	uxtb	r3, r3
100014b6:	7023      	strb	r3, [r4, #0]
100014b8:	f04f 4350 	mov.w	r3, #3489660928	@ 0xd0000000
100014bc:	681a      	ldr	r2, [r3, #0]
100014be:	f849 7022 	str.w	r7, [r9, r2, lsl #2]
100014c2:	2f00      	cmp	r7, #0
100014c4:	d1be      	bne.n	10001444 <prvCheckForRunStateChange+0xa0>
100014c6:	681a      	ldr	r2, [r3, #0]
100014c8:	7823      	ldrb	r3, [r4, #0]
100014ca:	3b01      	subs	r3, #1
100014cc:	b2db      	uxtb	r3, r3
100014ce:	7023      	strb	r3, [r4, #0]
100014d0:	2b00      	cmp	r3, #0
100014d2:	d1b7      	bne.n	10001444 <prvCheckForRunStateChange+0xa0>
100014d4:	f808 7012 	strb.w	r7, [r8, r2, lsl #1]
100014d8:	e8c5 7f8f 	stlb	r7, [r5]
100014dc:	e76f      	b.n	100013be <prvCheckForRunStateChange+0x1a>
100014de:	7863      	ldrb	r3, [r4, #1]
100014e0:	3301      	adds	r3, #1
100014e2:	b2db      	uxtb	r3, r3
100014e4:	7063      	strb	r3, [r4, #1]
100014e6:	e786      	b.n	100013f6 <prvCheckForRunStateChange+0x52>
100014e8:	e8bd 87f0 	ldmia.w	sp!, {r4, r5, r6, r7, r8, r9, sl, pc}
100014ec:	20001ef4 	.word	0x20001ef4
100014f0:	200221a8 	.word	0x200221a8
100014f4:	20001632 	.word	0x20001632
100014f8:	200221ac 	.word	0x200221ac
100014fc:	200221a4 	.word	0x200221a4
10001500:	20001633 	.word	0x20001633

10001504 <vTaskSuspendAll.part.0>:
10001504:	b5f8      	push	{r3, r4, r5, r6, r7, lr}
10001506:	f7ff f947 	bl	10000798 <ulSetInterruptMask>
1000150a:	f04f 4250 	mov.w	r2, #3489660928	@ 0xd0000000
1000150e:	4606      	mov	r6, r0
10001510:	4b35      	ldr	r3, [pc, #212]	@ (100015e8 <vTaskSuspendAll.part.0+0xe4>)
10001512:	6812      	ldr	r2, [r2, #0]
10001514:	e8d3 1fcf 	ldaexb	r1, [r3]
10001518:	2001      	movs	r0, #1
1000151a:	2900      	cmp	r1, #0
1000151c:	d101      	bne.n	10001522 <vTaskSuspendAll.part.0+0x1e>
1000151e:	e8c3 0f41 	strexb	r1, r0, [r3]
10001522:	f3bf 8f5f 	dmb	sy
10001526:	4d31      	ldr	r5, [pc, #196]	@ (100015ec <vTaskSuspendAll.part.0+0xe8>)
10001528:	2900      	cmp	r1, #0
1000152a:	d13e      	bne.n	100015aa <vTaskSuspendAll.part.0+0xa6>
1000152c:	0051      	lsls	r1, r2, #1
1000152e:	2301      	movs	r3, #1
10001530:	4c2f      	ldr	r4, [pc, #188]	@ (100015f0 <vTaskSuspendAll.part.0+0xec>)
10001532:	4429      	add	r1, r5
10001534:	7063      	strb	r3, [r4, #1]
10001536:	704b      	strb	r3, [r1, #1]
10001538:	4f2e      	ldr	r7, [pc, #184]	@ (100015f4 <vTaskSuspendAll.part.0+0xf0>)
1000153a:	683b      	ldr	r3, [r7, #0]
1000153c:	2b00      	cmp	r3, #0
1000153e:	d045      	beq.n	100015cc <vTaskSuspendAll.part.0+0xc8>
10001540:	f04f 4350 	mov.w	r3, #3489660928	@ 0xd0000000
10001544:	4a2c      	ldr	r2, [pc, #176]	@ (100015f8 <vTaskSuspendAll.part.0+0xf4>)
10001546:	6819      	ldr	r1, [r3, #0]
10001548:	e8d2 3fcf 	ldaexb	r3, [r2]
1000154c:	2001      	movs	r0, #1
1000154e:	2b00      	cmp	r3, #0
10001550:	d101      	bne.n	10001556 <vTaskSuspendAll.part.0+0x52>
10001552:	e8c2 0f43 	strexb	r3, r0, [r2]
10001556:	f3bf 8f5f 	dmb	sy
1000155a:	b173      	cbz	r3, 1000157a <vTaskSuspendAll.part.0+0x76>
1000155c:	f815 3011 	ldrb.w	r3, [r5, r1, lsl #1]
10001560:	2b00      	cmp	r3, #0
10001562:	d13c      	bne.n	100015de <vTaskSuspendAll.part.0+0xda>
10001564:	e8d2 0fcf 	ldaexb	r0, [r2]
10001568:	2301      	movs	r3, #1
1000156a:	2800      	cmp	r0, #0
1000156c:	d1fa      	bne.n	10001564 <vTaskSuspendAll.part.0+0x60>
1000156e:	e8c2 3f40 	strexb	r0, r3, [r2]
10001572:	2800      	cmp	r0, #0
10001574:	d1f6      	bne.n	10001564 <vTaskSuspendAll.part.0+0x60>
10001576:	f3bf 8f5f 	dmb	sy
1000157a:	2301      	movs	r3, #1
1000157c:	7023      	strb	r3, [r4, #0]
1000157e:	f805 3011 	strb.w	r3, [r5, r1, lsl #1]
10001582:	f04f 4150 	mov.w	r1, #3489660928	@ 0xd0000000
10001586:	683b      	ldr	r3, [r7, #0]
10001588:	3301      	adds	r3, #1
1000158a:	603b      	str	r3, [r7, #0]
1000158c:	7823      	ldrb	r3, [r4, #0]
1000158e:	6809      	ldr	r1, [r1, #0]
10001590:	3b01      	subs	r3, #1
10001592:	b2db      	uxtb	r3, r3
10001594:	7023      	strb	r3, [r4, #0]
10001596:	b91b      	cbnz	r3, 100015a0 <vTaskSuspendAll.part.0+0x9c>
10001598:	f805 3011 	strb.w	r3, [r5, r1, lsl #1]
1000159c:	e8c2 3f8f 	stlb	r3, [r2]
100015a0:	4630      	mov	r0, r6
100015a2:	e8bd 40f8 	ldmia.w	sp!, {r3, r4, r5, r6, r7, lr}
100015a6:	f7ff b903 	b.w	100007b0 <vClearInterruptMask>
100015aa:	0051      	lsls	r1, r2, #1
100015ac:	eb05 0242 	add.w	r2, r5, r2, lsl #1
100015b0:	7852      	ldrb	r2, [r2, #1]
100015b2:	b972      	cbnz	r2, 100015d2 <vTaskSuspendAll.part.0+0xce>
100015b4:	e8d3 0fcf 	ldaexb	r0, [r3]
100015b8:	2201      	movs	r2, #1
100015ba:	2800      	cmp	r0, #0
100015bc:	d1fa      	bne.n	100015b4 <vTaskSuspendAll.part.0+0xb0>
100015be:	e8c3 2f40 	strexb	r0, r2, [r3]
100015c2:	2800      	cmp	r0, #0
100015c4:	d1f6      	bne.n	100015b4 <vTaskSuspendAll.part.0+0xb0>
100015c6:	f3bf 8f5f 	dmb	sy
100015ca:	e7b0      	b.n	1000152e <vTaskSuspendAll.part.0+0x2a>
100015cc:	f7ff feea 	bl	100013a4 <prvCheckForRunStateChange>
100015d0:	e7b6      	b.n	10001540 <vTaskSuspendAll.part.0+0x3c>
100015d2:	4c07      	ldr	r4, [pc, #28]	@ (100015f0 <vTaskSuspendAll.part.0+0xec>)
100015d4:	7863      	ldrb	r3, [r4, #1]
100015d6:	3301      	adds	r3, #1
100015d8:	b2db      	uxtb	r3, r3
100015da:	7063      	strb	r3, [r4, #1]
100015dc:	e7ac      	b.n	10001538 <vTaskSuspendAll.part.0+0x34>
100015de:	7823      	ldrb	r3, [r4, #0]
100015e0:	3301      	adds	r3, #1
100015e2:	b2db      	uxtb	r3, r3
100015e4:	7023      	strb	r3, [r4, #0]
100015e6:	e7cc      	b.n	10001582 <vTaskSuspendAll.part.0+0x7e>
100015e8:	20001633 	.word	0x20001633
100015ec:	200221a4 	.word	0x200221a4
100015f0:	200221a8 	.word	0x200221a8
100015f4:	200221d4 	.word	0x200221d4
100015f8:	20001632 	.word	0x20001632

100015fc <prvCheckTasksWaitingTermination>:
100015fc:	e92d 43f8 	stmdb	sp!, {r3, r4, r5, r6, r7, r8, r9, lr}
10001600:	4c59      	ldr	r4, [pc, #356]	@ (10001768 <prvCheckTasksWaitingTermination+0x16c>)
10001602:	4e5a      	ldr	r6, [pc, #360]	@ (1000176c <prvCheckTasksWaitingTermination+0x170>)
10001604:	4f5a      	ldr	r7, [pc, #360]	@ (10001770 <prvCheckTasksWaitingTermination+0x174>)
10001606:	f8df 9180 	ldr.w	r9, [pc, #384]	@ 10001788 <prvCheckTasksWaitingTermination+0x18c>
1000160a:	f8df 8180 	ldr.w	r8, [pc, #384]	@ 1000178c <prvCheckTasksWaitingTermination+0x190>
1000160e:	6823      	ldr	r3, [r4, #0]
10001610:	2b00      	cmp	r3, #0
10001612:	d037      	beq.n	10001684 <prvCheckTasksWaitingTermination+0x88>
10001614:	f7ff f8c0 	bl	10000798 <ulSetInterruptMask>
10001618:	6833      	ldr	r3, [r6, #0]
1000161a:	b193      	cbz	r3, 10001642 <prvCheckTasksWaitingTermination+0x46>
1000161c:	f04f 4350 	mov.w	r3, #3489660928	@ 0xd0000000
10001620:	681b      	ldr	r3, [r3, #0]
10001622:	f857 2023 	ldr.w	r2, [r7, r3, lsl #2]
10001626:	2a00      	cmp	r2, #0
10001628:	d03b      	beq.n	100016a2 <prvCheckTasksWaitingTermination+0xa6>
1000162a:	f04f 4150 	mov.w	r1, #3489660928	@ 0xd0000000
1000162e:	f857 2023 	ldr.w	r2, [r7, r3, lsl #2]
10001632:	3201      	adds	r2, #1
10001634:	f847 2023 	str.w	r2, [r7, r3, lsl #2]
10001638:	680b      	ldr	r3, [r1, #0]
1000163a:	f857 3023 	ldr.w	r3, [r7, r3, lsl #2]
1000163e:	2b01      	cmp	r3, #1
10001640:	d028      	beq.n	10001694 <prvCheckTasksWaitingTermination+0x98>
10001642:	6823      	ldr	r3, [r4, #0]
10001644:	b303      	cbz	r3, 10001688 <prvCheckTasksWaitingTermination+0x8c>
10001646:	4b4b      	ldr	r3, [pc, #300]	@ (10001774 <prvCheckTasksWaitingTermination+0x178>)
10001648:	68db      	ldr	r3, [r3, #12]
1000164a:	68dd      	ldr	r5, [r3, #12]
1000164c:	6bab      	ldr	r3, [r5, #56]	@ 0x38
1000164e:	3301      	adds	r3, #1
10001650:	f040 8083 	bne.w	1000175a <prvCheckTasksWaitingTermination+0x15e>
10001654:	f105 0008 	add.w	r0, r5, #8
10001658:	f7ff fa1a 	bl	10000a90 <uxListRemove>
1000165c:	4a46      	ldr	r2, [pc, #280]	@ (10001778 <prvCheckTasksWaitingTermination+0x17c>)
1000165e:	6813      	ldr	r3, [r2, #0]
10001660:	3b01      	subs	r3, #1
10001662:	6013      	str	r3, [r2, #0]
10001664:	6823      	ldr	r3, [r4, #0]
10001666:	3b01      	subs	r3, #1
10001668:	6023      	str	r3, [r4, #0]
1000166a:	6833      	ldr	r3, [r6, #0]
1000166c:	b10b      	cbz	r3, 10001672 <prvCheckTasksWaitingTermination+0x76>
1000166e:	f7ff fdb7 	bl	100011e0 <vTaskExitCritical.part.0>
10001672:	6b68      	ldr	r0, [r5, #52]	@ 0x34
10001674:	f002 fe2e 	bl	100042d4 <vPortFree>
10001678:	4628      	mov	r0, r5
1000167a:	f002 fe2b 	bl	100042d4 <vPortFree>
1000167e:	6823      	ldr	r3, [r4, #0]
10001680:	2b00      	cmp	r3, #0
10001682:	d1c7      	bne.n	10001614 <prvCheckTasksWaitingTermination+0x18>
10001684:	e8bd 83f8 	ldmia.w	sp!, {r3, r4, r5, r6, r7, r8, r9, pc}
10001688:	6833      	ldr	r3, [r6, #0]
1000168a:	2b00      	cmp	r3, #0
1000168c:	d0bf      	beq.n	1000160e <prvCheckTasksWaitingTermination+0x12>
1000168e:	f7ff fda7 	bl	100011e0 <vTaskExitCritical.part.0>
10001692:	e7bc      	b.n	1000160e <prvCheckTasksWaitingTermination+0x12>
10001694:	f8d9 3000 	ldr.w	r3, [r9]
10001698:	2b00      	cmp	r3, #0
1000169a:	d1d2      	bne.n	10001642 <prvCheckTasksWaitingTermination+0x46>
1000169c:	f7ff fe82 	bl	100013a4 <prvCheckForRunStateChange>
100016a0:	e7cf      	b.n	10001642 <prvCheckTasksWaitingTermination+0x46>
100016a2:	e8d8 2fcf 	ldaexb	r2, [r8]
100016a6:	2101      	movs	r1, #1
100016a8:	2a00      	cmp	r2, #0
100016aa:	d101      	bne.n	100016b0 <prvCheckTasksWaitingTermination+0xb4>
100016ac:	e8c8 1f42 	strexb	r2, r1, [r8]
100016b0:	f3bf 8f5f 	dmb	sy
100016b4:	2a00      	cmp	r2, #0
100016b6:	d132      	bne.n	1000171e <prvCheckTasksWaitingTermination+0x122>
100016b8:	4a30      	ldr	r2, [pc, #192]	@ (1000177c <prvCheckTasksWaitingTermination+0x180>)
100016ba:	0059      	lsls	r1, r3, #1
100016bc:	2301      	movs	r3, #1
100016be:	4830      	ldr	r0, [pc, #192]	@ (10001780 <prvCheckTasksWaitingTermination+0x184>)
100016c0:	4411      	add	r1, r2
100016c2:	7043      	strb	r3, [r0, #1]
100016c4:	704b      	strb	r3, [r1, #1]
100016c6:	f04f 4550 	mov.w	r5, #3489660928	@ 0xd0000000
100016ca:	4b2e      	ldr	r3, [pc, #184]	@ (10001784 <prvCheckTasksWaitingTermination+0x188>)
100016cc:	6829      	ldr	r1, [r5, #0]
100016ce:	e8d3 cfcf 	ldaexb	ip, [r3]
100016d2:	f05f 0e01 	movs.w	lr, #1
100016d6:	f1bc 0f00 	cmp.w	ip, #0
100016da:	d101      	bne.n	100016e0 <prvCheckTasksWaitingTermination+0xe4>
100016dc:	e8c3 ef4c 	strexb	ip, lr, [r3]
100016e0:	f3bf 8f5f 	dmb	sy
100016e4:	f1bc 0f00 	cmp.w	ip, #0
100016e8:	d011      	beq.n	1000170e <prvCheckTasksWaitingTermination+0x112>
100016ea:	f812 c011 	ldrb.w	ip, [r2, r1, lsl #1]
100016ee:	f1bc 0f00 	cmp.w	ip, #0
100016f2:	d126      	bne.n	10001742 <prvCheckTasksWaitingTermination+0x146>
100016f4:	e8d3 cfcf 	ldaexb	ip, [r3]
100016f8:	2501      	movs	r5, #1
100016fa:	f1bc 0f00 	cmp.w	ip, #0
100016fe:	d1f9      	bne.n	100016f4 <prvCheckTasksWaitingTermination+0xf8>
10001700:	e8c3 5f4c 	strexb	ip, r5, [r3]
10001704:	f1bc 0f00 	cmp.w	ip, #0
10001708:	d1f4      	bne.n	100016f4 <prvCheckTasksWaitingTermination+0xf8>
1000170a:	f3bf 8f5f 	dmb	sy
1000170e:	2301      	movs	r3, #1
10001710:	f04f 4550 	mov.w	r5, #3489660928	@ 0xd0000000
10001714:	7003      	strb	r3, [r0, #0]
10001716:	f802 3011 	strb.w	r3, [r2, r1, lsl #1]
1000171a:	682b      	ldr	r3, [r5, #0]
1000171c:	e785      	b.n	1000162a <prvCheckTasksWaitingTermination+0x2e>
1000171e:	4a17      	ldr	r2, [pc, #92]	@ (1000177c <prvCheckTasksWaitingTermination+0x180>)
10001720:	0059      	lsls	r1, r3, #1
10001722:	eb02 0343 	add.w	r3, r2, r3, lsl #1
10001726:	785b      	ldrb	r3, [r3, #1]
10001728:	b98b      	cbnz	r3, 1000174e <prvCheckTasksWaitingTermination+0x152>
1000172a:	e8d8 0fcf 	ldaexb	r0, [r8]
1000172e:	2301      	movs	r3, #1
10001730:	2800      	cmp	r0, #0
10001732:	d1fa      	bne.n	1000172a <prvCheckTasksWaitingTermination+0x12e>
10001734:	e8c8 3f40 	strexb	r0, r3, [r8]
10001738:	2800      	cmp	r0, #0
1000173a:	d1f6      	bne.n	1000172a <prvCheckTasksWaitingTermination+0x12e>
1000173c:	f3bf 8f5f 	dmb	sy
10001740:	e7bc      	b.n	100016bc <prvCheckTasksWaitingTermination+0xc0>
10001742:	7803      	ldrb	r3, [r0, #0]
10001744:	3301      	adds	r3, #1
10001746:	b2db      	uxtb	r3, r3
10001748:	7003      	strb	r3, [r0, #0]
1000174a:	682b      	ldr	r3, [r5, #0]
1000174c:	e76d      	b.n	1000162a <prvCheckTasksWaitingTermination+0x2e>
1000174e:	480c      	ldr	r0, [pc, #48]	@ (10001780 <prvCheckTasksWaitingTermination+0x184>)
10001750:	7843      	ldrb	r3, [r0, #1]
10001752:	3301      	adds	r3, #1
10001754:	b2db      	uxtb	r3, r3
10001756:	7043      	strb	r3, [r0, #1]
10001758:	e7b5      	b.n	100016c6 <prvCheckTasksWaitingTermination+0xca>
1000175a:	6833      	ldr	r3, [r6, #0]
1000175c:	2b00      	cmp	r3, #0
1000175e:	d091      	beq.n	10001684 <prvCheckTasksWaitingTermination+0x88>
10001760:	e8bd 43f8 	ldmia.w	sp!, {r3, r4, r5, r6, r7, r8, r9, lr}
10001764:	f7ff bd3c 	b.w	100011e0 <vTaskExitCritical.part.0>
10001768:	200221d0 	.word	0x200221d0
1000176c:	20022270 	.word	0x20022270
10001770:	200221ac 	.word	0x200221ac
10001774:	20022290 	.word	0x20022290
10001778:	200221cc 	.word	0x200221cc
1000177c:	200221a4 	.word	0x200221a4
10001780:	200221a8 	.word	0x200221a8
10001784:	20001632 	.word	0x20001632
10001788:	200221d4 	.word	0x200221d4
1000178c:	20001633 	.word	0x20001633

10001790 <prvIdleTask>:
10001790:	b508      	push	{r3, lr}
10001792:	f7fe fe5b 	bl	1000044c <vPortYield>
10001796:	4c04      	ldr	r4, [pc, #16]	@ (100017a8 <prvIdleTask+0x18>)
10001798:	f7ff ff30 	bl	100015fc <prvCheckTasksWaitingTermination>
1000179c:	6823      	ldr	r3, [r4, #0]
1000179e:	2b02      	cmp	r3, #2
100017a0:	d9fa      	bls.n	10001798 <prvIdleTask+0x8>
100017a2:	f7fe fe53 	bl	1000044c <vPortYield>
100017a6:	e7f7      	b.n	10001798 <prvIdleTask+0x8>
100017a8:	20001f10 	.word	0x20001f10

100017ac <prvAddCurrentTaskToDelayedList>:
100017ac:	e92d 4ff8 	stmdb	sp!, {r3, r4, r5, r6, r7, r8, r9, sl, fp, lr}
100017b0:	f04f 4550 	mov.w	r5, #3489660928	@ 0xd0000000
100017b4:	4a46      	ldr	r2, [pc, #280]	@ (100018d0 <prvAddCurrentTaskToDelayedList+0x124>)
100017b6:	4b47      	ldr	r3, [pc, #284]	@ (100018d4 <prvAddCurrentTaskToDelayedList+0x128>)
100017b8:	4c47      	ldr	r4, [pc, #284]	@ (100018d8 <prvAddCurrentTaskToDelayedList+0x12c>)
100017ba:	460f      	mov	r7, r1
100017bc:	f8d4 a000 	ldr.w	sl, [r4]
100017c0:	4e46      	ldr	r6, [pc, #280]	@ (100018dc <prvAddCurrentTaskToDelayedList+0x130>)
100017c2:	f8d2 8000 	ldr.w	r8, [r2]
100017c6:	4604      	mov	r4, r0
100017c8:	f8d3 9000 	ldr.w	r9, [r3]
100017cc:	f7fe ffe4 	bl	10000798 <ulSetInterruptMask>
100017d0:	682b      	ldr	r3, [r5, #0]
100017d2:	f856 b023 	ldr.w	fp, [r6, r3, lsl #2]
100017d6:	f7fe ffeb 	bl	100007b0 <vClearInterruptMask>
100017da:	2300      	movs	r3, #0
100017dc:	f88b 3079 	strb.w	r3, [fp, #121]	@ 0x79
100017e0:	f7fe ffda 	bl	10000798 <ulSetInterruptMask>
100017e4:	682b      	ldr	r3, [r5, #0]
100017e6:	f856 b023 	ldr.w	fp, [r6, r3, lsl #2]
100017ea:	f7fe ffe1 	bl	100007b0 <vClearInterruptMask>
100017ee:	f10b 0008 	add.w	r0, fp, #8
100017f2:	f7ff f94d 	bl	10000a90 <uxListRemove>
100017f6:	1c63      	adds	r3, r4, #1
100017f8:	d100      	bne.n	100017fc <prvAddCurrentTaskToDelayedList+0x50>
100017fa:	bb8f      	cbnz	r7, 10001860 <prvAddCurrentTaskToDelayedList+0xb4>
100017fc:	f04f 4550 	mov.w	r5, #3489660928	@ 0xd0000000
10001800:	eb1a 0404 	adds.w	r4, sl, r4
10001804:	bf2c      	ite	cs
10001806:	2701      	movcs	r7, #1
10001808:	2700      	movcc	r7, #0
1000180a:	f7fe ffc5 	bl	10000798 <ulSetInterruptMask>
1000180e:	682b      	ldr	r3, [r5, #0]
10001810:	f856 a023 	ldr.w	sl, [r6, r3, lsl #2]
10001814:	f7fe ffcc 	bl	100007b0 <vClearInterruptMask>
10001818:	f8ca 4008 	str.w	r4, [sl, #8]
1000181c:	b997      	cbnz	r7, 10001844 <prvAddCurrentTaskToDelayedList+0x98>
1000181e:	f7fe ffbb 	bl	10000798 <ulSetInterruptMask>
10001822:	682b      	ldr	r3, [r5, #0]
10001824:	f856 5023 	ldr.w	r5, [r6, r3, lsl #2]
10001828:	f7fe ffc2 	bl	100007b0 <vClearInterruptMask>
1000182c:	4640      	mov	r0, r8
1000182e:	f105 0108 	add.w	r1, r5, #8
10001832:	f7ff f915 	bl	10000a60 <vListInsert>
10001836:	4b2a      	ldr	r3, [pc, #168]	@ (100018e0 <prvAddCurrentTaskToDelayedList+0x134>)
10001838:	681a      	ldr	r2, [r3, #0]
1000183a:	42a2      	cmp	r2, r4
1000183c:	bf88      	it	hi
1000183e:	601c      	strhi	r4, [r3, #0]
10001840:	e8bd 8ff8 	ldmia.w	sp!, {r3, r4, r5, r6, r7, r8, r9, sl, fp, pc}
10001844:	f7fe ffa8 	bl	10000798 <ulSetInterruptMask>
10001848:	682b      	ldr	r3, [r5, #0]
1000184a:	f856 4023 	ldr.w	r4, [r6, r3, lsl #2]
1000184e:	f7fe ffaf 	bl	100007b0 <vClearInterruptMask>
10001852:	4648      	mov	r0, r9
10001854:	f104 0108 	add.w	r1, r4, #8
10001858:	e8bd 4ff8 	ldmia.w	sp!, {r3, r4, r5, r6, r7, r8, r9, sl, fp, lr}
1000185c:	f7ff b900 	b.w	10000a60 <vListInsert>
10001860:	4c20      	ldr	r4, [pc, #128]	@ (100018e4 <prvAddCurrentTaskToDelayedList+0x138>)
10001862:	6867      	ldr	r7, [r4, #4]
10001864:	f7fe ff98 	bl	10000798 <ulSetInterruptMask>
10001868:	682b      	ldr	r3, [r5, #0]
1000186a:	f856 8023 	ldr.w	r8, [r6, r3, lsl #2]
1000186e:	f7fe ff9f 	bl	100007b0 <vClearInterruptMask>
10001872:	f8c8 700c 	str.w	r7, [r8, #12]
10001876:	f7fe ff8f 	bl	10000798 <ulSetInterruptMask>
1000187a:	682b      	ldr	r3, [r5, #0]
1000187c:	f856 8023 	ldr.w	r8, [r6, r3, lsl #2]
10001880:	f7fe ff96 	bl	100007b0 <vClearInterruptMask>
10001884:	68bb      	ldr	r3, [r7, #8]
10001886:	f8c8 3010 	str.w	r3, [r8, #16]
1000188a:	f7fe ff85 	bl	10000798 <ulSetInterruptMask>
1000188e:	682b      	ldr	r3, [r5, #0]
10001890:	f856 8023 	ldr.w	r8, [r6, r3, lsl #2]
10001894:	f7fe ff8c 	bl	100007b0 <vClearInterruptMask>
10001898:	68ba      	ldr	r2, [r7, #8]
1000189a:	f108 0308 	add.w	r3, r8, #8
1000189e:	6053      	str	r3, [r2, #4]
100018a0:	f7fe ff7a 	bl	10000798 <ulSetInterruptMask>
100018a4:	682b      	ldr	r3, [r5, #0]
100018a6:	f856 8023 	ldr.w	r8, [r6, r3, lsl #2]
100018aa:	f7fe ff81 	bl	100007b0 <vClearInterruptMask>
100018ae:	f108 0308 	add.w	r3, r8, #8
100018b2:	60bb      	str	r3, [r7, #8]
100018b4:	f7fe ff70 	bl	10000798 <ulSetInterruptMask>
100018b8:	682b      	ldr	r3, [r5, #0]
100018ba:	f856 5023 	ldr.w	r5, [r6, r3, lsl #2]
100018be:	f7fe ff77 	bl	100007b0 <vClearInterruptMask>
100018c2:	6823      	ldr	r3, [r4, #0]
100018c4:	61ac      	str	r4, [r5, #24]
100018c6:	3301      	adds	r3, #1
100018c8:	6023      	str	r3, [r4, #0]
100018ca:	e8bd 8ff8 	ldmia.w	sp!, {r3, r4, r5, r6, r7, r8, r9, sl, fp, pc}
100018ce:	bf00      	nop
100018d0:	20001f00 	.word	0x20001f00
100018d4:	20001f08 	.word	0x20001f08
100018d8:	200222a4 	.word	0x200222a4
100018dc:	20001ef4 	.word	0x20001ef4
100018e0:	20022248 	.word	0x20022248
100018e4:	2002227c 	.word	0x2002227c

100018e8 <vTaskSuspendAll>:
100018e8:	4b02      	ldr	r3, [pc, #8]	@ (100018f4 <vTaskSuspendAll+0xc>)
100018ea:	681b      	ldr	r3, [r3, #0]
100018ec:	b903      	cbnz	r3, 100018f0 <vTaskSuspendAll+0x8>
100018ee:	4770      	bx	lr
100018f0:	f7ff be08 	b.w	10001504 <vTaskSuspendAll.part.0>
100018f4:	20022270 	.word	0x20022270

100018f8 <xTaskGetTickCount>:
100018f8:	4b01      	ldr	r3, [pc, #4]	@ (10001900 <xTaskGetTickCount+0x8>)
100018fa:	6818      	ldr	r0, [r3, #0]
100018fc:	4770      	bx	lr
100018fe:	bf00      	nop
10001900:	200222a4 	.word	0x200222a4

10001904 <uxTaskGetNumberOfTasks>:
10001904:	4b01      	ldr	r3, [pc, #4]	@ (1000190c <uxTaskGetNumberOfTasks+0x8>)
10001906:	6818      	ldr	r0, [r3, #0]
10001908:	4770      	bx	lr
1000190a:	bf00      	nop
1000190c:	200221cc 	.word	0x200221cc

10001910 <xTaskIncrementTick>:
10001910:	4b81      	ldr	r3, [pc, #516]	@ (10001b18 <xTaskIncrementTick+0x208>)
10001912:	e92d 47f0 	stmdb	sp!, {r4, r5, r6, r7, r8, r9, sl, lr}
10001916:	681b      	ldr	r3, [r3, #0]
10001918:	bb5b      	cbnz	r3, 10001972 <xTaskIncrementTick+0x62>
1000191a:	4b80      	ldr	r3, [pc, #512]	@ (10001b1c <xTaskIncrementTick+0x20c>)
1000191c:	681d      	ldr	r5, [r3, #0]
1000191e:	3501      	adds	r5, #1
10001920:	601d      	str	r5, [r3, #0]
10001922:	b375      	cbz	r5, 10001982 <xTaskIncrementTick+0x72>
10001924:	f8df 8218 	ldr.w	r8, [pc, #536]	@ 10001b40 <xTaskIncrementTick+0x230>
10001928:	f8d8 3000 	ldr.w	r3, [r8]
1000192c:	42ab      	cmp	r3, r5
1000192e:	d940      	bls.n	100019b2 <xTaskIncrementTick+0xa2>
10001930:	4c7b      	ldr	r4, [pc, #492]	@ (10001b20 <xTaskIncrementTick+0x210>)
10001932:	4d7c      	ldr	r5, [pc, #496]	@ (10001b24 <xTaskIncrementTick+0x214>)
10001934:	682b      	ldr	r3, [r5, #0]
10001936:	6b1b      	ldr	r3, [r3, #48]	@ 0x30
10001938:	eb03 0383 	add.w	r3, r3, r3, lsl #2
1000193c:	f854 3023 	ldr.w	r3, [r4, r3, lsl #2]
10001940:	2b01      	cmp	r3, #1
10001942:	686b      	ldr	r3, [r5, #4]
10001944:	6b1b      	ldr	r3, [r3, #48]	@ 0x30
10001946:	eb03 0383 	add.w	r3, r3, r3, lsl #2
1000194a:	f854 3023 	ldr.w	r3, [r4, r3, lsl #2]
1000194e:	f240 808f 	bls.w	10001a70 <xTaskIncrementTick+0x160>
10001952:	2b01      	cmp	r3, #1
10001954:	f04f 4350 	mov.w	r3, #3489660928	@ 0xd0000000
10001958:	681e      	ldr	r6, [r3, #0]
1000195a:	f240 80a3 	bls.w	10001aa4 <xTaskIncrementTick+0x194>
1000195e:	2e00      	cmp	r6, #0
10001960:	f000 80cb 	beq.w	10001afa <xTaskIncrementTick+0x1ea>
10001964:	682b      	ldr	r3, [r5, #0]
10001966:	6b9b      	ldr	r3, [r3, #56]	@ 0x38
10001968:	3302      	adds	r3, #2
1000196a:	f000 80ae 	beq.w	10001aca <xTaskIncrementTick+0x1ba>
1000196e:	2401      	movs	r4, #1
10001970:	e09e      	b.n	10001ab0 <xTaskIncrementTick+0x1a0>
10001972:	2400      	movs	r4, #0
10001974:	4a6c      	ldr	r2, [pc, #432]	@ (10001b28 <xTaskIncrementTick+0x218>)
10001976:	6813      	ldr	r3, [r2, #0]
10001978:	3301      	adds	r3, #1
1000197a:	6013      	str	r3, [r2, #0]
1000197c:	4620      	mov	r0, r4
1000197e:	e8bd 87f0 	ldmia.w	sp!, {r4, r5, r6, r7, r8, r9, sl, pc}
10001982:	4b6a      	ldr	r3, [pc, #424]	@ (10001b2c <xTaskIncrementTick+0x21c>)
10001984:	4a6a      	ldr	r2, [pc, #424]	@ (10001b30 <xTaskIncrementTick+0x220>)
10001986:	6818      	ldr	r0, [r3, #0]
10001988:	6811      	ldr	r1, [r2, #0]
1000198a:	6019      	str	r1, [r3, #0]
1000198c:	4969      	ldr	r1, [pc, #420]	@ (10001b34 <xTaskIncrementTick+0x224>)
1000198e:	6010      	str	r0, [r2, #0]
10001990:	680a      	ldr	r2, [r1, #0]
10001992:	3201      	adds	r2, #1
10001994:	600a      	str	r2, [r1, #0]
10001996:	681a      	ldr	r2, [r3, #0]
10001998:	6812      	ldr	r2, [r2, #0]
1000199a:	2a00      	cmp	r2, #0
1000199c:	d174      	bne.n	10001a88 <xTaskIncrementTick+0x178>
1000199e:	f04f 33ff 	mov.w	r3, #4294967295	@ 0xffffffff
100019a2:	f8df 819c 	ldr.w	r8, [pc, #412]	@ 10001b40 <xTaskIncrementTick+0x230>
100019a6:	f8c8 3000 	str.w	r3, [r8]
100019aa:	f8d8 3000 	ldr.w	r3, [r8]
100019ae:	42ab      	cmp	r3, r5
100019b0:	d8be      	bhi.n	10001930 <xTaskIncrementTick+0x20>
100019b2:	f8df 9178 	ldr.w	r9, [pc, #376]	@ 10001b2c <xTaskIncrementTick+0x21c>
100019b6:	f8d9 3000 	ldr.w	r3, [r9]
100019ba:	681b      	ldr	r3, [r3, #0]
100019bc:	2b00      	cmp	r3, #0
100019be:	f000 809e 	beq.w	10001afe <xTaskIncrementTick+0x1ee>
100019c2:	2600      	movs	r6, #0
100019c4:	4c56      	ldr	r4, [pc, #344]	@ (10001b20 <xTaskIncrementTick+0x210>)
100019c6:	4f5c      	ldr	r7, [pc, #368]	@ (10001b38 <xTaskIncrementTick+0x228>)
100019c8:	e044      	b.n	10001a54 <xTaskIncrementTick+0x144>
100019ca:	6999      	ldr	r1, [r3, #24]
100019cc:	e9d3 2a03 	ldrd	r2, sl, [r3, #12]
100019d0:	f8c2 a008 	str.w	sl, [r2, #8]
100019d4:	f8ca 2004 	str.w	r2, [sl, #4]
100019d8:	684a      	ldr	r2, [r1, #4]
100019da:	4618      	mov	r0, r3
100019dc:	4562      	cmp	r2, ip
100019de:	680a      	ldr	r2, [r1, #0]
100019e0:	bf08      	it	eq
100019e2:	f8c1 a004 	streq.w	sl, [r1, #4]
100019e6:	3a01      	subs	r2, #1
100019e8:	619e      	str	r6, [r3, #24]
100019ea:	600a      	str	r2, [r1, #0]
100019ec:	6ad9      	ldr	r1, [r3, #44]	@ 0x2c
100019ee:	b171      	cbz	r1, 10001a0e <xTaskIncrementTick+0xfe>
100019f0:	e9d3 2a08 	ldrd	r2, sl, [r3, #32]
100019f4:	f8c2 a008 	str.w	sl, [r2, #8]
100019f8:	f8ca 2004 	str.w	r2, [sl, #4]
100019fc:	684a      	ldr	r2, [r1, #4]
100019fe:	4572      	cmp	r2, lr
10001a00:	680a      	ldr	r2, [r1, #0]
10001a02:	bf08      	it	eq
10001a04:	f8c1 a004 	streq.w	sl, [r1, #4]
10001a08:	3a01      	subs	r2, #1
10001a0a:	62de      	str	r6, [r3, #44]	@ 0x2c
10001a0c:	600a      	str	r2, [r1, #0]
10001a0e:	6b1a      	ldr	r2, [r3, #48]	@ 0x30
10001a10:	f8d7 e000 	ldr.w	lr, [r7]
10001a14:	eb02 0182 	add.w	r1, r2, r2, lsl #2
10001a18:	4572      	cmp	r2, lr
10001a1a:	eb04 0e81 	add.w	lr, r4, r1, lsl #2
10001a1e:	bf88      	it	hi
10001a20:	603a      	strhi	r2, [r7, #0]
10001a22:	f8de 2004 	ldr.w	r2, [lr, #4]
10001a26:	f8d2 a008 	ldr.w	sl, [r2, #8]
10001a2a:	60da      	str	r2, [r3, #12]
10001a2c:	f8c3 a010 	str.w	sl, [r3, #16]
10001a30:	f8ca c004 	str.w	ip, [sl, #4]
10001a34:	f8c2 c008 	str.w	ip, [r2, #8]
10001a38:	f854 2021 	ldr.w	r2, [r4, r1, lsl #2]
10001a3c:	f8c3 e018 	str.w	lr, [r3, #24]
10001a40:	3201      	adds	r2, #1
10001a42:	f844 2021 	str.w	r2, [r4, r1, lsl #2]
10001a46:	f7ff fb5b 	bl	10001100 <prvYieldForTask>
10001a4a:	f8d9 3000 	ldr.w	r3, [r9]
10001a4e:	681b      	ldr	r3, [r3, #0]
10001a50:	2b00      	cmp	r3, #0
10001a52:	d055      	beq.n	10001b00 <xTaskIncrementTick+0x1f0>
10001a54:	f8d9 3000 	ldr.w	r3, [r9]
10001a58:	68db      	ldr	r3, [r3, #12]
10001a5a:	68db      	ldr	r3, [r3, #12]
10001a5c:	689a      	ldr	r2, [r3, #8]
10001a5e:	f103 0c08 	add.w	ip, r3, #8
10001a62:	4295      	cmp	r5, r2
10001a64:	f103 0e1c 	add.w	lr, r3, #28
10001a68:	d2af      	bcs.n	100019ca <xTaskIncrementTick+0xba>
10001a6a:	f8c8 2000 	str.w	r2, [r8]
10001a6e:	e760      	b.n	10001932 <xTaskIncrementTick+0x22>
10001a70:	2b01      	cmp	r3, #1
10001a72:	d911      	bls.n	10001a98 <xTaskIncrementTick+0x188>
10001a74:	f04f 4250 	mov.w	r2, #3489660928	@ 0xd0000000
10001a78:	4b30      	ldr	r3, [pc, #192]	@ (10001b3c <xTaskIncrementTick+0x22c>)
10001a7a:	6816      	ldr	r6, [r2, #0]
10001a7c:	681b      	ldr	r3, [r3, #0]
10001a7e:	b323      	cbz	r3, 10001aca <xTaskIncrementTick+0x1ba>
10001a80:	2e00      	cmp	r6, #0
10001a82:	f47f af6f 	bne.w	10001964 <xTaskIncrementTick+0x54>
10001a86:	e038      	b.n	10001afa <xTaskIncrementTick+0x1ea>
10001a88:	681b      	ldr	r3, [r3, #0]
10001a8a:	f8df 80b4 	ldr.w	r8, [pc, #180]	@ 10001b40 <xTaskIncrementTick+0x230>
10001a8e:	68db      	ldr	r3, [r3, #12]
10001a90:	681b      	ldr	r3, [r3, #0]
10001a92:	f8c8 3000 	str.w	r3, [r8]
10001a96:	e747      	b.n	10001928 <xTaskIncrementTick+0x18>
10001a98:	f04f 4150 	mov.w	r1, #3489660928	@ 0xd0000000
10001a9c:	4b27      	ldr	r3, [pc, #156]	@ (10001b3c <xTaskIncrementTick+0x22c>)
10001a9e:	680e      	ldr	r6, [r1, #0]
10001aa0:	681a      	ldr	r2, [r3, #0]
10001aa2:	b172      	cbz	r2, 10001ac2 <xTaskIncrementTick+0x1b2>
10001aa4:	b336      	cbz	r6, 10001af4 <xTaskIncrementTick+0x1e4>
10001aa6:	682b      	ldr	r3, [r5, #0]
10001aa8:	6b9b      	ldr	r3, [r3, #56]	@ 0x38
10001aaa:	3302      	adds	r3, #2
10001aac:	d008      	beq.n	10001ac0 <xTaskIncrementTick+0x1b0>
10001aae:	2400      	movs	r4, #0
10001ab0:	2000      	movs	r0, #0
10001ab2:	f7fe fe3b 	bl	1000072c <vYieldCore>
10001ab6:	f06f 0201 	mvn.w	r2, #1
10001aba:	682b      	ldr	r3, [r5, #0]
10001abc:	639a      	str	r2, [r3, #56]	@ 0x38
10001abe:	b924      	cbnz	r4, 10001aca <xTaskIncrementTick+0x1ba>
10001ac0:	4b1e      	ldr	r3, [pc, #120]	@ (10001b3c <xTaskIncrementTick+0x22c>)
10001ac2:	685c      	ldr	r4, [r3, #4]
10001ac4:	2c00      	cmp	r4, #0
10001ac6:	f43f af59 	beq.w	1000197c <xTaskIncrementTick+0x6c>
10001aca:	2e01      	cmp	r6, #1
10001acc:	d01d      	beq.n	10001b0a <xTaskIncrementTick+0x1fa>
10001ace:	2400      	movs	r4, #0
10001ad0:	f04f 4350 	mov.w	r3, #3489660928	@ 0xd0000000
10001ad4:	681b      	ldr	r3, [r3, #0]
10001ad6:	2b01      	cmp	r3, #1
10001ad8:	d01b      	beq.n	10001b12 <xTaskIncrementTick+0x202>
10001ada:	686b      	ldr	r3, [r5, #4]
10001adc:	6b9b      	ldr	r3, [r3, #56]	@ 0x38
10001ade:	3302      	adds	r3, #2
10001ae0:	f43f af4c 	beq.w	1000197c <xTaskIncrementTick+0x6c>
10001ae4:	2001      	movs	r0, #1
10001ae6:	f7fe fe21 	bl	1000072c <vYieldCore>
10001aea:	f06f 0201 	mvn.w	r2, #1
10001aee:	686b      	ldr	r3, [r5, #4]
10001af0:	639a      	str	r2, [r3, #56]	@ 0x38
10001af2:	e743      	b.n	1000197c <xTaskIncrementTick+0x6c>
10001af4:	4b11      	ldr	r3, [pc, #68]	@ (10001b3c <xTaskIncrementTick+0x22c>)
10001af6:	685b      	ldr	r3, [r3, #4]
10001af8:	b13b      	cbz	r3, 10001b0a <xTaskIncrementTick+0x1fa>
10001afa:	2401      	movs	r4, #1
10001afc:	e7e8      	b.n	10001ad0 <xTaskIncrementTick+0x1c0>
10001afe:	4c08      	ldr	r4, [pc, #32]	@ (10001b20 <xTaskIncrementTick+0x210>)
10001b00:	f04f 33ff 	mov.w	r3, #4294967295	@ 0xffffffff
10001b04:	f8c8 3000 	str.w	r3, [r8]
10001b08:	e713      	b.n	10001932 <xTaskIncrementTick+0x22>
10001b0a:	2401      	movs	r4, #1
10001b0c:	4620      	mov	r0, r4
10001b0e:	e8bd 87f0 	ldmia.w	sp!, {r4, r5, r6, r7, r8, r9, sl, pc}
10001b12:	4a0a      	ldr	r2, [pc, #40]	@ (10001b3c <xTaskIncrementTick+0x22c>)
10001b14:	6053      	str	r3, [r2, #4]
10001b16:	e731      	b.n	1000197c <xTaskIncrementTick+0x6c>
10001b18:	200221d4 	.word	0x200221d4
10001b1c:	200222a4 	.word	0x200222a4
10001b20:	20001f10 	.word	0x20001f10
10001b24:	20001ef4 	.word	0x20001ef4
10001b28:	20022258 	.word	0x20022258
10001b2c:	20001f00 	.word	0x20001f00
10001b30:	20001f08 	.word	0x20001f08
10001b34:	2002224c 	.word	0x2002224c
10001b38:	200221dc 	.word	0x200221dc
10001b3c:	200222b0 	.word	0x200222b0
10001b40:	20022248 	.word	0x20022248

10001b44 <vTaskSwitchContext>:
10001b44:	f04f 4350 	mov.w	r3, #3489660928	@ 0xd0000000
10001b48:	e92d 4ff0 	stmdb	sp!, {r4, r5, r6, r7, r8, r9, sl, fp, lr}
10001b4c:	681b      	ldr	r3, [r3, #0]
10001b4e:	4604      	mov	r4, r0
10001b50:	f8df 9288 	ldr.w	r9, [pc, #648]	@ 10001ddc <vTaskSwitchContext+0x298>
10001b54:	b083      	sub	sp, #12
10001b56:	e8d9 2fcf 	ldaexb	r2, [r9]
10001b5a:	2101      	movs	r1, #1
10001b5c:	2a00      	cmp	r2, #0
10001b5e:	d101      	bne.n	10001b64 <vTaskSwitchContext+0x20>
10001b60:	e8c9 1f42 	strexb	r2, r1, [r9]
10001b64:	f3bf 8f5f 	dmb	sy
10001b68:	f8df 8274 	ldr.w	r8, [pc, #628]	@ 10001de0 <vTaskSwitchContext+0x29c>
10001b6c:	2a00      	cmp	r2, #0
10001b6e:	d14d      	bne.n	10001c0c <vTaskSwitchContext+0xc8>
10001b70:	005a      	lsls	r2, r3, #1
10001b72:	2301      	movs	r3, #1
10001b74:	4e94      	ldr	r6, [pc, #592]	@ (10001dc8 <vTaskSwitchContext+0x284>)
10001b76:	4442      	add	r2, r8
10001b78:	7073      	strb	r3, [r6, #1]
10001b7a:	7053      	strb	r3, [r2, #1]
10001b7c:	f04f 4350 	mov.w	r3, #3489660928	@ 0xd0000000
10001b80:	f8df b260 	ldr.w	fp, [pc, #608]	@ 10001de4 <vTaskSwitchContext+0x2a0>
10001b84:	681a      	ldr	r2, [r3, #0]
10001b86:	e8db 3fcf 	ldaexb	r3, [fp]
10001b8a:	2101      	movs	r1, #1
10001b8c:	2b00      	cmp	r3, #0
10001b8e:	d101      	bne.n	10001b94 <vTaskSwitchContext+0x50>
10001b90:	e8cb 1f43 	strexb	r3, r1, [fp]
10001b94:	f3bf 8f5f 	dmb	sy
10001b98:	b17b      	cbz	r3, 10001bba <vTaskSwitchContext+0x76>
10001b9a:	f818 3012 	ldrb.w	r3, [r8, r2, lsl #1]
10001b9e:	2b00      	cmp	r3, #0
10001ba0:	f040 80e5 	bne.w	10001d6e <vTaskSwitchContext+0x22a>
10001ba4:	e8db 1fcf 	ldaexb	r1, [fp]
10001ba8:	2301      	movs	r3, #1
10001baa:	2900      	cmp	r1, #0
10001bac:	d1fa      	bne.n	10001ba4 <vTaskSwitchContext+0x60>
10001bae:	e8cb 3f41 	strexb	r1, r3, [fp]
10001bb2:	2900      	cmp	r1, #0
10001bb4:	d1f6      	bne.n	10001ba4 <vTaskSwitchContext+0x60>
10001bb6:	f3bf 8f5f 	dmb	sy
10001bba:	2301      	movs	r3, #1
10001bbc:	7033      	strb	r3, [r6, #0]
10001bbe:	f808 3012 	strb.w	r3, [r8, r2, lsl #1]
10001bc2:	4b82      	ldr	r3, [pc, #520]	@ (10001dcc <vTaskSwitchContext+0x288>)
10001bc4:	681b      	ldr	r3, [r3, #0]
10001bc6:	2b00      	cmp	r3, #0
10001bc8:	d033      	beq.n	10001c32 <vTaskSwitchContext+0xee>
10001bca:	2101      	movs	r1, #1
10001bcc:	f04f 4350 	mov.w	r3, #3489660928	@ 0xd0000000
10001bd0:	4a7f      	ldr	r2, [pc, #508]	@ (10001dd0 <vTaskSwitchContext+0x28c>)
10001bd2:	f842 1024 	str.w	r1, [r2, r4, lsl #2]
10001bd6:	f8d3 c000 	ldr.w	ip, [r3]
10001bda:	7833      	ldrb	r3, [r6, #0]
10001bdc:	3b01      	subs	r3, #1
10001bde:	b2db      	uxtb	r3, r3
10001be0:	7033      	strb	r3, [r6, #0]
10001be2:	b91b      	cbnz	r3, 10001bec <vTaskSwitchContext+0xa8>
10001be4:	f808 301c 	strb.w	r3, [r8, ip, lsl #1]
10001be8:	e8cb 3f8f 	stlb	r3, [fp]
10001bec:	f04f 4250 	mov.w	r2, #3489660928	@ 0xd0000000
10001bf0:	7873      	ldrb	r3, [r6, #1]
10001bf2:	6812      	ldr	r2, [r2, #0]
10001bf4:	3b01      	subs	r3, #1
10001bf6:	b2db      	uxtb	r3, r3
10001bf8:	7073      	strb	r3, [r6, #1]
10001bfa:	b923      	cbnz	r3, 10001c06 <vTaskSwitchContext+0xc2>
10001bfc:	eb08 0242 	add.w	r2, r8, r2, lsl #1
10001c00:	7053      	strb	r3, [r2, #1]
10001c02:	e8c9 3f8f 	stlb	r3, [r9]
10001c06:	b003      	add	sp, #12
10001c08:	e8bd 8ff0 	ldmia.w	sp!, {r4, r5, r6, r7, r8, r9, sl, fp, pc}
10001c0c:	005a      	lsls	r2, r3, #1
10001c0e:	eb08 0343 	add.w	r3, r8, r3, lsl #1
10001c12:	785b      	ldrb	r3, [r3, #1]
10001c14:	2b00      	cmp	r3, #0
10001c16:	f040 80af 	bne.w	10001d78 <vTaskSwitchContext+0x234>
10001c1a:	e8d9 1fcf 	ldaexb	r1, [r9]
10001c1e:	2301      	movs	r3, #1
10001c20:	2900      	cmp	r1, #0
10001c22:	d1fa      	bne.n	10001c1a <vTaskSwitchContext+0xd6>
10001c24:	e8c9 3f41 	strexb	r1, r3, [r9]
10001c28:	2900      	cmp	r1, #0
10001c2a:	d1f6      	bne.n	10001c1a <vTaskSwitchContext+0xd6>
10001c2c:	f3bf 8f5f 	dmb	sy
10001c30:	e79f      	b.n	10001b72 <vTaskSwitchContext+0x2e>
10001c32:	4a67      	ldr	r2, [pc, #412]	@ (10001dd0 <vTaskSwitchContext+0x28c>)
10001c34:	4d67      	ldr	r5, [pc, #412]	@ (10001dd4 <vTaskSwitchContext+0x290>)
10001c36:	f842 3024 	str.w	r3, [r2, r4, lsl #2]
10001c3a:	f7fe fdad 	bl	10000798 <ulSetInterruptMask>
10001c3e:	f04f 4350 	mov.w	r3, #3489660928	@ 0xd0000000
10001c42:	681b      	ldr	r3, [r3, #0]
10001c44:	f855 7023 	ldr.w	r7, [r5, r3, lsl #2]
10001c48:	f7fe fdb2 	bl	100007b0 <vClearInterruptMask>
10001c4c:	6b7b      	ldr	r3, [r7, #52]	@ 0x34
10001c4e:	681a      	ldr	r2, [r3, #0]
10001c50:	f1b2 3fa5 	cmp.w	r2, #2779096485	@ 0xa5a5a5a5
10001c54:	d108      	bne.n	10001c68 <vTaskSwitchContext+0x124>
10001c56:	685a      	ldr	r2, [r3, #4]
10001c58:	f1b2 3fa5 	cmp.w	r2, #2779096485	@ 0xa5a5a5a5
10001c5c:	d104      	bne.n	10001c68 <vTaskSwitchContext+0x124>
10001c5e:	689a      	ldr	r2, [r3, #8]
10001c60:	f1b2 3fa5 	cmp.w	r2, #2779096485	@ 0xa5a5a5a5
10001c64:	f000 80aa 	beq.w	10001dbc <vTaskSwitchContext+0x278>
10001c68:	f04f 4750 	mov.w	r7, #3489660928	@ 0xd0000000
10001c6c:	f7fe fd94 	bl	10000798 <ulSetInterruptMask>
10001c70:	683b      	ldr	r3, [r7, #0]
10001c72:	f855 a023 	ldr.w	sl, [r5, r3, lsl #2]
10001c76:	f7fe fd9b 	bl	100007b0 <vClearInterruptMask>
10001c7a:	f7fe fd8d 	bl	10000798 <ulSetInterruptMask>
10001c7e:	683b      	ldr	r3, [r7, #0]
10001c80:	f855 7023 	ldr.w	r7, [r5, r3, lsl #2]
10001c84:	f7fe fd94 	bl	100007b0 <vClearInterruptMask>
10001c88:	4638      	mov	r0, r7
10001c8a:	f10a 0140 	add.w	r1, sl, #64	@ 0x40
10001c8e:	f7fe faff 	bl	10000290 <vApplicationStackOverflowHook>
10001c92:	f8df a154 	ldr.w	sl, [pc, #340]	@ 10001de8 <vTaskSwitchContext+0x2a4>
10001c96:	4950      	ldr	r1, [pc, #320]	@ (10001dd8 <vTaskSwitchContext+0x294>)
10001c98:	f8da 7000 	ldr.w	r7, [sl]
10001c9c:	f855 3024 	ldr.w	r3, [r5, r4, lsl #2]
10001ca0:	699a      	ldr	r2, [r3, #24]
10001ca2:	f855 3024 	ldr.w	r3, [r5, r4, lsl #2]
10001ca6:	6b1b      	ldr	r3, [r3, #48]	@ 0x30
10001ca8:	eb03 0383 	add.w	r3, r3, r3, lsl #2
10001cac:	eb01 0383 	add.w	r3, r1, r3, lsl #2
10001cb0:	429a      	cmp	r2, r3
10001cb2:	d070      	beq.n	10001d96 <vTaskSwitchContext+0x252>
10001cb4:	2101      	movs	r1, #1
10001cb6:	4a48      	ldr	r2, [pc, #288]	@ (10001dd8 <vTaskSwitchContext+0x294>)
10001cb8:	eb07 0387 	add.w	r3, r7, r7, lsl #2
10001cbc:	eb02 0383 	add.w	r3, r2, r3, lsl #2
10001cc0:	681a      	ldr	r2, [r3, #0]
10001cc2:	3308      	adds	r3, #8
10001cc4:	40a1      	lsls	r1, r4
10001cc6:	b962      	cbnz	r2, 10001ce2 <vTaskSwitchContext+0x19e>
10001cc8:	f8da 2000 	ldr.w	r2, [sl]
10001ccc:	3b14      	subs	r3, #20
10001cce:	3a01      	subs	r2, #1
10001cd0:	f8ca 2000 	str.w	r2, [sl]
10001cd4:	2f00      	cmp	r7, #0
10001cd6:	d059      	beq.n	10001d8c <vTaskSwitchContext+0x248>
10001cd8:	f853 2c08 	ldr.w	r2, [r3, #-8]
10001cdc:	3f01      	subs	r7, #1
10001cde:	2a00      	cmp	r2, #0
10001ce0:	d0f2      	beq.n	10001cc8 <vTaskSwitchContext+0x184>
10001ce2:	469c      	mov	ip, r3
10001ce4:	f8dc 0004 	ldr.w	r0, [ip, #4]
10001ce8:	4560      	cmp	r0, ip
10001cea:	d02e      	beq.n	10001d4a <vTaskSwitchContext+0x206>
10001cec:	46be      	mov	lr, r7
10001cee:	e006      	b.n	10001cfe <vTaskSwitchContext+0x1ba>
10001cf0:	f855 3024 	ldr.w	r3, [r5, r4, lsl #2]
10001cf4:	429a      	cmp	r2, r3
10001cf6:	d031      	beq.n	10001d5c <vTaskSwitchContext+0x218>
10001cf8:	6840      	ldr	r0, [r0, #4]
10001cfa:	4560      	cmp	r0, ip
10001cfc:	d024      	beq.n	10001d48 <vTaskSwitchContext+0x204>
10001cfe:	68c2      	ldr	r2, [r0, #12]
10001d00:	6b93      	ldr	r3, [r2, #56]	@ 0x38
10001d02:	1c5f      	adds	r7, r3, #1
10001d04:	d1f4      	bne.n	10001cf0 <vTaskSwitchContext+0x1ac>
10001d06:	6857      	ldr	r7, [r2, #4]
10001d08:	4239      	tst	r1, r7
10001d0a:	d0f5      	beq.n	10001cf8 <vTaskSwitchContext+0x1b4>
10001d0c:	4694      	mov	ip, r2
10001d0e:	461a      	mov	r2, r3
10001d10:	f04f 4350 	mov.w	r3, #3489660928	@ 0xd0000000
10001d14:	f855 1024 	ldr.w	r1, [r5, r4, lsl #2]
10001d18:	638a      	str	r2, [r1, #56]	@ 0x38
10001d1a:	f855 0024 	ldr.w	r0, [r5, r4, lsl #2]
10001d1e:	f8cc 4038 	str.w	r4, [ip, #56]	@ 0x38
10001d22:	f845 c024 	str.w	ip, [r5, r4, lsl #2]
10001d26:	f8d3 c000 	ldr.w	ip, [r3]
10001d2a:	b150      	cbz	r0, 10001d42 <vTaskSwitchContext+0x1fe>
10001d2c:	6983      	ldr	r3, [r0, #24]
10001d2e:	6b07      	ldr	r7, [r0, #48]	@ 0x30
10001d30:	9301      	str	r3, [sp, #4]
10001d32:	4b29      	ldr	r3, [pc, #164]	@ (10001dd8 <vTaskSwitchContext+0x294>)
10001d34:	eb07 0187 	add.w	r1, r7, r7, lsl #2
10001d38:	eb03 0181 	add.w	r1, r3, r1, lsl #2
10001d3c:	9b01      	ldr	r3, [sp, #4]
10001d3e:	428b      	cmp	r3, r1
10001d40:	d054      	beq.n	10001dec <vTaskSwitchContext+0x2a8>
10001d42:	f855 302c 	ldr.w	r3, [r5, ip, lsl #2]
10001d46:	e748      	b.n	10001bda <vTaskSwitchContext+0x96>
10001d48:	4677      	mov	r7, lr
10001d4a:	f1ac 0c14 	sub.w	ip, ip, #20
10001d4e:	b1ef      	cbz	r7, 10001d8c <vTaskSwitchContext+0x248>
10001d50:	f85c 3c08 	ldr.w	r3, [ip, #-8]
10001d54:	3f01      	subs	r7, #1
10001d56:	2b00      	cmp	r3, #0
10001d58:	d0f7      	beq.n	10001d4a <vTaskSwitchContext+0x206>
10001d5a:	e7c3      	b.n	10001ce4 <vTaskSwitchContext+0x1a0>
10001d5c:	6853      	ldr	r3, [r2, #4]
10001d5e:	4219      	tst	r1, r3
10001d60:	d0ca      	beq.n	10001cf8 <vTaskSwitchContext+0x1b4>
10001d62:	f04f 4350 	mov.w	r3, #3489660928	@ 0xd0000000
10001d66:	6394      	str	r4, [r2, #56]	@ 0x38
10001d68:	f8d3 c000 	ldr.w	ip, [r3]
10001d6c:	e7e9      	b.n	10001d42 <vTaskSwitchContext+0x1fe>
10001d6e:	7833      	ldrb	r3, [r6, #0]
10001d70:	3301      	adds	r3, #1
10001d72:	b2db      	uxtb	r3, r3
10001d74:	7033      	strb	r3, [r6, #0]
10001d76:	e724      	b.n	10001bc2 <vTaskSwitchContext+0x7e>
10001d78:	4e13      	ldr	r6, [pc, #76]	@ (10001dc8 <vTaskSwitchContext+0x284>)
10001d7a:	7873      	ldrb	r3, [r6, #1]
10001d7c:	3301      	adds	r3, #1
10001d7e:	b2db      	uxtb	r3, r3
10001d80:	7073      	strb	r3, [r6, #1]
10001d82:	e6fb      	b.n	10001b7c <vTaskSwitchContext+0x38>
10001d84:	2301      	movs	r3, #1
10001d86:	4a12      	ldr	r2, [pc, #72]	@ (10001dd0 <vTaskSwitchContext+0x28c>)
10001d88:	f842 302c 	str.w	r3, [r2, ip, lsl #2]
10001d8c:	f04f 4350 	mov.w	r3, #3489660928	@ 0xd0000000
10001d90:	f8d3 c000 	ldr.w	ip, [r3]
10001d94:	e7d5      	b.n	10001d42 <vTaskSwitchContext+0x1fe>
10001d96:	f855 0024 	ldr.w	r0, [r5, r4, lsl #2]
10001d9a:	3008      	adds	r0, #8
10001d9c:	f7fe fe78 	bl	10000a90 <uxListRemove>
10001da0:	f855 3024 	ldr.w	r3, [r5, r4, lsl #2]
10001da4:	f855 1024 	ldr.w	r1, [r5, r4, lsl #2]
10001da8:	6b18      	ldr	r0, [r3, #48]	@ 0x30
10001daa:	4b0b      	ldr	r3, [pc, #44]	@ (10001dd8 <vTaskSwitchContext+0x294>)
10001dac:	eb00 0080 	add.w	r0, r0, r0, lsl #2
10001db0:	eb03 0080 	add.w	r0, r3, r0, lsl #2
10001db4:	3108      	adds	r1, #8
10001db6:	f7fe fe45 	bl	10000a44 <vListInsertEnd>
10001dba:	e77b      	b.n	10001cb4 <vTaskSwitchContext+0x170>
10001dbc:	68db      	ldr	r3, [r3, #12]
10001dbe:	f1b3 3fa5 	cmp.w	r3, #2779096485	@ 0xa5a5a5a5
10001dc2:	f47f af51 	bne.w	10001c68 <vTaskSwitchContext+0x124>
10001dc6:	e764      	b.n	10001c92 <vTaskSwitchContext+0x14e>
10001dc8:	200221a8 	.word	0x200221a8
10001dcc:	200221d4 	.word	0x200221d4
10001dd0:	200222b0 	.word	0x200222b0
10001dd4:	20001ef4 	.word	0x20001ef4
10001dd8:	20001f10 	.word	0x20001f10
10001ddc:	20001633 	.word	0x20001633
10001de0:	200221a4 	.word	0x200221a4
10001de4:	20001632 	.word	0x20001632
10001de8:	200221dc 	.word	0x200221dc
10001dec:	6bc1      	ldr	r1, [r0, #60]	@ 0x3c
10001dee:	6843      	ldr	r3, [r0, #4]
10001df0:	f001 0101 	and.w	r1, r1, #1
10001df4:	fa23 f004 	lsr.w	r0, r3, r4
10001df8:	1a79      	subs	r1, r7, r1
10001dfa:	07c7      	lsls	r7, r0, #31
10001dfc:	d504      	bpl.n	10001e08 <vTaskSwitchContext+0x2c4>
10001dfe:	f855 0024 	ldr.w	r0, [r5, r4, lsl #2]
10001e02:	6840      	ldr	r0, [r0, #4]
10001e04:	ea23 0300 	bic.w	r3, r3, r0
10001e08:	079c      	lsls	r4, r3, #30
10001e0a:	f003 0003 	and.w	r0, r3, #3
10001e0e:	d554      	bpl.n	10001eba <vTaskSwitchContext+0x376>
10001e10:	6868      	ldr	r0, [r5, #4]
10001e12:	686c      	ldr	r4, [r5, #4]
10001e14:	6b00      	ldr	r0, [r0, #48]	@ 0x30
10001e16:	6be4      	ldr	r4, [r4, #60]	@ 0x3c
10001e18:	f003 0301 	and.w	r3, r3, #1
10001e1c:	f004 0401 	and.w	r4, r4, #1
10001e20:	1b00      	subs	r0, r0, r4
10001e22:	4288      	cmp	r0, r1
10001e24:	db2c      	blt.n	10001e80 <vTaskSwitchContext+0x33c>
10001e26:	2b00      	cmp	r3, #0
10001e28:	d08b      	beq.n	10001d42 <vTaskSwitchContext+0x1fe>
10001e2a:	682b      	ldr	r3, [r5, #0]
10001e2c:	6828      	ldr	r0, [r5, #0]
10001e2e:	6b1b      	ldr	r3, [r3, #48]	@ 0x30
10001e30:	6bc0      	ldr	r0, [r0, #60]	@ 0x3c
10001e32:	f000 0001 	and.w	r0, r0, #1
10001e36:	1a1b      	subs	r3, r3, r0
10001e38:	4299      	cmp	r1, r3
10001e3a:	dd82      	ble.n	10001d42 <vTaskSwitchContext+0x1fe>
10001e3c:	682b      	ldr	r3, [r5, #0]
10001e3e:	6b9b      	ldr	r3, [r3, #56]	@ 0x38
10001e40:	2b00      	cmp	r3, #0
10001e42:	f6ff af7e 	blt.w	10001d42 <vTaskSwitchContext+0x1fe>
10001e46:	682b      	ldr	r3, [r5, #0]
10001e48:	6b9b      	ldr	r3, [r3, #56]	@ 0x38
10001e4a:	2b01      	cmp	r3, #1
10001e4c:	dd38      	ble.n	10001ec0 <vTaskSwitchContext+0x37c>
10001e4e:	3201      	adds	r2, #1
10001e50:	f43f af77 	beq.w	10001d42 <vTaskSwitchContext+0x1fe>
10001e54:	2401      	movs	r4, #1
10001e56:	4564      	cmp	r4, ip
10001e58:	d094      	beq.n	10001d84 <vTaskSwitchContext+0x240>
10001e5a:	f855 3024 	ldr.w	r3, [r5, r4, lsl #2]
10001e5e:	6b9b      	ldr	r3, [r3, #56]	@ 0x38
10001e60:	3302      	adds	r3, #2
10001e62:	f43f af6e 	beq.w	10001d42 <vTaskSwitchContext+0x1fe>
10001e66:	4620      	mov	r0, r4
10001e68:	f7fe fc60 	bl	1000072c <vYieldCore>
10001e6c:	f06f 0101 	mvn.w	r1, #1
10001e70:	f04f 4350 	mov.w	r3, #3489660928	@ 0xd0000000
10001e74:	f855 2024 	ldr.w	r2, [r5, r4, lsl #2]
10001e78:	6391      	str	r1, [r2, #56]	@ 0x38
10001e7a:	f8d3 c000 	ldr.w	ip, [r3]
10001e7e:	e760      	b.n	10001d42 <vTaskSwitchContext+0x1fe>
10001e80:	686c      	ldr	r4, [r5, #4]
10001e82:	6ba4      	ldr	r4, [r4, #56]	@ 0x38
10001e84:	2c00      	cmp	r4, #0
10001e86:	dbce      	blt.n	10001e26 <vTaskSwitchContext+0x2e2>
10001e88:	686c      	ldr	r4, [r5, #4]
10001e8a:	6ba4      	ldr	r4, [r4, #56]	@ 0x38
10001e8c:	2c01      	cmp	r4, #1
10001e8e:	dcca      	bgt.n	10001e26 <vTaskSwitchContext+0x2e2>
10001e90:	4c0e      	ldr	r4, [pc, #56]	@ (10001ecc <vTaskSwitchContext+0x388>)
10001e92:	6864      	ldr	r4, [r4, #4]
10001e94:	2c00      	cmp	r4, #0
10001e96:	d1c6      	bne.n	10001e26 <vTaskSwitchContext+0x2e2>
10001e98:	2b00      	cmp	r3, #0
10001e9a:	d0db      	beq.n	10001e54 <vTaskSwitchContext+0x310>
10001e9c:	682b      	ldr	r3, [r5, #0]
10001e9e:	6829      	ldr	r1, [r5, #0]
10001ea0:	6b1b      	ldr	r3, [r3, #48]	@ 0x30
10001ea2:	6bc9      	ldr	r1, [r1, #60]	@ 0x3c
10001ea4:	f001 0101 	and.w	r1, r1, #1
10001ea8:	1a5b      	subs	r3, r3, r1
10001eaa:	4298      	cmp	r0, r3
10001eac:	ddd2      	ble.n	10001e54 <vTaskSwitchContext+0x310>
10001eae:	682b      	ldr	r3, [r5, #0]
10001eb0:	6b9b      	ldr	r3, [r3, #56]	@ 0x38
10001eb2:	2b00      	cmp	r3, #0
10001eb4:	dbce      	blt.n	10001e54 <vTaskSwitchContext+0x310>
10001eb6:	2201      	movs	r2, #1
10001eb8:	e7c5      	b.n	10001e46 <vTaskSwitchContext+0x302>
10001eba:	2800      	cmp	r0, #0
10001ebc:	d1b5      	bne.n	10001e2a <vTaskSwitchContext+0x2e6>
10001ebe:	e740      	b.n	10001d42 <vTaskSwitchContext+0x1fe>
10001ec0:	4b02      	ldr	r3, [pc, #8]	@ (10001ecc <vTaskSwitchContext+0x388>)
10001ec2:	681c      	ldr	r4, [r3, #0]
10001ec4:	2c00      	cmp	r4, #0
10001ec6:	d0c6      	beq.n	10001e56 <vTaskSwitchContext+0x312>
10001ec8:	e7c1      	b.n	10001e4e <vTaskSwitchContext+0x30a>
10001eca:	bf00      	nop
10001ecc:	200222b0 	.word	0x200222b0

10001ed0 <vTaskPlaceOnEventList>:
10001ed0:	b570      	push	{r4, r5, r6, lr}
10001ed2:	460c      	mov	r4, r1
10001ed4:	4605      	mov	r5, r0
10001ed6:	f7fe fc5f 	bl	10000798 <ulSetInterruptMask>
10001eda:	f04f 4250 	mov.w	r2, #3489660928	@ 0xd0000000
10001ede:	4b08      	ldr	r3, [pc, #32]	@ (10001f00 <vTaskPlaceOnEventList+0x30>)
10001ee0:	6812      	ldr	r2, [r2, #0]
10001ee2:	f853 6022 	ldr.w	r6, [r3, r2, lsl #2]
10001ee6:	f7fe fc63 	bl	100007b0 <vClearInterruptMask>
10001eea:	4628      	mov	r0, r5
10001eec:	f106 011c 	add.w	r1, r6, #28
10001ef0:	f7fe fdb6 	bl	10000a60 <vListInsert>
10001ef4:	4620      	mov	r0, r4
10001ef6:	e8bd 4070 	ldmia.w	sp!, {r4, r5, r6, lr}
10001efa:	2101      	movs	r1, #1
10001efc:	f7ff bc56 	b.w	100017ac <prvAddCurrentTaskToDelayedList>
10001f00:	20001ef4 	.word	0x20001ef4

10001f04 <vTaskPlaceOnUnorderedEventList>:
10001f04:	e92d 43f8 	stmdb	sp!, {r3, r4, r5, r6, r7, r8, r9, lr}
10001f08:	f04f 4650 	mov.w	r6, #3489660928	@ 0xd0000000
10001f0c:	460f      	mov	r7, r1
10001f0e:	4604      	mov	r4, r0
10001f10:	4690      	mov	r8, r2
10001f12:	4d23      	ldr	r5, [pc, #140]	@ (10001fa0 <vTaskPlaceOnUnorderedEventList+0x9c>)
10001f14:	f7fe fc40 	bl	10000798 <ulSetInterruptMask>
10001f18:	6833      	ldr	r3, [r6, #0]
10001f1a:	f047 4700 	orr.w	r7, r7, #2147483648	@ 0x80000000
10001f1e:	f855 9023 	ldr.w	r9, [r5, r3, lsl #2]
10001f22:	f7fe fc45 	bl	100007b0 <vClearInterruptMask>
10001f26:	f8c9 701c 	str.w	r7, [r9, #28]
10001f2a:	6867      	ldr	r7, [r4, #4]
10001f2c:	f7fe fc34 	bl	10000798 <ulSetInterruptMask>
10001f30:	6833      	ldr	r3, [r6, #0]
10001f32:	f855 9023 	ldr.w	r9, [r5, r3, lsl #2]
10001f36:	f7fe fc3b 	bl	100007b0 <vClearInterruptMask>
10001f3a:	f8c9 7020 	str.w	r7, [r9, #32]
10001f3e:	f7fe fc2b 	bl	10000798 <ulSetInterruptMask>
10001f42:	6833      	ldr	r3, [r6, #0]
10001f44:	f855 9023 	ldr.w	r9, [r5, r3, lsl #2]
10001f48:	f7fe fc32 	bl	100007b0 <vClearInterruptMask>
10001f4c:	68bb      	ldr	r3, [r7, #8]
10001f4e:	f8c9 3024 	str.w	r3, [r9, #36]	@ 0x24
10001f52:	f7fe fc21 	bl	10000798 <ulSetInterruptMask>
10001f56:	6833      	ldr	r3, [r6, #0]
10001f58:	f855 9023 	ldr.w	r9, [r5, r3, lsl #2]
10001f5c:	f7fe fc28 	bl	100007b0 <vClearInterruptMask>
10001f60:	68ba      	ldr	r2, [r7, #8]
10001f62:	f109 031c 	add.w	r3, r9, #28
10001f66:	6053      	str	r3, [r2, #4]
10001f68:	f7fe fc16 	bl	10000798 <ulSetInterruptMask>
10001f6c:	6833      	ldr	r3, [r6, #0]
10001f6e:	f855 9023 	ldr.w	r9, [r5, r3, lsl #2]
10001f72:	f7fe fc1d 	bl	100007b0 <vClearInterruptMask>
10001f76:	f109 031c 	add.w	r3, r9, #28
10001f7a:	60bb      	str	r3, [r7, #8]
10001f7c:	f7fe fc0c 	bl	10000798 <ulSetInterruptMask>
10001f80:	6833      	ldr	r3, [r6, #0]
10001f82:	f855 5023 	ldr.w	r5, [r5, r3, lsl #2]
10001f86:	f7fe fc13 	bl	100007b0 <vClearInterruptMask>
10001f8a:	2101      	movs	r1, #1
10001f8c:	6823      	ldr	r3, [r4, #0]
10001f8e:	4640      	mov	r0, r8
10001f90:	440b      	add	r3, r1
10001f92:	62ec      	str	r4, [r5, #44]	@ 0x2c
10001f94:	6023      	str	r3, [r4, #0]
10001f96:	e8bd 43f8 	ldmia.w	sp!, {r3, r4, r5, r6, r7, r8, r9, lr}
10001f9a:	f7ff bc07 	b.w	100017ac <prvAddCurrentTaskToDelayedList>
10001f9e:	bf00      	nop
10001fa0:	20001ef4 	.word	0x20001ef4

10001fa4 <vTaskPlaceOnEventListRestricted>:
10001fa4:	e92d 47f0 	stmdb	sp!, {r4, r5, r6, r7, r8, r9, sl, lr}
10001fa8:	f04f 4650 	mov.w	r6, #3489660928	@ 0xd0000000
10001fac:	4604      	mov	r4, r0
10001fae:	4617      	mov	r7, r2
10001fb0:	4689      	mov	r9, r1
10001fb2:	f8d0 8004 	ldr.w	r8, [r0, #4]
10001fb6:	4d21      	ldr	r5, [pc, #132]	@ (1000203c <vTaskPlaceOnEventListRestricted+0x98>)
10001fb8:	f7fe fbee 	bl	10000798 <ulSetInterruptMask>
10001fbc:	6833      	ldr	r3, [r6, #0]
10001fbe:	f855 a023 	ldr.w	sl, [r5, r3, lsl #2]
10001fc2:	f7fe fbf5 	bl	100007b0 <vClearInterruptMask>
10001fc6:	f8ca 8020 	str.w	r8, [sl, #32]
10001fca:	f7fe fbe5 	bl	10000798 <ulSetInterruptMask>
10001fce:	6833      	ldr	r3, [r6, #0]
10001fd0:	f855 a023 	ldr.w	sl, [r5, r3, lsl #2]
10001fd4:	f7fe fbec 	bl	100007b0 <vClearInterruptMask>
10001fd8:	f8d8 3008 	ldr.w	r3, [r8, #8]
10001fdc:	f8ca 3024 	str.w	r3, [sl, #36]	@ 0x24
10001fe0:	f7fe fbda 	bl	10000798 <ulSetInterruptMask>
10001fe4:	6833      	ldr	r3, [r6, #0]
10001fe6:	f855 a023 	ldr.w	sl, [r5, r3, lsl #2]
10001fea:	f7fe fbe1 	bl	100007b0 <vClearInterruptMask>
10001fee:	f8d8 2008 	ldr.w	r2, [r8, #8]
10001ff2:	f10a 031c 	add.w	r3, sl, #28
10001ff6:	6053      	str	r3, [r2, #4]
10001ff8:	f7fe fbce 	bl	10000798 <ulSetInterruptMask>
10001ffc:	6833      	ldr	r3, [r6, #0]
10001ffe:	f855 a023 	ldr.w	sl, [r5, r3, lsl #2]
10002002:	f7fe fbd5 	bl	100007b0 <vClearInterruptMask>
10002006:	f10a 031c 	add.w	r3, sl, #28
1000200a:	f8c8 3008 	str.w	r3, [r8, #8]
1000200e:	f7fe fbc3 	bl	10000798 <ulSetInterruptMask>
10002012:	6833      	ldr	r3, [r6, #0]
10002014:	f855 5023 	ldr.w	r5, [r5, r3, lsl #2]
10002018:	f7fe fbca 	bl	100007b0 <vClearInterruptMask>
1000201c:	6823      	ldr	r3, [r4, #0]
1000201e:	2f00      	cmp	r7, #0
10002020:	f103 0301 	add.w	r3, r3, #1
10002024:	62ec      	str	r4, [r5, #44]	@ 0x2c
10002026:	4639      	mov	r1, r7
10002028:	bf08      	it	eq
1000202a:	4648      	moveq	r0, r9
1000202c:	6023      	str	r3, [r4, #0]
1000202e:	bf18      	it	ne
10002030:	f04f 30ff 	movne.w	r0, #4294967295	@ 0xffffffff
10002034:	e8bd 47f0 	ldmia.w	sp!, {r4, r5, r6, r7, r8, r9, sl, lr}
10002038:	f7ff bbb8 	b.w	100017ac <prvAddCurrentTaskToDelayedList>
1000203c:	20001ef4 	.word	0x20001ef4

10002040 <xTaskRemoveFromEventList>:
10002040:	b570      	push	{r4, r5, r6, lr}
10002042:	2500      	movs	r5, #0
10002044:	68c3      	ldr	r3, [r0, #12]
10002046:	68d8      	ldr	r0, [r3, #12]
10002048:	6ac3      	ldr	r3, [r0, #44]	@ 0x2c
1000204a:	e9d0 4208 	ldrd	r4, r2, [r0, #32]
1000204e:	60a2      	str	r2, [r4, #8]
10002050:	6054      	str	r4, [r2, #4]
10002052:	685c      	ldr	r4, [r3, #4]
10002054:	f100 011c 	add.w	r1, r0, #28
10002058:	428c      	cmp	r4, r1
1000205a:	4c24      	ldr	r4, [pc, #144]	@ (100020ec <xTaskRemoveFromEventList+0xac>)
1000205c:	bf08      	it	eq
1000205e:	605a      	streq	r2, [r3, #4]
10002060:	681a      	ldr	r2, [r3, #0]
10002062:	6824      	ldr	r4, [r4, #0]
10002064:	3a01      	subs	r2, #1
10002066:	62c5      	str	r5, [r0, #44]	@ 0x2c
10002068:	601a      	str	r2, [r3, #0]
1000206a:	2c00      	cmp	r4, #0
1000206c:	d132      	bne.n	100020d4 <xTaskRemoveFromEventList+0x94>
1000206e:	e9d0 1203 	ldrd	r1, r2, [r0, #12]
10002072:	6983      	ldr	r3, [r0, #24]
10002074:	608a      	str	r2, [r1, #8]
10002076:	6051      	str	r1, [r2, #4]
10002078:	6859      	ldr	r1, [r3, #4]
1000207a:	f100 0508 	add.w	r5, r0, #8
1000207e:	42a9      	cmp	r1, r5
10002080:	bf08      	it	eq
10002082:	605a      	streq	r2, [r3, #4]
10002084:	681a      	ldr	r2, [r3, #0]
10002086:	491a      	ldr	r1, [pc, #104]	@ (100020f0 <xTaskRemoveFromEventList+0xb0>)
10002088:	3a01      	subs	r2, #1
1000208a:	601a      	str	r2, [r3, #0]
1000208c:	6b03      	ldr	r3, [r0, #48]	@ 0x30
1000208e:	680a      	ldr	r2, [r1, #0]
10002090:	4293      	cmp	r3, r2
10002092:	4a18      	ldr	r2, [pc, #96]	@ (100020f4 <xTaskRemoveFromEventList+0xb4>)
10002094:	bf88      	it	hi
10002096:	600b      	strhi	r3, [r1, #0]
10002098:	eb03 0383 	add.w	r3, r3, r3, lsl #2
1000209c:	ea4f 0c83 	mov.w	ip, r3, lsl #2
100020a0:	eb02 0383 	add.w	r3, r2, r3, lsl #2
100020a4:	685c      	ldr	r4, [r3, #4]
100020a6:	f852 100c 	ldr.w	r1, [r2, ip]
100020aa:	68a6      	ldr	r6, [r4, #8]
100020ac:	3101      	adds	r1, #1
100020ae:	60c4      	str	r4, [r0, #12]
100020b0:	6106      	str	r6, [r0, #16]
100020b2:	6075      	str	r5, [r6, #4]
100020b4:	60a5      	str	r5, [r4, #8]
100020b6:	6183      	str	r3, [r0, #24]
100020b8:	f842 100c 	str.w	r1, [r2, ip]
100020bc:	f7ff f820 	bl	10001100 <prvYieldForTask>
100020c0:	f04f 4250 	mov.w	r2, #3489660928	@ 0xd0000000
100020c4:	4b0c      	ldr	r3, [pc, #48]	@ (100020f8 <xTaskRemoveFromEventList+0xb8>)
100020c6:	6812      	ldr	r2, [r2, #0]
100020c8:	f853 0022 	ldr.w	r0, [r3, r2, lsl #2]
100020cc:	3800      	subs	r0, #0
100020ce:	bf18      	it	ne
100020d0:	2001      	movne	r0, #1
100020d2:	bd70      	pop	{r4, r5, r6, pc}
100020d4:	4b09      	ldr	r3, [pc, #36]	@ (100020fc <xTaskRemoveFromEventList+0xbc>)
100020d6:	685c      	ldr	r4, [r3, #4]
100020d8:	68a2      	ldr	r2, [r4, #8]
100020da:	e9c0 4208 	strd	r4, r2, [r0, #32]
100020de:	6051      	str	r1, [r2, #4]
100020e0:	681a      	ldr	r2, [r3, #0]
100020e2:	60a1      	str	r1, [r4, #8]
100020e4:	3201      	adds	r2, #1
100020e6:	62c3      	str	r3, [r0, #44]	@ 0x2c
100020e8:	601a      	str	r2, [r3, #0]
100020ea:	e7e7      	b.n	100020bc <xTaskRemoveFromEventList+0x7c>
100020ec:	200221d4 	.word	0x200221d4
100020f0:	200221dc 	.word	0x200221dc
100020f4:	20001f10 	.word	0x20001f10
100020f8:	200222b0 	.word	0x200222b0
100020fc:	2002225c 	.word	0x2002225c

10002100 <vTaskInternalSetTimeOutState>:
10002100:	4a03      	ldr	r2, [pc, #12]	@ (10002110 <vTaskInternalSetTimeOutState+0x10>)
10002102:	4b04      	ldr	r3, [pc, #16]	@ (10002114 <vTaskInternalSetTimeOutState+0x14>)
10002104:	6812      	ldr	r2, [r2, #0]
10002106:	681b      	ldr	r3, [r3, #0]
10002108:	e9c0 2300 	strd	r2, r3, [r0]
1000210c:	4770      	bx	lr
1000210e:	bf00      	nop
10002110:	2002224c 	.word	0x2002224c
10002114:	200222a4 	.word	0x200222a4

10002118 <vTaskMissedYield>:
10002118:	f04f 4250 	mov.w	r2, #3489660928	@ 0xd0000000
1000211c:	2101      	movs	r1, #1
1000211e:	4b02      	ldr	r3, [pc, #8]	@ (10002128 <vTaskMissedYield+0x10>)
10002120:	6812      	ldr	r2, [r2, #0]
10002122:	f843 1022 	str.w	r1, [r3, r2, lsl #2]
10002126:	4770      	bx	lr
10002128:	200222b0 	.word	0x200222b0

1000212c <xTaskGetCurrentTaskHandle>:
1000212c:	b510      	push	{r4, lr}
1000212e:	f7fe fb33 	bl	10000798 <ulSetInterruptMask>
10002132:	f04f 4250 	mov.w	r2, #3489660928	@ 0xd0000000
10002136:	4b04      	ldr	r3, [pc, #16]	@ (10002148 <xTaskGetCurrentTaskHandle+0x1c>)
10002138:	6812      	ldr	r2, [r2, #0]
1000213a:	f853 4022 	ldr.w	r4, [r3, r2, lsl #2]
1000213e:	f7fe fb37 	bl	100007b0 <vClearInterruptMask>
10002142:	4620      	mov	r0, r4
10002144:	bd10      	pop	{r4, pc}
10002146:	bf00      	nop
10002148:	20001ef4 	.word	0x20001ef4

1000214c <xTaskPriorityDisinherit>:
1000214c:	b158      	cbz	r0, 10002166 <xTaskPriorityDisinherit+0x1a>
1000214e:	6dc3      	ldr	r3, [r0, #92]	@ 0x5c
10002150:	6b01      	ldr	r1, [r0, #48]	@ 0x30
10002152:	6d82      	ldr	r2, [r0, #88]	@ 0x58
10002154:	3b01      	subs	r3, #1
10002156:	4291      	cmp	r1, r2
10002158:	b570      	push	{r4, r5, r6, lr}
1000215a:	4604      	mov	r4, r0
1000215c:	65c3      	str	r3, [r0, #92]	@ 0x5c
1000215e:	d000      	beq.n	10002162 <xTaskPriorityDisinherit+0x16>
10002160:	b11b      	cbz	r3, 1000216a <xTaskPriorityDisinherit+0x1e>
10002162:	2000      	movs	r0, #0
10002164:	bd70      	pop	{r4, r5, r6, pc}
10002166:	2000      	movs	r0, #0
10002168:	4770      	bx	lr
1000216a:	f100 0508 	add.w	r5, r0, #8
1000216e:	4628      	mov	r0, r5
10002170:	f7fe fc8e 	bl	10000a90 <uxListRemove>
10002174:	4a20      	ldr	r2, [pc, #128]	@ (100021f8 <xTaskPriorityDisinherit+0xac>)
10002176:	6da3      	ldr	r3, [r4, #88]	@ 0x58
10002178:	6811      	ldr	r1, [r2, #0]
1000217a:	6323      	str	r3, [r4, #48]	@ 0x30
1000217c:	428b      	cmp	r3, r1
1000217e:	bf88      	it	hi
10002180:	6013      	strhi	r3, [r2, #0]
10002182:	4a1e      	ldr	r2, [pc, #120]	@ (100021fc <xTaskPriorityDisinherit+0xb0>)
10002184:	f1c3 0020 	rsb	r0, r3, #32
10002188:	eb03 0383 	add.w	r3, r3, r3, lsl #2
1000218c:	ea4f 0c83 	mov.w	ip, r3, lsl #2
10002190:	eb02 0383 	add.w	r3, r2, r3, lsl #2
10002194:	61e0      	str	r0, [r4, #28]
10002196:	6858      	ldr	r0, [r3, #4]
10002198:	f852 100c 	ldr.w	r1, [r2, ip]
1000219c:	6886      	ldr	r6, [r0, #8]
1000219e:	60e0      	str	r0, [r4, #12]
100021a0:	6126      	str	r6, [r4, #16]
100021a2:	6075      	str	r5, [r6, #4]
100021a4:	6085      	str	r5, [r0, #8]
100021a6:	61a3      	str	r3, [r4, #24]
100021a8:	6ba3      	ldr	r3, [r4, #56]	@ 0x38
100021aa:	3101      	adds	r1, #1
100021ac:	2b00      	cmp	r3, #0
100021ae:	f842 100c 	str.w	r1, [r2, ip]
100021b2:	db02      	blt.n	100021ba <xTaskPriorityDisinherit+0x6e>
100021b4:	6ba3      	ldr	r3, [r4, #56]	@ 0x38
100021b6:	2b01      	cmp	r3, #1
100021b8:	dd01      	ble.n	100021be <xTaskPriorityDisinherit+0x72>
100021ba:	2001      	movs	r0, #1
100021bc:	bd70      	pop	{r4, r5, r6, pc}
100021be:	f04f 4350 	mov.w	r3, #3489660928	@ 0xd0000000
100021c2:	6ba2      	ldr	r2, [r4, #56]	@ 0x38
100021c4:	681b      	ldr	r3, [r3, #0]
100021c6:	429a      	cmp	r2, r3
100021c8:	d010      	beq.n	100021ec <xTaskPriorityDisinherit+0xa0>
100021ca:	6ba3      	ldr	r3, [r4, #56]	@ 0x38
100021cc:	4d0c      	ldr	r5, [pc, #48]	@ (10002200 <xTaskPriorityDisinherit+0xb4>)
100021ce:	f855 3023 	ldr.w	r3, [r5, r3, lsl #2]
100021d2:	6b9b      	ldr	r3, [r3, #56]	@ 0x38
100021d4:	3302      	adds	r3, #2
100021d6:	d0f0      	beq.n	100021ba <xTaskPriorityDisinherit+0x6e>
100021d8:	6ba0      	ldr	r0, [r4, #56]	@ 0x38
100021da:	f7fe faa7 	bl	1000072c <vYieldCore>
100021de:	f06f 0201 	mvn.w	r2, #1
100021e2:	6ba3      	ldr	r3, [r4, #56]	@ 0x38
100021e4:	f855 3023 	ldr.w	r3, [r5, r3, lsl #2]
100021e8:	639a      	str	r2, [r3, #56]	@ 0x38
100021ea:	e7e6      	b.n	100021ba <xTaskPriorityDisinherit+0x6e>
100021ec:	2101      	movs	r1, #1
100021ee:	6ba2      	ldr	r2, [r4, #56]	@ 0x38
100021f0:	4b04      	ldr	r3, [pc, #16]	@ (10002204 <xTaskPriorityDisinherit+0xb8>)
100021f2:	f843 1022 	str.w	r1, [r3, r2, lsl #2]
100021f6:	e7e0      	b.n	100021ba <xTaskPriorityDisinherit+0x6e>
100021f8:	200221dc 	.word	0x200221dc
100021fc:	20001f10 	.word	0x20001f10
10002200:	20001ef4 	.word	0x20001ef4
10002204:	200222b0 	.word	0x200222b0

10002208 <vTaskYieldWithinAPI>:
10002208:	f04f 4350 	mov.w	r3, #3489660928	@ 0xd0000000
1000220c:	4a05      	ldr	r2, [pc, #20]	@ (10002224 <vTaskYieldWithinAPI+0x1c>)
1000220e:	681b      	ldr	r3, [r3, #0]
10002210:	f852 2023 	ldr.w	r2, [r2, r3, lsl #2]
10002214:	b122      	cbz	r2, 10002220 <vTaskYieldWithinAPI+0x18>
10002216:	2101      	movs	r1, #1
10002218:	4a03      	ldr	r2, [pc, #12]	@ (10002228 <vTaskYieldWithinAPI+0x20>)
1000221a:	f842 1023 	str.w	r1, [r2, r3, lsl #2]
1000221e:	4770      	bx	lr
10002220:	f7fe b914 	b.w	1000044c <vPortYield>
10002224:	200221ac 	.word	0x200221ac
10002228:	200222b0 	.word	0x200222b0

1000222c <vTaskEnterCritical>:
1000222c:	b538      	push	{r3, r4, r5, lr}
1000222e:	f7fe fab3 	bl	10000798 <ulSetInterruptMask>
10002232:	4b3e      	ldr	r3, [pc, #248]	@ (1000232c <vTaskEnterCritical+0x100>)
10002234:	681b      	ldr	r3, [r3, #0]
10002236:	b193      	cbz	r3, 1000225e <vTaskEnterCritical+0x32>
10002238:	f04f 4350 	mov.w	r3, #3489660928	@ 0xd0000000
1000223c:	4a3c      	ldr	r2, [pc, #240]	@ (10002330 <vTaskEnterCritical+0x104>)
1000223e:	681b      	ldr	r3, [r3, #0]
10002240:	f852 1023 	ldr.w	r1, [r2, r3, lsl #2]
10002244:	b1a1      	cbz	r1, 10002270 <vTaskEnterCritical+0x44>
10002246:	f04f 4050 	mov.w	r0, #3489660928	@ 0xd0000000
1000224a:	f852 1023 	ldr.w	r1, [r2, r3, lsl #2]
1000224e:	3101      	adds	r1, #1
10002250:	f842 1023 	str.w	r1, [r2, r3, lsl #2]
10002254:	6803      	ldr	r3, [r0, #0]
10002256:	f852 3023 	ldr.w	r3, [r2, r3, lsl #2]
1000225a:	2b01      	cmp	r3, #1
1000225c:	d000      	beq.n	10002260 <vTaskEnterCritical+0x34>
1000225e:	bd38      	pop	{r3, r4, r5, pc}
10002260:	4b34      	ldr	r3, [pc, #208]	@ (10002334 <vTaskEnterCritical+0x108>)
10002262:	681b      	ldr	r3, [r3, #0]
10002264:	2b00      	cmp	r3, #0
10002266:	d1fa      	bne.n	1000225e <vTaskEnterCritical+0x32>
10002268:	e8bd 4038 	ldmia.w	sp!, {r3, r4, r5, lr}
1000226c:	f7ff b89a 	b.w	100013a4 <prvCheckForRunStateChange>
10002270:	4931      	ldr	r1, [pc, #196]	@ (10002338 <vTaskEnterCritical+0x10c>)
10002272:	e8d1 0fcf 	ldaexb	r0, [r1]
10002276:	2401      	movs	r4, #1
10002278:	2800      	cmp	r0, #0
1000227a:	d101      	bne.n	10002280 <vTaskEnterCritical+0x54>
1000227c:	e8c1 4f40 	strexb	r0, r4, [r1]
10002280:	f3bf 8f5f 	dmb	sy
10002284:	2800      	cmp	r0, #0
10002286:	d131      	bne.n	100022ec <vTaskEnterCritical+0xc0>
10002288:	482c      	ldr	r0, [pc, #176]	@ (1000233c <vTaskEnterCritical+0x110>)
1000228a:	ea4f 0c43 	mov.w	ip, r3, lsl #1
1000228e:	2301      	movs	r3, #1
10002290:	492b      	ldr	r1, [pc, #172]	@ (10002340 <vTaskEnterCritical+0x114>)
10002292:	4484      	add	ip, r0
10002294:	704b      	strb	r3, [r1, #1]
10002296:	f88c 3001 	strb.w	r3, [ip, #1]
1000229a:	f04f 4c50 	mov.w	ip, #3489660928	@ 0xd0000000
1000229e:	4b29      	ldr	r3, [pc, #164]	@ (10002344 <vTaskEnterCritical+0x118>)
100022a0:	f8dc 4000 	ldr.w	r4, [ip]
100022a4:	e8d3 5fcf 	ldaexb	r5, [r3]
100022a8:	f05f 0e01 	movs.w	lr, #1
100022ac:	2d00      	cmp	r5, #0
100022ae:	d101      	bne.n	100022b4 <vTaskEnterCritical+0x88>
100022b0:	e8c3 ef45 	strexb	r5, lr, [r3]
100022b4:	f3bf 8f5f 	dmb	sy
100022b8:	b185      	cbz	r5, 100022dc <vTaskEnterCritical+0xb0>
100022ba:	f810 5014 	ldrb.w	r5, [r0, r4, lsl #1]
100022be:	2d00      	cmp	r5, #0
100022c0:	d127      	bne.n	10002312 <vTaskEnterCritical+0xe6>
100022c2:	e8d3 cfcf 	ldaexb	ip, [r3]
100022c6:	2501      	movs	r5, #1
100022c8:	f1bc 0f00 	cmp.w	ip, #0
100022cc:	d1f9      	bne.n	100022c2 <vTaskEnterCritical+0x96>
100022ce:	e8c3 5f4c 	strexb	ip, r5, [r3]
100022d2:	f1bc 0f00 	cmp.w	ip, #0
100022d6:	d1f4      	bne.n	100022c2 <vTaskEnterCritical+0x96>
100022d8:	f3bf 8f5f 	dmb	sy
100022dc:	2301      	movs	r3, #1
100022de:	f04f 4550 	mov.w	r5, #3489660928	@ 0xd0000000
100022e2:	700b      	strb	r3, [r1, #0]
100022e4:	f800 3014 	strb.w	r3, [r0, r4, lsl #1]
100022e8:	682b      	ldr	r3, [r5, #0]
100022ea:	e7ac      	b.n	10002246 <vTaskEnterCritical+0x1a>
100022ec:	4813      	ldr	r0, [pc, #76]	@ (1000233c <vTaskEnterCritical+0x110>)
100022ee:	ea4f 0c43 	mov.w	ip, r3, lsl #1
100022f2:	eb00 0343 	add.w	r3, r0, r3, lsl #1
100022f6:	785b      	ldrb	r3, [r3, #1]
100022f8:	b993      	cbnz	r3, 10002320 <vTaskEnterCritical+0xf4>
100022fa:	e8d1 4fcf 	ldaexb	r4, [r1]
100022fe:	2301      	movs	r3, #1
10002300:	2c00      	cmp	r4, #0
10002302:	d1fa      	bne.n	100022fa <vTaskEnterCritical+0xce>
10002304:	e8c1 3f44 	strexb	r4, r3, [r1]
10002308:	2c00      	cmp	r4, #0
1000230a:	d1f6      	bne.n	100022fa <vTaskEnterCritical+0xce>
1000230c:	f3bf 8f5f 	dmb	sy
10002310:	e7bd      	b.n	1000228e <vTaskEnterCritical+0x62>
10002312:	780b      	ldrb	r3, [r1, #0]
10002314:	3301      	adds	r3, #1
10002316:	b2db      	uxtb	r3, r3
10002318:	700b      	strb	r3, [r1, #0]
1000231a:	f8dc 3000 	ldr.w	r3, [ip]
1000231e:	e792      	b.n	10002246 <vTaskEnterCritical+0x1a>
10002320:	4907      	ldr	r1, [pc, #28]	@ (10002340 <vTaskEnterCritical+0x114>)
10002322:	784b      	ldrb	r3, [r1, #1]
10002324:	3301      	adds	r3, #1
10002326:	b2db      	uxtb	r3, r3
10002328:	704b      	strb	r3, [r1, #1]
1000232a:	e7b6      	b.n	1000229a <vTaskEnterCritical+0x6e>
1000232c:	20022270 	.word	0x20022270
10002330:	200221ac 	.word	0x200221ac
10002334:	200221d4 	.word	0x200221d4
10002338:	20001633 	.word	0x20001633
1000233c:	200221a4 	.word	0x200221a4
10002340:	200221a8 	.word	0x200221a8
10002344:	20001632 	.word	0x20001632

10002348 <prvAddNewTaskToReadyList>:
10002348:	e92d 41f0 	stmdb	sp!, {r4, r5, r6, r7, r8, lr}
1000234c:	4605      	mov	r5, r0
1000234e:	f7ff ff6d 	bl	1000222c <vTaskEnterCritical>
10002352:	4a2e      	ldr	r2, [pc, #184]	@ (1000240c <prvAddNewTaskToReadyList+0xc4>)
10002354:	4f2e      	ldr	r7, [pc, #184]	@ (10002410 <prvAddNewTaskToReadyList+0xc8>)
10002356:	6813      	ldr	r3, [r2, #0]
10002358:	3301      	adds	r3, #1
1000235a:	6013      	str	r3, [r2, #0]
1000235c:	683b      	ldr	r3, [r7, #0]
1000235e:	b353      	cbz	r3, 100023b6 <prvAddNewTaskToReadyList+0x6e>
10002360:	4e2c      	ldr	r6, [pc, #176]	@ (10002414 <prvAddNewTaskToReadyList+0xcc>)
10002362:	4b2d      	ldr	r3, [pc, #180]	@ (10002418 <prvAddNewTaskToReadyList+0xd0>)
10002364:	f105 0408 	add.w	r4, r5, #8
10002368:	681a      	ldr	r2, [r3, #0]
1000236a:	3201      	adds	r2, #1
1000236c:	652a      	str	r2, [r5, #80]	@ 0x50
1000236e:	601a      	str	r2, [r3, #0]
10002370:	4a2a      	ldr	r2, [pc, #168]	@ (1000241c <prvAddNewTaskToReadyList+0xd4>)
10002372:	6b2b      	ldr	r3, [r5, #48]	@ 0x30
10002374:	6811      	ldr	r1, [r2, #0]
10002376:	428b      	cmp	r3, r1
10002378:	bf88      	it	hi
1000237a:	6013      	strhi	r3, [r2, #0]
1000237c:	eb03 0383 	add.w	r3, r3, r3, lsl #2
10002380:	0098      	lsls	r0, r3, #2
10002382:	eb06 0383 	add.w	r3, r6, r3, lsl #2
10002386:	6859      	ldr	r1, [r3, #4]
10002388:	5832      	ldr	r2, [r6, r0]
1000238a:	f8d1 c008 	ldr.w	ip, [r1, #8]
1000238e:	f8d7 e000 	ldr.w	lr, [r7]
10002392:	3201      	adds	r2, #1
10002394:	60e9      	str	r1, [r5, #12]
10002396:	f8c5 c010 	str.w	ip, [r5, #16]
1000239a:	f8cc 4004 	str.w	r4, [ip, #4]
1000239e:	608c      	str	r4, [r1, #8]
100023a0:	61ab      	str	r3, [r5, #24]
100023a2:	5032      	str	r2, [r6, r0]
100023a4:	f1be 0f00 	cmp.w	lr, #0
100023a8:	d12c      	bne.n	10002404 <prvAddNewTaskToReadyList+0xbc>
100023aa:	683b      	ldr	r3, [r7, #0]
100023ac:	b343      	cbz	r3, 10002400 <prvAddNewTaskToReadyList+0xb8>
100023ae:	e8bd 41f0 	ldmia.w	sp!, {r4, r5, r6, r7, r8, lr}
100023b2:	f7fe bf15 	b.w	100011e0 <vTaskExitCritical.part.0>
100023b6:	6813      	ldr	r3, [r2, #0]
100023b8:	4e16      	ldr	r6, [pc, #88]	@ (10002414 <prvAddNewTaskToReadyList+0xcc>)
100023ba:	2b01      	cmp	r3, #1
100023bc:	d1d1      	bne.n	10002362 <prvAddNewTaskToReadyList+0x1a>
100023be:	4634      	mov	r4, r6
100023c0:	f506 7820 	add.w	r8, r6, #640	@ 0x280
100023c4:	4620      	mov	r0, r4
100023c6:	3414      	adds	r4, #20
100023c8:	f7fe fb2c 	bl	10000a24 <vListInitialise>
100023cc:	4544      	cmp	r4, r8
100023ce:	d1f9      	bne.n	100023c4 <prvAddNewTaskToReadyList+0x7c>
100023d0:	f8df 8064 	ldr.w	r8, [pc, #100]	@ 10002438 <prvAddNewTaskToReadyList+0xf0>
100023d4:	4c12      	ldr	r4, [pc, #72]	@ (10002420 <prvAddNewTaskToReadyList+0xd8>)
100023d6:	4640      	mov	r0, r8
100023d8:	f7fe fb24 	bl	10000a24 <vListInitialise>
100023dc:	4620      	mov	r0, r4
100023de:	f7fe fb21 	bl	10000a24 <vListInitialise>
100023e2:	4810      	ldr	r0, [pc, #64]	@ (10002424 <prvAddNewTaskToReadyList+0xdc>)
100023e4:	f7fe fb1e 	bl	10000a24 <vListInitialise>
100023e8:	480f      	ldr	r0, [pc, #60]	@ (10002428 <prvAddNewTaskToReadyList+0xe0>)
100023ea:	f7fe fb1b 	bl	10000a24 <vListInitialise>
100023ee:	480f      	ldr	r0, [pc, #60]	@ (1000242c <prvAddNewTaskToReadyList+0xe4>)
100023f0:	f7fe fb18 	bl	10000a24 <vListInitialise>
100023f4:	4b0e      	ldr	r3, [pc, #56]	@ (10002430 <prvAddNewTaskToReadyList+0xe8>)
100023f6:	f8c3 8000 	str.w	r8, [r3]
100023fa:	4b0e      	ldr	r3, [pc, #56]	@ (10002434 <prvAddNewTaskToReadyList+0xec>)
100023fc:	601c      	str	r4, [r3, #0]
100023fe:	e7b0      	b.n	10002362 <prvAddNewTaskToReadyList+0x1a>
10002400:	e8bd 81f0 	ldmia.w	sp!, {r4, r5, r6, r7, r8, pc}
10002404:	4628      	mov	r0, r5
10002406:	f7fe fe7b 	bl	10001100 <prvYieldForTask>
1000240a:	e7ce      	b.n	100023aa <prvAddNewTaskToReadyList+0x62>
1000240c:	200221cc 	.word	0x200221cc
10002410:	20022270 	.word	0x20022270
10002414:	20001f10 	.word	0x20001f10
10002418:	200221d8 	.word	0x200221d8
1000241c:	200221dc 	.word	0x200221dc
10002420:	2002221c 	.word	0x2002221c
10002424:	2002225c 	.word	0x2002225c
10002428:	20022290 	.word	0x20022290
1000242c:	2002227c 	.word	0x2002227c
10002430:	20001f00 	.word	0x20001f00
10002434:	20001f08 	.word	0x20001f08
10002438:	20022208 	.word	0x20022208

1000243c <xTaskCreate>:
1000243c:	b510      	push	{r4, lr}
1000243e:	b082      	sub	sp, #8
10002440:	9c04      	ldr	r4, [sp, #16]
10002442:	9400      	str	r4, [sp, #0]
10002444:	9c05      	ldr	r4, [sp, #20]
10002446:	9401      	str	r4, [sp, #4]
10002448:	f7fe ff10 	bl	1000126c <prvCreateTask>
1000244c:	b138      	cbz	r0, 1000245e <xTaskCreate+0x22>
1000244e:	f04f 32ff 	mov.w	r2, #4294967295	@ 0xffffffff
10002452:	6042      	str	r2, [r0, #4]
10002454:	f7ff ff78 	bl	10002348 <prvAddNewTaskToReadyList>
10002458:	2001      	movs	r0, #1
1000245a:	b002      	add	sp, #8
1000245c:	bd10      	pop	{r4, pc}
1000245e:	f04f 30ff 	mov.w	r0, #4294967295	@ 0xffffffff
10002462:	b002      	add	sp, #8
10002464:	bd10      	pop	{r4, pc}
10002466:	bf00      	nop

10002468 <xTaskCreateAffinitySet>:
10002468:	b510      	push	{r4, lr}
1000246a:	b082      	sub	sp, #8
1000246c:	9c04      	ldr	r4, [sp, #16]
1000246e:	9400      	str	r4, [sp, #0]
10002470:	9c06      	ldr	r4, [sp, #24]
10002472:	9401      	str	r4, [sp, #4]
10002474:	f7fe fefa 	bl	1000126c <prvCreateTask>
10002478:	b130      	cbz	r0, 10002488 <xTaskCreateAffinitySet+0x20>
1000247a:	9a05      	ldr	r2, [sp, #20]
1000247c:	6042      	str	r2, [r0, #4]
1000247e:	f7ff ff63 	bl	10002348 <prvAddNewTaskToReadyList>
10002482:	2001      	movs	r0, #1
10002484:	b002      	add	sp, #8
10002486:	bd10      	pop	{r4, pc}
10002488:	f04f 30ff 	mov.w	r0, #4294967295	@ 0xffffffff
1000248c:	b002      	add	sp, #8
1000248e:	bd10      	pop	{r4, pc}

10002490 <vTaskStartScheduler>:
10002490:	2300      	movs	r3, #0
10002492:	b5f0      	push	{r4, r5, r6, r7, lr}
10002494:	2430      	movs	r4, #48	@ 0x30
10002496:	4a26      	ldr	r2, [pc, #152]	@ (10002530 <vTaskStartScheduler+0xa0>)
10002498:	4e26      	ldr	r6, [pc, #152]	@ (10002534 <vTaskStartScheduler+0xa4>)
1000249a:	b087      	sub	sp, #28
1000249c:	e9cd 6201 	strd	r6, r2, [sp, #4]
100024a0:	4825      	ldr	r0, [pc, #148]	@ (10002538 <vTaskStartScheduler+0xa8>)
100024a2:	f44f 7280 	mov.w	r2, #256	@ 0x100
100024a6:	a902      	add	r1, sp, #8
100024a8:	9300      	str	r3, [sp, #0]
100024aa:	f8ad 400c 	strh.w	r4, [sp, #12]
100024ae:	f7fe fedd 	bl	1000126c <prvCreateTask>
100024b2:	b120      	cbz	r0, 100024be <vTaskStartScheduler+0x2e>
100024b4:	f04f 32ff 	mov.w	r2, #4294967295	@ 0xffffffff
100024b8:	6042      	str	r2, [r0, #4]
100024ba:	f7ff ff45 	bl	10002348 <prvAddNewTaskToReadyList>
100024be:	2331      	movs	r3, #49	@ 0x31
100024c0:	2400      	movs	r4, #0
100024c2:	6832      	ldr	r2, [r6, #0]
100024c4:	4d1d      	ldr	r5, [pc, #116]	@ (1000253c <vTaskStartScheduler+0xac>)
100024c6:	f88d 300c 	strb.w	r3, [sp, #12]
100024ca:	4b1d      	ldr	r3, [pc, #116]	@ (10002540 <vTaskStartScheduler+0xb0>)
100024cc:	6394      	str	r4, [r2, #56]	@ 0x38
100024ce:	481d      	ldr	r0, [pc, #116]	@ (10002544 <vTaskStartScheduler+0xb4>)
100024d0:	9301      	str	r3, [sp, #4]
100024d2:	9400      	str	r4, [sp, #0]
100024d4:	4623      	mov	r3, r4
100024d6:	602a      	str	r2, [r5, #0]
100024d8:	a902      	add	r1, sp, #8
100024da:	f44f 7280 	mov.w	r2, #256	@ 0x100
100024de:	f7fe fec5 	bl	1000126c <prvCreateTask>
100024e2:	b188      	cbz	r0, 10002508 <vTaskStartScheduler+0x78>
100024e4:	f04f 37ff 	mov.w	r7, #4294967295	@ 0xffffffff
100024e8:	6047      	str	r7, [r0, #4]
100024ea:	f7ff ff2d 	bl	10002348 <prvAddNewTaskToReadyList>
100024ee:	2201      	movs	r2, #1
100024f0:	6873      	ldr	r3, [r6, #4]
100024f2:	639a      	str	r2, [r3, #56]	@ 0x38
100024f4:	606b      	str	r3, [r5, #4]
100024f6:	f000 fc69 	bl	10002dcc <xTimerCreateTimerTask>
100024fa:	2801      	cmp	r0, #1
100024fc:	4605      	mov	r5, r0
100024fe:	d00b      	beq.n	10002518 <vTaskStartScheduler+0x88>
10002500:	4b11      	ldr	r3, [pc, #68]	@ (10002548 <vTaskStartScheduler+0xb8>)
10002502:	681b      	ldr	r3, [r3, #0]
10002504:	b007      	add	sp, #28
10002506:	bdf0      	pop	{r4, r5, r6, r7, pc}
10002508:	2201      	movs	r2, #1
1000250a:	6873      	ldr	r3, [r6, #4]
1000250c:	639a      	str	r2, [r3, #56]	@ 0x38
1000250e:	606b      	str	r3, [r5, #4]
10002510:	4b0d      	ldr	r3, [pc, #52]	@ (10002548 <vTaskStartScheduler+0xb8>)
10002512:	681b      	ldr	r3, [r3, #0]
10002514:	b007      	add	sp, #28
10002516:	bdf0      	pop	{r4, r5, r6, r7, pc}
10002518:	f7fe f93e 	bl	10000798 <ulSetInterruptMask>
1000251c:	490b      	ldr	r1, [pc, #44]	@ (1000254c <vTaskStartScheduler+0xbc>)
1000251e:	4a0c      	ldr	r2, [pc, #48]	@ (10002550 <vTaskStartScheduler+0xc0>)
10002520:	4b0c      	ldr	r3, [pc, #48]	@ (10002554 <vTaskStartScheduler+0xc4>)
10002522:	600f      	str	r7, [r1, #0]
10002524:	6015      	str	r5, [r2, #0]
10002526:	601c      	str	r4, [r3, #0]
10002528:	f7fd ffee 	bl	10000508 <xPortStartScheduler>
1000252c:	e7e8      	b.n	10002500 <vTaskStartScheduler+0x70>
1000252e:	bf00      	nop
10002530:	454c4449 	.word	0x454c4449
10002534:	20022238 	.word	0x20022238
10002538:	10001791 	.word	0x10001791
1000253c:	20001ef4 	.word	0x20001ef4
10002540:	2002223c 	.word	0x2002223c
10002544:	100010e1 	.word	0x100010e1
10002548:	100073d8 	.word	0x100073d8
1000254c:	20022248 	.word	0x20022248
10002550:	20022270 	.word	0x20022270
10002554:	200222a4 	.word	0x200222a4

10002558 <xTaskResumeAll.part.0>:
10002558:	e92d 47f0 	stmdb	sp!, {r4, r5, r6, r7, r8, r9, sl, lr}
1000255c:	f7ff fe66 	bl	1000222c <vTaskEnterCritical>
10002560:	f04f 4050 	mov.w	r0, #3489660928	@ 0xd0000000
10002564:	4a57      	ldr	r2, [pc, #348]	@ (100026c4 <xTaskResumeAll.part.0+0x16c>)
10002566:	4958      	ldr	r1, [pc, #352]	@ (100026c8 <xTaskResumeAll.part.0+0x170>)
10002568:	6813      	ldr	r3, [r2, #0]
1000256a:	6805      	ldr	r5, [r0, #0]
1000256c:	3b01      	subs	r3, #1
1000256e:	6013      	str	r3, [r2, #0]
10002570:	784b      	ldrb	r3, [r1, #1]
10002572:	6800      	ldr	r0, [r0, #0]
10002574:	3b01      	subs	r3, #1
10002576:	b2db      	uxtb	r3, r3
10002578:	704b      	strb	r3, [r1, #1]
1000257a:	b933      	cbnz	r3, 1000258a <xTaskResumeAll.part.0+0x32>
1000257c:	4953      	ldr	r1, [pc, #332]	@ (100026cc <xTaskResumeAll.part.0+0x174>)
1000257e:	eb01 0140 	add.w	r1, r1, r0, lsl #1
10002582:	704b      	strb	r3, [r1, #1]
10002584:	4952      	ldr	r1, [pc, #328]	@ (100026d0 <xTaskResumeAll.part.0+0x178>)
10002586:	e8c1 3f8f 	stlb	r3, [r1]
1000258a:	f8d2 c000 	ldr.w	ip, [r2]
1000258e:	f1bc 0f00 	cmp.w	ip, #0
10002592:	d16e      	bne.n	10002672 <xTaskResumeAll.part.0+0x11a>
10002594:	4b4f      	ldr	r3, [pc, #316]	@ (100026d4 <xTaskResumeAll.part.0+0x17c>)
10002596:	681c      	ldr	r4, [r3, #0]
10002598:	2c00      	cmp	r4, #0
1000259a:	d062      	beq.n	10002662 <xTaskResumeAll.part.0+0x10a>
1000259c:	4f4e      	ldr	r7, [pc, #312]	@ (100026d8 <xTaskResumeAll.part.0+0x180>)
1000259e:	683b      	ldr	r3, [r7, #0]
100025a0:	2b00      	cmp	r3, #0
100025a2:	d048      	beq.n	10002636 <xTaskResumeAll.part.0+0xde>
100025a4:	f8df e148 	ldr.w	lr, [pc, #328]	@ 100026f0 <xTaskResumeAll.part.0+0x198>
100025a8:	4e4c      	ldr	r6, [pc, #304]	@ (100026dc <xTaskResumeAll.part.0+0x184>)
100025aa:	68fb      	ldr	r3, [r7, #12]
100025ac:	68db      	ldr	r3, [r3, #12]
100025ae:	6ada      	ldr	r2, [r3, #44]	@ 0x2c
100025b0:	e9d3 1008 	ldrd	r1, r0, [r3, #32]
100025b4:	6088      	str	r0, [r1, #8]
100025b6:	6041      	str	r1, [r0, #4]
100025b8:	6851      	ldr	r1, [r2, #4]
100025ba:	f103 041c 	add.w	r4, r3, #28
100025be:	42a1      	cmp	r1, r4
100025c0:	6811      	ldr	r1, [r2, #0]
100025c2:	bf08      	it	eq
100025c4:	6050      	streq	r0, [r2, #4]
100025c6:	3901      	subs	r1, #1
100025c8:	f8c3 c02c 	str.w	ip, [r3, #44]	@ 0x2c
100025cc:	6011      	str	r1, [r2, #0]
100025ce:	6999      	ldr	r1, [r3, #24]
100025d0:	68d8      	ldr	r0, [r3, #12]
100025d2:	691a      	ldr	r2, [r3, #16]
100025d4:	684c      	ldr	r4, [r1, #4]
100025d6:	6082      	str	r2, [r0, #8]
100025d8:	6050      	str	r0, [r2, #4]
100025da:	f103 0008 	add.w	r0, r3, #8
100025de:	4284      	cmp	r4, r0
100025e0:	bf08      	it	eq
100025e2:	604a      	streq	r2, [r1, #4]
100025e4:	680c      	ldr	r4, [r1, #0]
100025e6:	6b1a      	ldr	r2, [r3, #48]	@ 0x30
100025e8:	f8de 8000 	ldr.w	r8, [lr]
100025ec:	3c01      	subs	r4, #1
100025ee:	4542      	cmp	r2, r8
100025f0:	eb02 0a82 	add.w	sl, r2, r2, lsl #2
100025f4:	600c      	str	r4, [r1, #0]
100025f6:	d93e      	bls.n	10002676 <xTaskResumeAll.part.0+0x11e>
100025f8:	eb06 048a 	add.w	r4, r6, sl, lsl #2
100025fc:	6861      	ldr	r1, [r4, #4]
100025fe:	f8ce 2000 	str.w	r2, [lr]
10002602:	f8d1 8008 	ldr.w	r8, [r1, #8]
10002606:	f856 202a 	ldr.w	r2, [r6, sl, lsl #2]
1000260a:	60d9      	str	r1, [r3, #12]
1000260c:	f8c3 8010 	str.w	r8, [r3, #16]
10002610:	f8c8 0004 	str.w	r0, [r8, #4]
10002614:	6088      	str	r0, [r1, #8]
10002616:	619c      	str	r4, [r3, #24]
10002618:	683b      	ldr	r3, [r7, #0]
1000261a:	3201      	adds	r2, #1
1000261c:	f846 202a 	str.w	r2, [r6, sl, lsl #2]
10002620:	2b00      	cmp	r3, #0
10002622:	d1c2      	bne.n	100025aa <xTaskResumeAll.part.0+0x52>
10002624:	4b2e      	ldr	r3, [pc, #184]	@ (100026e0 <xTaskResumeAll.part.0+0x188>)
10002626:	681a      	ldr	r2, [r3, #0]
10002628:	6812      	ldr	r2, [r2, #0]
1000262a:	2a00      	cmp	r2, #0
1000262c:	d143      	bne.n	100026b6 <xTaskResumeAll.part.0+0x15e>
1000262e:	f04f 32ff 	mov.w	r2, #4294967295	@ 0xffffffff
10002632:	4b2c      	ldr	r3, [pc, #176]	@ (100026e4 <xTaskResumeAll.part.0+0x18c>)
10002634:	601a      	str	r2, [r3, #0]
10002636:	f8df 80bc 	ldr.w	r8, [pc, #188]	@ 100026f4 <xTaskResumeAll.part.0+0x19c>
1000263a:	f8d8 4000 	ldr.w	r4, [r8]
1000263e:	2c00      	cmp	r4, #0
10002640:	d032      	beq.n	100026a8 <xTaskResumeAll.part.0+0x150>
10002642:	2701      	movs	r7, #1
10002644:	4e28      	ldr	r6, [pc, #160]	@ (100026e8 <xTaskResumeAll.part.0+0x190>)
10002646:	f7ff f963 	bl	10001910 <xTaskIncrementTick>
1000264a:	b108      	cbz	r0, 10002650 <xTaskResumeAll.part.0+0xf8>
1000264c:	f846 7025 	str.w	r7, [r6, r5, lsl #2]
10002650:	3c01      	subs	r4, #1
10002652:	d1f8      	bne.n	10002646 <xTaskResumeAll.part.0+0xee>
10002654:	f8c8 4000 	str.w	r4, [r8]
10002658:	f856 4025 	ldr.w	r4, [r6, r5, lsl #2]
1000265c:	3c00      	subs	r4, #0
1000265e:	bf18      	it	ne
10002660:	2401      	movne	r4, #1
10002662:	4b22      	ldr	r3, [pc, #136]	@ (100026ec <xTaskResumeAll.part.0+0x194>)
10002664:	681b      	ldr	r3, [r3, #0]
10002666:	b10b      	cbz	r3, 1000266c <xTaskResumeAll.part.0+0x114>
10002668:	f7fe fdba 	bl	100011e0 <vTaskExitCritical.part.0>
1000266c:	4620      	mov	r0, r4
1000266e:	e8bd 87f0 	ldmia.w	sp!, {r4, r5, r6, r7, r8, r9, sl, pc}
10002672:	2400      	movs	r4, #0
10002674:	e7f5      	b.n	10002662 <xTaskResumeAll.part.0+0x10a>
10002676:	eb06 048a 	add.w	r4, r6, sl, lsl #2
1000267a:	6861      	ldr	r1, [r4, #4]
1000267c:	f856 202a 	ldr.w	r2, [r6, sl, lsl #2]
10002680:	f8d1 8008 	ldr.w	r8, [r1, #8]
10002684:	60d9      	str	r1, [r3, #12]
10002686:	f8c3 8010 	str.w	r8, [r3, #16]
1000268a:	f8c8 0004 	str.w	r0, [r8, #4]
1000268e:	6088      	str	r0, [r1, #8]
10002690:	619c      	str	r4, [r3, #24]
10002692:	683b      	ldr	r3, [r7, #0]
10002694:	3201      	adds	r2, #1
10002696:	f846 202a 	str.w	r2, [r6, sl, lsl #2]
1000269a:	2b00      	cmp	r3, #0
1000269c:	d185      	bne.n	100025aa <xTaskResumeAll.part.0+0x52>
1000269e:	4b10      	ldr	r3, [pc, #64]	@ (100026e0 <xTaskResumeAll.part.0+0x188>)
100026a0:	681a      	ldr	r2, [r3, #0]
100026a2:	6812      	ldr	r2, [r2, #0]
100026a4:	b93a      	cbnz	r2, 100026b6 <xTaskResumeAll.part.0+0x15e>
100026a6:	e7c2      	b.n	1000262e <xTaskResumeAll.part.0+0xd6>
100026a8:	4e0f      	ldr	r6, [pc, #60]	@ (100026e8 <xTaskResumeAll.part.0+0x190>)
100026aa:	f856 4025 	ldr.w	r4, [r6, r5, lsl #2]
100026ae:	3c00      	subs	r4, #0
100026b0:	bf18      	it	ne
100026b2:	2401      	movne	r4, #1
100026b4:	e7d5      	b.n	10002662 <xTaskResumeAll.part.0+0x10a>
100026b6:	681a      	ldr	r2, [r3, #0]
100026b8:	4b0a      	ldr	r3, [pc, #40]	@ (100026e4 <xTaskResumeAll.part.0+0x18c>)
100026ba:	68d2      	ldr	r2, [r2, #12]
100026bc:	6812      	ldr	r2, [r2, #0]
100026be:	601a      	str	r2, [r3, #0]
100026c0:	e7b9      	b.n	10002636 <xTaskResumeAll.part.0+0xde>
100026c2:	bf00      	nop
100026c4:	200221d4 	.word	0x200221d4
100026c8:	200221a8 	.word	0x200221a8
100026cc:	200221a4 	.word	0x200221a4
100026d0:	20001633 	.word	0x20001633
100026d4:	200221cc 	.word	0x200221cc
100026d8:	2002225c 	.word	0x2002225c
100026dc:	20001f10 	.word	0x20001f10
100026e0:	20001f00 	.word	0x20001f00
100026e4:	20022248 	.word	0x20022248
100026e8:	200222b0 	.word	0x200222b0
100026ec:	20022270 	.word	0x20022270
100026f0:	200221dc 	.word	0x200221dc
100026f4:	20022258 	.word	0x20022258

100026f8 <xTaskResumeAll>:
100026f8:	4b02      	ldr	r3, [pc, #8]	@ (10002704 <xTaskResumeAll+0xc>)
100026fa:	6818      	ldr	r0, [r3, #0]
100026fc:	b900      	cbnz	r0, 10002700 <xTaskResumeAll+0x8>
100026fe:	4770      	bx	lr
10002700:	f7ff bf2a 	b.w	10002558 <xTaskResumeAll.part.0>
10002704:	20022270 	.word	0x20022270

10002708 <vTaskDelay>:
10002708:	b520      	push	{r5, lr}
1000270a:	b082      	sub	sp, #8
1000270c:	b138      	cbz	r0, 1000271e <vTaskDelay+0x16>
1000270e:	4d15      	ldr	r5, [pc, #84]	@ (10002764 <vTaskDelay+0x5c>)
10002710:	682b      	ldr	r3, [r5, #0]
10002712:	b9db      	cbnz	r3, 1000274c <vTaskDelay+0x44>
10002714:	2100      	movs	r1, #0
10002716:	f7ff f849 	bl	100017ac <prvAddCurrentTaskToDelayedList>
1000271a:	682b      	ldr	r3, [r5, #0]
1000271c:	b98b      	cbnz	r3, 10002742 <vTaskDelay+0x3a>
1000271e:	f04f 4350 	mov.w	r3, #3489660928	@ 0xd0000000
10002722:	4a11      	ldr	r2, [pc, #68]	@ (10002768 <vTaskDelay+0x60>)
10002724:	681b      	ldr	r3, [r3, #0]
10002726:	f852 2023 	ldr.w	r2, [r2, r3, lsl #2]
1000272a:	b12a      	cbz	r2, 10002738 <vTaskDelay+0x30>
1000272c:	2101      	movs	r1, #1
1000272e:	4a0f      	ldr	r2, [pc, #60]	@ (1000276c <vTaskDelay+0x64>)
10002730:	f842 1023 	str.w	r1, [r2, r3, lsl #2]
10002734:	b002      	add	sp, #8
10002736:	bd20      	pop	{r5, pc}
10002738:	b002      	add	sp, #8
1000273a:	e8bd 4020 	ldmia.w	sp!, {r5, lr}
1000273e:	f7fd be85 	b.w	1000044c <vPortYield>
10002742:	f7ff ff09 	bl	10002558 <xTaskResumeAll.part.0>
10002746:	2800      	cmp	r0, #0
10002748:	d0e9      	beq.n	1000271e <vTaskDelay+0x16>
1000274a:	e7f3      	b.n	10002734 <vTaskDelay+0x2c>
1000274c:	9001      	str	r0, [sp, #4]
1000274e:	f7fe fed9 	bl	10001504 <vTaskSuspendAll.part.0>
10002752:	2100      	movs	r1, #0
10002754:	9801      	ldr	r0, [sp, #4]
10002756:	f7ff f829 	bl	100017ac <prvAddCurrentTaskToDelayedList>
1000275a:	682b      	ldr	r3, [r5, #0]
1000275c:	2b00      	cmp	r3, #0
1000275e:	d0de      	beq.n	1000271e <vTaskDelay+0x16>
10002760:	e7ef      	b.n	10002742 <vTaskDelay+0x3a>
10002762:	bf00      	nop
10002764:	20022270 	.word	0x20022270
10002768:	200221ac 	.word	0x200221ac
1000276c:	200222b0 	.word	0x200222b0

10002770 <vTaskRemoveFromUnorderedEventList>:
10002770:	b5f8      	push	{r3, r4, r5, r6, r7, lr}
10002772:	e9d0 5201 	ldrd	r5, r2, [r0, #4]
10002776:	2700      	movs	r7, #0
10002778:	6903      	ldr	r3, [r0, #16]
1000277a:	f041 4100 	orr.w	r1, r1, #2147483648	@ 0x80000000
1000277e:	6001      	str	r1, [r0, #0]
10002780:	6859      	ldr	r1, [r3, #4]
10002782:	68c4      	ldr	r4, [r0, #12]
10002784:	4281      	cmp	r1, r0
10002786:	60aa      	str	r2, [r5, #8]
10002788:	6055      	str	r5, [r2, #4]
1000278a:	bf08      	it	eq
1000278c:	605a      	streq	r2, [r3, #4]
1000278e:	681a      	ldr	r2, [r3, #0]
10002790:	e9d4 6103 	ldrd	r6, r1, [r4, #12]
10002794:	3a01      	subs	r2, #1
10002796:	6107      	str	r7, [r0, #16]
10002798:	601a      	str	r2, [r3, #0]
1000279a:	69a3      	ldr	r3, [r4, #24]
1000279c:	f104 0508 	add.w	r5, r4, #8
100027a0:	685a      	ldr	r2, [r3, #4]
100027a2:	60b1      	str	r1, [r6, #8]
100027a4:	42aa      	cmp	r2, r5
100027a6:	681a      	ldr	r2, [r3, #0]
100027a8:	604e      	str	r6, [r1, #4]
100027aa:	bf08      	it	eq
100027ac:	6059      	streq	r1, [r3, #4]
100027ae:	4912      	ldr	r1, [pc, #72]	@ (100027f8 <vTaskRemoveFromUnorderedEventList+0x88>)
100027b0:	3a01      	subs	r2, #1
100027b2:	601a      	str	r2, [r3, #0]
100027b4:	6b23      	ldr	r3, [r4, #48]	@ 0x30
100027b6:	680a      	ldr	r2, [r1, #0]
100027b8:	4293      	cmp	r3, r2
100027ba:	4a10      	ldr	r2, [pc, #64]	@ (100027fc <vTaskRemoveFromUnorderedEventList+0x8c>)
100027bc:	bf88      	it	hi
100027be:	600b      	strhi	r3, [r1, #0]
100027c0:	eb03 0383 	add.w	r3, r3, r3, lsl #2
100027c4:	0098      	lsls	r0, r3, #2
100027c6:	eb02 0383 	add.w	r3, r2, r3, lsl #2
100027ca:	6859      	ldr	r1, [r3, #4]
100027cc:	688e      	ldr	r6, [r1, #8]
100027ce:	60e1      	str	r1, [r4, #12]
100027d0:	6126      	str	r6, [r4, #16]
100027d2:	6075      	str	r5, [r6, #4]
100027d4:	608d      	str	r5, [r1, #8]
100027d6:	5811      	ldr	r1, [r2, r0]
100027d8:	61a3      	str	r3, [r4, #24]
100027da:	3101      	adds	r1, #1
100027dc:	5011      	str	r1, [r2, r0]
100027de:	f7ff fd25 	bl	1000222c <vTaskEnterCritical>
100027e2:	4620      	mov	r0, r4
100027e4:	f7fe fc8c 	bl	10001100 <prvYieldForTask>
100027e8:	4b05      	ldr	r3, [pc, #20]	@ (10002800 <vTaskRemoveFromUnorderedEventList+0x90>)
100027ea:	681b      	ldr	r3, [r3, #0]
100027ec:	b11b      	cbz	r3, 100027f6 <vTaskRemoveFromUnorderedEventList+0x86>
100027ee:	e8bd 40f8 	ldmia.w	sp!, {r3, r4, r5, r6, r7, lr}
100027f2:	f7fe bcf5 	b.w	100011e0 <vTaskExitCritical.part.0>
100027f6:	bdf8      	pop	{r3, r4, r5, r6, r7, pc}
100027f8:	200221dc 	.word	0x200221dc
100027fc:	20001f10 	.word	0x20001f10
10002800:	20022270 	.word	0x20022270

10002804 <xTaskCheckForTimeOut>:
10002804:	e92d 4ff8 	stmdb	sp!, {r3, r4, r5, r6, r7, r8, r9, sl, fp, lr}
10002808:	4604      	mov	r4, r0
1000280a:	f04f 4750 	mov.w	r7, #3489660928	@ 0xd0000000
1000280e:	f8df a094 	ldr.w	sl, [pc, #148]	@ 100028a4 <xTaskCheckForTimeOut+0xa0>
10002812:	460d      	mov	r5, r1
10002814:	4e20      	ldr	r6, [pc, #128]	@ (10002898 <xTaskCheckForTimeOut+0x94>)
10002816:	f7ff fd09 	bl	1000222c <vTaskEnterCritical>
1000281a:	f8da 9000 	ldr.w	r9, [sl]
1000281e:	f8d4 8004 	ldr.w	r8, [r4, #4]
10002822:	f7fd ffb9 	bl	10000798 <ulSetInterruptMask>
10002826:	683b      	ldr	r3, [r7, #0]
10002828:	f856 b023 	ldr.w	fp, [r6, r3, lsl #2]
1000282c:	f7fd ffc0 	bl	100007b0 <vClearInterruptMask>
10002830:	f89b 3079 	ldrb.w	r3, [fp, #121]	@ 0x79
10002834:	bb23      	cbnz	r3, 10002880 <xTaskCheckForTimeOut+0x7c>
10002836:	682b      	ldr	r3, [r5, #0]
10002838:	1c5a      	adds	r2, r3, #1
1000283a:	d018      	beq.n	1000286e <xTaskCheckForTimeOut+0x6a>
1000283c:	4a17      	ldr	r2, [pc, #92]	@ (1000289c <xTaskCheckForTimeOut+0x98>)
1000283e:	6821      	ldr	r1, [r4, #0]
10002840:	6810      	ldr	r0, [r2, #0]
10002842:	4281      	cmp	r1, r0
10002844:	d006      	beq.n	10002854 <xTaskCheckForTimeOut+0x50>
10002846:	6861      	ldr	r1, [r4, #4]
10002848:	4549      	cmp	r1, r9
1000284a:	d803      	bhi.n	10002854 <xTaskCheckForTimeOut+0x50>
1000284c:	2300      	movs	r3, #0
1000284e:	602b      	str	r3, [r5, #0]
10002850:	2401      	movs	r4, #1
10002852:	e00d      	b.n	10002870 <xTaskCheckForTimeOut+0x6c>
10002854:	eba9 0108 	sub.w	r1, r9, r8
10002858:	428b      	cmp	r3, r1
1000285a:	d9f7      	bls.n	1000284c <xTaskCheckForTimeOut+0x48>
1000285c:	6811      	ldr	r1, [r2, #0]
1000285e:	eba3 0309 	sub.w	r3, r3, r9
10002862:	f8da 2000 	ldr.w	r2, [sl]
10002866:	4443      	add	r3, r8
10002868:	602b      	str	r3, [r5, #0]
1000286a:	e9c4 1200 	strd	r1, r2, [r4]
1000286e:	2400      	movs	r4, #0
10002870:	4b0b      	ldr	r3, [pc, #44]	@ (100028a0 <xTaskCheckForTimeOut+0x9c>)
10002872:	681b      	ldr	r3, [r3, #0]
10002874:	b10b      	cbz	r3, 1000287a <xTaskCheckForTimeOut+0x76>
10002876:	f7fe fcb3 	bl	100011e0 <vTaskExitCritical.part.0>
1000287a:	4620      	mov	r0, r4
1000287c:	e8bd 8ff8 	ldmia.w	sp!, {r3, r4, r5, r6, r7, r8, r9, sl, fp, pc}
10002880:	f7fd ff8a 	bl	10000798 <ulSetInterruptMask>
10002884:	683b      	ldr	r3, [r7, #0]
10002886:	f856 4023 	ldr.w	r4, [r6, r3, lsl #2]
1000288a:	f7fd ff91 	bl	100007b0 <vClearInterruptMask>
1000288e:	2300      	movs	r3, #0
10002890:	f884 3079 	strb.w	r3, [r4, #121]	@ 0x79
10002894:	e7dc      	b.n	10002850 <xTaskCheckForTimeOut+0x4c>
10002896:	bf00      	nop
10002898:	20001ef4 	.word	0x20001ef4
1000289c:	2002224c 	.word	0x2002224c
100028a0:	20022270 	.word	0x20022270
100028a4:	200222a4 	.word	0x200222a4

100028a8 <vTaskEnterCriticalFromISR>:
100028a8:	4b1f      	ldr	r3, [pc, #124]	@ (10002928 <vTaskEnterCriticalFromISR+0x80>)
100028aa:	6818      	ldr	r0, [r3, #0]
100028ac:	b900      	cbnz	r0, 100028b0 <vTaskEnterCriticalFromISR+0x8>
100028ae:	4770      	bx	lr
100028b0:	b570      	push	{r4, r5, r6, lr}
100028b2:	f7fd ff71 	bl	10000798 <ulSetInterruptMask>
100028b6:	f04f 4250 	mov.w	r2, #3489660928	@ 0xd0000000
100028ba:	4c1c      	ldr	r4, [pc, #112]	@ (1000292c <vTaskEnterCriticalFromISR+0x84>)
100028bc:	6813      	ldr	r3, [r2, #0]
100028be:	f854 1023 	ldr.w	r1, [r4, r3, lsl #2]
100028c2:	b129      	cbz	r1, 100028d0 <vTaskEnterCriticalFromISR+0x28>
100028c4:	f854 2023 	ldr.w	r2, [r4, r3, lsl #2]
100028c8:	3201      	adds	r2, #1
100028ca:	f844 2023 	str.w	r2, [r4, r3, lsl #2]
100028ce:	bd70      	pop	{r4, r5, r6, pc}
100028d0:	4917      	ldr	r1, [pc, #92]	@ (10002930 <vTaskEnterCriticalFromISR+0x88>)
100028d2:	e8d1 5fcf 	ldaexb	r5, [r1]
100028d6:	2601      	movs	r6, #1
100028d8:	2d00      	cmp	r5, #0
100028da:	d101      	bne.n	100028e0 <vTaskEnterCriticalFromISR+0x38>
100028dc:	e8c1 6f45 	strexb	r5, r6, [r1]
100028e0:	f3bf 8f5f 	dmb	sy
100028e4:	b94d      	cbnz	r5, 100028fa <vTaskEnterCriticalFromISR+0x52>
100028e6:	4d13      	ldr	r5, [pc, #76]	@ (10002934 <vTaskEnterCriticalFromISR+0x8c>)
100028e8:	2201      	movs	r2, #1
100028ea:	4913      	ldr	r1, [pc, #76]	@ (10002938 <vTaskEnterCriticalFromISR+0x90>)
100028ec:	700a      	strb	r2, [r1, #0]
100028ee:	f805 2013 	strb.w	r2, [r5, r3, lsl #1]
100028f2:	f04f 4350 	mov.w	r3, #3489660928	@ 0xd0000000
100028f6:	681b      	ldr	r3, [r3, #0]
100028f8:	e7e4      	b.n	100028c4 <vTaskEnterCriticalFromISR+0x1c>
100028fa:	4d0e      	ldr	r5, [pc, #56]	@ (10002934 <vTaskEnterCriticalFromISR+0x8c>)
100028fc:	f815 6013 	ldrb.w	r6, [r5, r3, lsl #1]
10002900:	b95e      	cbnz	r6, 1000291a <vTaskEnterCriticalFromISR+0x72>
10002902:	e8d1 6fcf 	ldaexb	r6, [r1]
10002906:	2201      	movs	r2, #1
10002908:	2e00      	cmp	r6, #0
1000290a:	d1fa      	bne.n	10002902 <vTaskEnterCriticalFromISR+0x5a>
1000290c:	e8c1 2f46 	strexb	r6, r2, [r1]
10002910:	2e00      	cmp	r6, #0
10002912:	d1f6      	bne.n	10002902 <vTaskEnterCriticalFromISR+0x5a>
10002914:	f3bf 8f5f 	dmb	sy
10002918:	e7e6      	b.n	100028e8 <vTaskEnterCriticalFromISR+0x40>
1000291a:	4907      	ldr	r1, [pc, #28]	@ (10002938 <vTaskEnterCriticalFromISR+0x90>)
1000291c:	780b      	ldrb	r3, [r1, #0]
1000291e:	3301      	adds	r3, #1
10002920:	b2db      	uxtb	r3, r3
10002922:	700b      	strb	r3, [r1, #0]
10002924:	6813      	ldr	r3, [r2, #0]
10002926:	e7cd      	b.n	100028c4 <vTaskEnterCriticalFromISR+0x1c>
10002928:	20022270 	.word	0x20022270
1000292c:	200221ac 	.word	0x200221ac
10002930:	20001632 	.word	0x20001632
10002934:	200221a4 	.word	0x200221a4
10002938:	200221a8 	.word	0x200221a8

1000293c <vTaskExitCritical>:
1000293c:	4b1e      	ldr	r3, [pc, #120]	@ (100029b8 <vTaskExitCritical+0x7c>)
1000293e:	681b      	ldr	r3, [r3, #0]
10002940:	2b00      	cmp	r3, #0
10002942:	d034      	beq.n	100029ae <vTaskExitCritical+0x72>
10002944:	f04f 4150 	mov.w	r1, #3489660928	@ 0xd0000000
10002948:	4b1c      	ldr	r3, [pc, #112]	@ (100029bc <vTaskExitCritical+0x80>)
1000294a:	680a      	ldr	r2, [r1, #0]
1000294c:	f853 0022 	ldr.w	r0, [r3, r2, lsl #2]
10002950:	2800      	cmp	r0, #0
10002952:	d02c      	beq.n	100029ae <vTaskExitCritical+0x72>
10002954:	f853 0022 	ldr.w	r0, [r3, r2, lsl #2]
10002958:	3801      	subs	r0, #1
1000295a:	f843 0022 	str.w	r0, [r3, r2, lsl #2]
1000295e:	680a      	ldr	r2, [r1, #0]
10002960:	f853 3022 	ldr.w	r3, [r3, r2, lsl #2]
10002964:	bb1b      	cbnz	r3, 100029ae <vTaskExitCritical+0x72>
10002966:	b510      	push	{r4, lr}
10002968:	4915      	ldr	r1, [pc, #84]	@ (100029c0 <vTaskExitCritical+0x84>)
1000296a:	4b16      	ldr	r3, [pc, #88]	@ (100029c4 <vTaskExitCritical+0x88>)
1000296c:	f853 4022 	ldr.w	r4, [r3, r2, lsl #2]
10002970:	780b      	ldrb	r3, [r1, #0]
10002972:	3b01      	subs	r3, #1
10002974:	b2db      	uxtb	r3, r3
10002976:	700b      	strb	r3, [r1, #0]
10002978:	b92b      	cbnz	r3, 10002986 <vTaskExitCritical+0x4a>
1000297a:	4813      	ldr	r0, [pc, #76]	@ (100029c8 <vTaskExitCritical+0x8c>)
1000297c:	f800 3012 	strb.w	r3, [r0, r2, lsl #1]
10002980:	4a12      	ldr	r2, [pc, #72]	@ (100029cc <vTaskExitCritical+0x90>)
10002982:	e8c2 3f8f 	stlb	r3, [r2]
10002986:	f04f 4250 	mov.w	r2, #3489660928	@ 0xd0000000
1000298a:	784b      	ldrb	r3, [r1, #1]
1000298c:	6810      	ldr	r0, [r2, #0]
1000298e:	3b01      	subs	r3, #1
10002990:	b2db      	uxtb	r3, r3
10002992:	704b      	strb	r3, [r1, #1]
10002994:	b933      	cbnz	r3, 100029a4 <vTaskExitCritical+0x68>
10002996:	4a0c      	ldr	r2, [pc, #48]	@ (100029c8 <vTaskExitCritical+0x8c>)
10002998:	490d      	ldr	r1, [pc, #52]	@ (100029d0 <vTaskExitCritical+0x94>)
1000299a:	eb02 0240 	add.w	r2, r2, r0, lsl #1
1000299e:	7053      	strb	r3, [r2, #1]
100029a0:	e8c1 3f8f 	stlb	r3, [r1]
100029a4:	2000      	movs	r0, #0
100029a6:	f7fd ff03 	bl	100007b0 <vClearInterruptMask>
100029aa:	b90c      	cbnz	r4, 100029b0 <vTaskExitCritical+0x74>
100029ac:	bd10      	pop	{r4, pc}
100029ae:	4770      	bx	lr
100029b0:	e8bd 4010 	ldmia.w	sp!, {r4, lr}
100029b4:	f7fd bd4a 	b.w	1000044c <vPortYield>
100029b8:	20022270 	.word	0x20022270
100029bc:	200221ac 	.word	0x200221ac
100029c0:	200221a8 	.word	0x200221a8
100029c4:	200222b0 	.word	0x200222b0
100029c8:	200221a4 	.word	0x200221a4
100029cc:	20001632 	.word	0x20001632
100029d0:	20001633 	.word	0x20001633

100029d4 <vTaskExitCriticalFromISR>:
100029d4:	4b13      	ldr	r3, [pc, #76]	@ (10002a24 <vTaskExitCriticalFromISR+0x50>)
100029d6:	681b      	ldr	r3, [r3, #0]
100029d8:	b903      	cbnz	r3, 100029dc <vTaskExitCriticalFromISR+0x8>
100029da:	4770      	bx	lr
100029dc:	f04f 4150 	mov.w	r1, #3489660928	@ 0xd0000000
100029e0:	4b11      	ldr	r3, [pc, #68]	@ (10002a28 <vTaskExitCriticalFromISR+0x54>)
100029e2:	680a      	ldr	r2, [r1, #0]
100029e4:	b410      	push	{r4}
100029e6:	f853 4022 	ldr.w	r4, [r3, r2, lsl #2]
100029ea:	b1c4      	cbz	r4, 10002a1e <vTaskExitCriticalFromISR+0x4a>
100029ec:	f853 4022 	ldr.w	r4, [r3, r2, lsl #2]
100029f0:	3c01      	subs	r4, #1
100029f2:	f843 4022 	str.w	r4, [r3, r2, lsl #2]
100029f6:	680a      	ldr	r2, [r1, #0]
100029f8:	f853 3022 	ldr.w	r3, [r3, r2, lsl #2]
100029fc:	b97b      	cbnz	r3, 10002a1e <vTaskExitCriticalFromISR+0x4a>
100029fe:	490b      	ldr	r1, [pc, #44]	@ (10002a2c <vTaskExitCriticalFromISR+0x58>)
10002a00:	780b      	ldrb	r3, [r1, #0]
10002a02:	3b01      	subs	r3, #1
10002a04:	b2db      	uxtb	r3, r3
10002a06:	700b      	strb	r3, [r1, #0]
10002a08:	b92b      	cbnz	r3, 10002a16 <vTaskExitCriticalFromISR+0x42>
10002a0a:	4c09      	ldr	r4, [pc, #36]	@ (10002a30 <vTaskExitCriticalFromISR+0x5c>)
10002a0c:	4909      	ldr	r1, [pc, #36]	@ (10002a34 <vTaskExitCriticalFromISR+0x60>)
10002a0e:	f804 3012 	strb.w	r3, [r4, r2, lsl #1]
10002a12:	e8c1 3f8f 	stlb	r3, [r1]
10002a16:	f85d 4b04 	ldr.w	r4, [sp], #4
10002a1a:	f7fd bec9 	b.w	100007b0 <vClearInterruptMask>
10002a1e:	f85d 4b04 	ldr.w	r4, [sp], #4
10002a22:	4770      	bx	lr
10002a24:	20022270 	.word	0x20022270
10002a28:	200221ac 	.word	0x200221ac
10002a2c:	200221a8 	.word	0x200221a8
10002a30:	200221a4 	.word	0x200221a4
10002a34:	20001632 	.word	0x20001632

10002a38 <uxTaskResetEventItemValue>:
10002a38:	b5f8      	push	{r3, r4, r5, r6, r7, lr}
10002a3a:	f04f 4650 	mov.w	r6, #3489660928	@ 0xd0000000
10002a3e:	f7fd feab 	bl	10000798 <ulSetInterruptMask>
10002a42:	4d0d      	ldr	r5, [pc, #52]	@ (10002a78 <uxTaskResetEventItemValue+0x40>)
10002a44:	6833      	ldr	r3, [r6, #0]
10002a46:	f855 4023 	ldr.w	r4, [r5, r3, lsl #2]
10002a4a:	f7fd feb1 	bl	100007b0 <vClearInterruptMask>
10002a4e:	69e7      	ldr	r7, [r4, #28]
10002a50:	f7fd fea2 	bl	10000798 <ulSetInterruptMask>
10002a54:	6833      	ldr	r3, [r6, #0]
10002a56:	f855 4023 	ldr.w	r4, [r5, r3, lsl #2]
10002a5a:	f7fd fea9 	bl	100007b0 <vClearInterruptMask>
10002a5e:	6b24      	ldr	r4, [r4, #48]	@ 0x30
10002a60:	f7fd fe9a 	bl	10000798 <ulSetInterruptMask>
10002a64:	6833      	ldr	r3, [r6, #0]
10002a66:	f1c4 0420 	rsb	r4, r4, #32
10002a6a:	f855 5023 	ldr.w	r5, [r5, r3, lsl #2]
10002a6e:	f7fd fe9f 	bl	100007b0 <vClearInterruptMask>
10002a72:	4638      	mov	r0, r7
10002a74:	61ec      	str	r4, [r5, #28]
10002a76:	bdf8      	pop	{r3, r4, r5, r6, r7, pc}
10002a78:	20001ef4 	.word	0x20001ef4

10002a7c <prvTimerTask>:
10002a7c:	e92d 4ff0 	stmdb	sp!, {r4, r5, r6, r7, r8, r9, sl, fp, lr}
10002a80:	4fb7      	ldr	r7, [pc, #732]	@ (10002d60 <prvTimerTask+0x2e4>)
10002a82:	f8df b2e4 	ldr.w	fp, [pc, #740]	@ 10002d68 <prvTimerTask+0x2ec>
10002a86:	f8df 82e4 	ldr.w	r8, [pc, #740]	@ 10002d6c <prvTimerTask+0x2f0>
10002a8a:	4db6      	ldr	r5, [pc, #728]	@ (10002d64 <prvTimerTask+0x2e8>)
10002a8c:	b087      	sub	sp, #28
10002a8e:	683b      	ldr	r3, [r7, #0]
10002a90:	681c      	ldr	r4, [r3, #0]
10002a92:	2c00      	cmp	r4, #0
10002a94:	f040 811d 	bne.w	10002cd2 <prvTimerTask+0x256>
10002a98:	f7fe ff26 	bl	100018e8 <vTaskSuspendAll>
10002a9c:	f7fe ff2c 	bl	100018f8 <xTaskGetTickCount>
10002aa0:	f8db 3000 	ldr.w	r3, [fp]
10002aa4:	4681      	mov	r9, r0
10002aa6:	4283      	cmp	r3, r0
10002aa8:	d848      	bhi.n	10002b3c <prvTimerTask+0xc0>
10002aaa:	f8d8 3000 	ldr.w	r3, [r8]
10002aae:	f8cb 0000 	str.w	r0, [fp]
10002ab2:	681a      	ldr	r2, [r3, #0]
10002ab4:	fab2 f282 	clz	r2, r2
10002ab8:	0952      	lsrs	r2, r2, #5
10002aba:	6828      	ldr	r0, [r5, #0]
10002abc:	eba4 0109 	sub.w	r1, r4, r9
10002ac0:	f7fe fae6 	bl	10001090 <vQueueWaitForMessageRestricted>
10002ac4:	f7ff fe18 	bl	100026f8 <xTaskResumeAll>
10002ac8:	2800      	cmp	r0, #0
10002aca:	f000 8124 	beq.w	10002d16 <prvTimerTask+0x29a>
10002ace:	2300      	movs	r3, #0
10002ad0:	e9cd 3302 	strd	r3, r3, [sp, #8]
10002ad4:	e9cd 3304 	strd	r3, r3, [sp, #16]
10002ad8:	2200      	movs	r2, #0
10002ada:	6828      	ldr	r0, [r5, #0]
10002adc:	a902      	add	r1, sp, #8
10002ade:	f7fe f9c1 	bl	10000e64 <xQueueReceive>
10002ae2:	2800      	cmp	r0, #0
10002ae4:	d0d3      	beq.n	10002a8e <prvTimerTask+0x12>
10002ae6:	9b02      	ldr	r3, [sp, #8]
10002ae8:	9804      	ldr	r0, [sp, #16]
10002aea:	2b00      	cmp	r3, #0
10002aec:	f2c0 80e9 	blt.w	10002cc2 <prvTimerTask+0x246>
10002af0:	f8dd a010 	ldr.w	sl, [sp, #16]
10002af4:	f8da 3014 	ldr.w	r3, [sl, #20]
10002af8:	b11b      	cbz	r3, 10002b02 <prvTimerTask+0x86>
10002afa:	f10a 0004 	add.w	r0, sl, #4
10002afe:	f7fd ffc7 	bl	10000a90 <uxListRemove>
10002b02:	f7fe fef9 	bl	100018f8 <xTaskGetTickCount>
10002b06:	f8db 3000 	ldr.w	r3, [fp]
10002b0a:	9001      	str	r0, [sp, #4]
10002b0c:	4298      	cmp	r0, r3
10002b0e:	d343      	bcc.n	10002b98 <prvTimerTask+0x11c>
10002b10:	e9dd 2301 	ldrd	r2, r3, [sp, #4]
10002b14:	3b01      	subs	r3, #1
10002b16:	f8cb 2000 	str.w	r2, [fp]
10002b1a:	2b08      	cmp	r3, #8
10002b1c:	d8dc      	bhi.n	10002ad8 <prvTimerTask+0x5c>
10002b1e:	e8df f003 	tbb	[pc, r3]
10002b22:	6161      	.short	0x6161
10002b24:	61c7a5c0 	.word	0x61c7a5c0
10002b28:	c061      	.short	0xc061
10002b2a:	a5          	.byte	0xa5
10002b2b:	00          	.byte	0x00
10002b2c:	f022 0201 	bic.w	r2, r2, #1
10002b30:	f88a 2028 	strb.w	r2, [sl, #40]	@ 0x28
10002b34:	4650      	mov	r0, sl
10002b36:	f8da 3020 	ldr.w	r3, [sl, #32]
10002b3a:	4798      	blx	r3
10002b3c:	683b      	ldr	r3, [r7, #0]
10002b3e:	681a      	ldr	r2, [r3, #0]
10002b40:	2a00      	cmp	r2, #0
10002b42:	f000 80d8 	beq.w	10002cf6 <prvTimerTask+0x27a>
10002b46:	68da      	ldr	r2, [r3, #12]
10002b48:	f8d2 a00c 	ldr.w	sl, [r2, #12]
10002b4c:	6814      	ldr	r4, [r2, #0]
10002b4e:	f10a 0604 	add.w	r6, sl, #4
10002b52:	4630      	mov	r0, r6
10002b54:	f7fd ff9c 	bl	10000a90 <uxListRemove>
10002b58:	f89a 2028 	ldrb.w	r2, [sl, #40]	@ 0x28
10002b5c:	0751      	lsls	r1, r2, #29
10002b5e:	d5e5      	bpl.n	10002b2c <prvTimerTask+0xb0>
10002b60:	e003      	b.n	10002b6a <prvTimerTask+0xee>
10002b62:	4650      	mov	r0, sl
10002b64:	f8da 2020 	ldr.w	r2, [sl, #32]
10002b68:	4790      	blx	r2
10002b6a:	f8da 2018 	ldr.w	r2, [sl, #24]
10002b6e:	f8ca a010 	str.w	sl, [sl, #16]
10002b72:	1911      	adds	r1, r2, r4
10002b74:	18a4      	adds	r4, r4, r2
10002b76:	f8ca 1004 	str.w	r1, [sl, #4]
10002b7a:	d3f2      	bcc.n	10002b62 <prvTimerTask+0xe6>
10002b7c:	4631      	mov	r1, r6
10002b7e:	f8d8 0000 	ldr.w	r0, [r8]
10002b82:	f7fd ff6d 	bl	10000a60 <vListInsert>
10002b86:	e7d5      	b.n	10002b34 <prvTimerTask+0xb8>
10002b88:	f021 0101 	bic.w	r1, r1, #1
10002b8c:	f889 1028 	strb.w	r1, [r9, #40]	@ 0x28
10002b90:	4648      	mov	r0, r9
10002b92:	f8d9 3020 	ldr.w	r3, [r9, #32]
10002b96:	4798      	blx	r3
10002b98:	683b      	ldr	r3, [r7, #0]
10002b9a:	6819      	ldr	r1, [r3, #0]
10002b9c:	2900      	cmp	r1, #0
10002b9e:	f000 80b4 	beq.w	10002d0a <prvTimerTask+0x28e>
10002ba2:	68d9      	ldr	r1, [r3, #12]
10002ba4:	f8d1 900c 	ldr.w	r9, [r1, #12]
10002ba8:	680c      	ldr	r4, [r1, #0]
10002baa:	f109 0604 	add.w	r6, r9, #4
10002bae:	4630      	mov	r0, r6
10002bb0:	f7fd ff6e 	bl	10000a90 <uxListRemove>
10002bb4:	f899 1028 	ldrb.w	r1, [r9, #40]	@ 0x28
10002bb8:	0748      	lsls	r0, r1, #29
10002bba:	d5e5      	bpl.n	10002b88 <prvTimerTask+0x10c>
10002bbc:	e003      	b.n	10002bc6 <prvTimerTask+0x14a>
10002bbe:	4648      	mov	r0, r9
10002bc0:	f8d9 1020 	ldr.w	r1, [r9, #32]
10002bc4:	4788      	blx	r1
10002bc6:	f8d9 1018 	ldr.w	r1, [r9, #24]
10002bca:	f8c9 9010 	str.w	r9, [r9, #16]
10002bce:	1908      	adds	r0, r1, r4
10002bd0:	1864      	adds	r4, r4, r1
10002bd2:	f8c9 0004 	str.w	r0, [r9, #4]
10002bd6:	d3f2      	bcc.n	10002bbe <prvTimerTask+0x142>
10002bd8:	4631      	mov	r1, r6
10002bda:	f8d8 0000 	ldr.w	r0, [r8]
10002bde:	f7fd ff3f 	bl	10000a60 <vListInsert>
10002be2:	e7d5      	b.n	10002b90 <prvTimerTask+0x114>
10002be4:	f89a 0028 	ldrb.w	r0, [sl, #40]	@ 0x28
10002be8:	9903      	ldr	r1, [sp, #12]
10002bea:	f8da 4018 	ldr.w	r4, [sl, #24]
10002bee:	9a01      	ldr	r2, [sp, #4]
10002bf0:	190b      	adds	r3, r1, r4
10002bf2:	f040 0601 	orr.w	r6, r0, #1
10002bf6:	f88a 6028 	strb.w	r6, [sl, #40]	@ 0x28
10002bfa:	bf2c      	ite	cs
10002bfc:	2601      	movcs	r6, #1
10002bfe:	2600      	movcc	r6, #0
10002c00:	4293      	cmp	r3, r2
10002c02:	f8ca 3004 	str.w	r3, [sl, #4]
10002c06:	f8ca a010 	str.w	sl, [sl, #16]
10002c0a:	f200 8087 	bhi.w	10002d1c <prvTimerTask+0x2a0>
10002c0e:	1a51      	subs	r1, r2, r1
10002c10:	428c      	cmp	r4, r1
10002c12:	d83f      	bhi.n	10002c94 <prvTimerTask+0x218>
10002c14:	0741      	lsls	r1, r0, #29
10002c16:	d412      	bmi.n	10002c3e <prvTimerTask+0x1c2>
10002c18:	f020 0001 	bic.w	r0, r0, #1
10002c1c:	f88a 0028 	strb.w	r0, [sl, #40]	@ 0x28
10002c20:	4650      	mov	r0, sl
10002c22:	f8da 3020 	ldr.w	r3, [sl, #32]
10002c26:	4798      	blx	r3
10002c28:	e756      	b.n	10002ad8 <prvTimerTask+0x5c>
10002c2a:	428c      	cmp	r4, r1
10002c2c:	f200 80c6 	bhi.w	10002dbc <prvTimerTask+0x340>
10002c30:	f8da 3020 	ldr.w	r3, [sl, #32]
10002c34:	4650      	mov	r0, sl
10002c36:	4798      	blx	r3
10002c38:	4633      	mov	r3, r6
10002c3a:	f8da 4018 	ldr.w	r4, [sl, #24]
10002c3e:	9a01      	ldr	r2, [sp, #4]
10002c40:	18e6      	adds	r6, r4, r3
10002c42:	bf2c      	ite	cs
10002c44:	2001      	movcs	r0, #1
10002c46:	2000      	movcc	r0, #0
10002c48:	42b2      	cmp	r2, r6
10002c4a:	eba2 0103 	sub.w	r1, r2, r3
10002c4e:	f8ca 6004 	str.w	r6, [sl, #4]
10002c52:	f8ca a010 	str.w	sl, [sl, #16]
10002c56:	d2e8      	bcs.n	10002c2a <prvTimerTask+0x1ae>
10002c58:	429a      	cmp	r2, r3
10002c5a:	d201      	bcs.n	10002c60 <prvTimerTask+0x1e4>
10002c5c:	2800      	cmp	r0, #0
10002c5e:	d0e7      	beq.n	10002c30 <prvTimerTask+0x1b4>
10002c60:	6838      	ldr	r0, [r7, #0]
10002c62:	f10a 0104 	add.w	r1, sl, #4
10002c66:	f7fd fefb 	bl	10000a60 <vListInsert>
10002c6a:	e7d9      	b.n	10002c20 <prvTimerTask+0x1a4>
10002c6c:	9903      	ldr	r1, [sp, #12]
10002c6e:	9a01      	ldr	r2, [sp, #4]
10002c70:	f89a 3028 	ldrb.w	r3, [sl, #40]	@ 0x28
10002c74:	1888      	adds	r0, r1, r2
10002c76:	f043 0301 	orr.w	r3, r3, #1
10002c7a:	4290      	cmp	r0, r2
10002c7c:	f88a 3028 	strb.w	r3, [sl, #40]	@ 0x28
10002c80:	f8ca 1018 	str.w	r1, [sl, #24]
10002c84:	f8ca 0004 	str.w	r0, [sl, #4]
10002c88:	f8ca a010 	str.w	sl, [sl, #16]
10002c8c:	d84b      	bhi.n	10002d26 <prvTimerTask+0x2aa>
10002c8e:	2900      	cmp	r1, #0
10002c90:	f43f af22 	beq.w	10002ad8 <prvTimerTask+0x5c>
10002c94:	f8d8 0000 	ldr.w	r0, [r8]
10002c98:	f10a 0104 	add.w	r1, sl, #4
10002c9c:	f7fd fee0 	bl	10000a60 <vListInsert>
10002ca0:	e71a      	b.n	10002ad8 <prvTimerTask+0x5c>
10002ca2:	f89a 3028 	ldrb.w	r3, [sl, #40]	@ 0x28
10002ca6:	f023 0301 	bic.w	r3, r3, #1
10002caa:	f88a 3028 	strb.w	r3, [sl, #40]	@ 0x28
10002cae:	e713      	b.n	10002ad8 <prvTimerTask+0x5c>
10002cb0:	f89a 3028 	ldrb.w	r3, [sl, #40]	@ 0x28
10002cb4:	079a      	lsls	r2, r3, #30
10002cb6:	d577      	bpl.n	10002da8 <prvTimerTask+0x32c>
10002cb8:	f023 0301 	bic.w	r3, r3, #1
10002cbc:	f88a 3028 	strb.w	r3, [sl, #40]	@ 0x28
10002cc0:	e70a      	b.n	10002ad8 <prvTimerTask+0x5c>
10002cc2:	9b03      	ldr	r3, [sp, #12]
10002cc4:	9905      	ldr	r1, [sp, #20]
10002cc6:	4798      	blx	r3
10002cc8:	9b02      	ldr	r3, [sp, #8]
10002cca:	2b00      	cmp	r3, #0
10002ccc:	f6ff af04 	blt.w	10002ad8 <prvTimerTask+0x5c>
10002cd0:	e70e      	b.n	10002af0 <prvTimerTask+0x74>
10002cd2:	68db      	ldr	r3, [r3, #12]
10002cd4:	681c      	ldr	r4, [r3, #0]
10002cd6:	f7fe fe07 	bl	100018e8 <vTaskSuspendAll>
10002cda:	f7fe fe0d 	bl	100018f8 <xTaskGetTickCount>
10002cde:	f8db 3000 	ldr.w	r3, [fp]
10002ce2:	4681      	mov	r9, r0
10002ce4:	4283      	cmp	r3, r0
10002ce6:	f63f af29 	bhi.w	10002b3c <prvTimerTask+0xc0>
10002cea:	4284      	cmp	r4, r0
10002cec:	f8cb 0000 	str.w	r0, [fp]
10002cf0:	d91f      	bls.n	10002d32 <prvTimerTask+0x2b6>
10002cf2:	2200      	movs	r2, #0
10002cf4:	e6e1      	b.n	10002aba <prvTimerTask+0x3e>
10002cf6:	f8d8 2000 	ldr.w	r2, [r8]
10002cfa:	f8cb 9000 	str.w	r9, [fp]
10002cfe:	603a      	str	r2, [r7, #0]
10002d00:	f8c8 3000 	str.w	r3, [r8]
10002d04:	f7ff fcf8 	bl	100026f8 <xTaskResumeAll>
10002d08:	e6e1      	b.n	10002ace <prvTimerTask+0x52>
10002d0a:	f8d8 1000 	ldr.w	r1, [r8]
10002d0e:	f8c8 3000 	str.w	r3, [r8]
10002d12:	6039      	str	r1, [r7, #0]
10002d14:	e6fc      	b.n	10002b10 <prvTimerTask+0x94>
10002d16:	f7ff fa77 	bl	10002208 <vTaskYieldWithinAPI>
10002d1a:	e6d8      	b.n	10002ace <prvTimerTask+0x52>
10002d1c:	4291      	cmp	r1, r2
10002d1e:	d902      	bls.n	10002d26 <prvTimerTask+0x2aa>
10002d20:	2e00      	cmp	r6, #0
10002d22:	f43f af77 	beq.w	10002c14 <prvTimerTask+0x198>
10002d26:	6838      	ldr	r0, [r7, #0]
10002d28:	f10a 0104 	add.w	r1, sl, #4
10002d2c:	f7fd fe98 	bl	10000a60 <vListInsert>
10002d30:	e6d2      	b.n	10002ad8 <prvTimerTask+0x5c>
10002d32:	f7ff fce1 	bl	100026f8 <xTaskResumeAll>
10002d36:	683b      	ldr	r3, [r7, #0]
10002d38:	68db      	ldr	r3, [r3, #12]
10002d3a:	68de      	ldr	r6, [r3, #12]
10002d3c:	1d33      	adds	r3, r6, #4
10002d3e:	4618      	mov	r0, r3
10002d40:	9301      	str	r3, [sp, #4]
10002d42:	f7fd fea5 	bl	10000a90 <uxListRemove>
10002d46:	f896 2028 	ldrb.w	r2, [r6, #40]	@ 0x28
10002d4a:	0753      	lsls	r3, r2, #29
10002d4c:	d416      	bmi.n	10002d7c <prvTimerTask+0x300>
10002d4e:	f022 0201 	bic.w	r2, r2, #1
10002d52:	f886 2028 	strb.w	r2, [r6, #40]	@ 0x28
10002d56:	4630      	mov	r0, r6
10002d58:	6a33      	ldr	r3, [r6, #32]
10002d5a:	4798      	blx	r3
10002d5c:	e6b7      	b.n	10002ace <prvTimerTask+0x52>
10002d5e:	bf00      	nop
10002d60:	20001efc 	.word	0x20001efc
10002d64:	200222a8 	.word	0x200222a8
10002d68:	20022240 	.word	0x20022240
10002d6c:	20001f0c 	.word	0x20001f0c
10002d70:	4281      	cmp	r1, r0
10002d72:	d81d      	bhi.n	10002db0 <prvTimerTask+0x334>
10002d74:	4630      	mov	r0, r6
10002d76:	6a31      	ldr	r1, [r6, #32]
10002d78:	4788      	blx	r1
10002d7a:	4654      	mov	r4, sl
10002d7c:	69b1      	ldr	r1, [r6, #24]
10002d7e:	eba9 0004 	sub.w	r0, r9, r4
10002d82:	eb14 0a01 	adds.w	sl, r4, r1
10002d86:	bf2c      	ite	cs
10002d88:	2301      	movcs	r3, #1
10002d8a:	2300      	movcc	r3, #0
10002d8c:	45ca      	cmp	sl, r9
10002d8e:	f8c6 a004 	str.w	sl, [r6, #4]
10002d92:	6136      	str	r6, [r6, #16]
10002d94:	d9ec      	bls.n	10002d70 <prvTimerTask+0x2f4>
10002d96:	454c      	cmp	r4, r9
10002d98:	d901      	bls.n	10002d9e <prvTimerTask+0x322>
10002d9a:	2b00      	cmp	r3, #0
10002d9c:	d0ea      	beq.n	10002d74 <prvTimerTask+0x2f8>
10002d9e:	9901      	ldr	r1, [sp, #4]
10002da0:	6838      	ldr	r0, [r7, #0]
10002da2:	f7fd fe5d 	bl	10000a60 <vListInsert>
10002da6:	e7d6      	b.n	10002d56 <prvTimerTask+0x2da>
10002da8:	4650      	mov	r0, sl
10002daa:	f001 fa93 	bl	100042d4 <vPortFree>
10002dae:	e693      	b.n	10002ad8 <prvTimerTask+0x5c>
10002db0:	9901      	ldr	r1, [sp, #4]
10002db2:	f8d8 0000 	ldr.w	r0, [r8]
10002db6:	f7fd fe53 	bl	10000a60 <vListInsert>
10002dba:	e7cc      	b.n	10002d56 <prvTimerTask+0x2da>
10002dbc:	f8d8 0000 	ldr.w	r0, [r8]
10002dc0:	f10a 0104 	add.w	r1, sl, #4
10002dc4:	f7fd fe4c 	bl	10000a60 <vListInsert>
10002dc8:	e72a      	b.n	10002c20 <prvTimerTask+0x1a4>
10002dca:	bf00      	nop

10002dcc <xTimerCreateTimerTask>:
10002dcc:	b5f0      	push	{r4, r5, r6, r7, lr}
10002dce:	4c19      	ldr	r4, [pc, #100]	@ (10002e34 <xTimerCreateTimerTask+0x68>)
10002dd0:	b085      	sub	sp, #20
10002dd2:	f7ff fa2b 	bl	1000222c <vTaskEnterCritical>
10002dd6:	6825      	ldr	r5, [r4, #0]
10002dd8:	b19d      	cbz	r5, 10002e02 <xTimerCreateTimerTask+0x36>
10002dda:	f7ff fdaf 	bl	1000293c <vTaskExitCritical>
10002dde:	6820      	ldr	r0, [r4, #0]
10002de0:	b168      	cbz	r0, 10002dfe <xTimerCreateTimerTask+0x32>
10002de2:	f04f 35ff 	mov.w	r5, #4294967295	@ 0xffffffff
10002de6:	241f      	movs	r4, #31
10002de8:	4913      	ldr	r1, [pc, #76]	@ (10002e38 <xTimerCreateTimerTask+0x6c>)
10002dea:	2300      	movs	r3, #0
10002dec:	9102      	str	r1, [sp, #8]
10002dee:	f44f 6280 	mov.w	r2, #1024	@ 0x400
10002df2:	e9cd 4500 	strd	r4, r5, [sp]
10002df6:	4911      	ldr	r1, [pc, #68]	@ (10002e3c <xTimerCreateTimerTask+0x70>)
10002df8:	4811      	ldr	r0, [pc, #68]	@ (10002e40 <xTimerCreateTimerTask+0x74>)
10002dfa:	f7ff fb35 	bl	10002468 <xTaskCreateAffinitySet>
10002dfe:	b005      	add	sp, #20
10002e00:	bdf0      	pop	{r4, r5, r6, r7, pc}
10002e02:	4e10      	ldr	r6, [pc, #64]	@ (10002e44 <xTimerCreateTimerTask+0x78>)
10002e04:	4f10      	ldr	r7, [pc, #64]	@ (10002e48 <xTimerCreateTimerTask+0x7c>)
10002e06:	4630      	mov	r0, r6
10002e08:	f7fd fe0c 	bl	10000a24 <vListInitialise>
10002e0c:	4638      	mov	r0, r7
10002e0e:	f7fd fe09 	bl	10000a24 <vListInitialise>
10002e12:	4a0e      	ldr	r2, [pc, #56]	@ (10002e4c <xTimerCreateTimerTask+0x80>)
10002e14:	4b0e      	ldr	r3, [pc, #56]	@ (10002e50 <xTimerCreateTimerTask+0x84>)
10002e16:	6017      	str	r7, [r2, #0]
10002e18:	2110      	movs	r1, #16
10002e1a:	462a      	mov	r2, r5
10002e1c:	200a      	movs	r0, #10
10002e1e:	601e      	str	r6, [r3, #0]
10002e20:	f7fd ff90 	bl	10000d44 <xQueueGenericCreate>
10002e24:	6020      	str	r0, [r4, #0]
10002e26:	2800      	cmp	r0, #0
10002e28:	d0d7      	beq.n	10002dda <xTimerCreateTimerTask+0xe>
10002e2a:	490a      	ldr	r1, [pc, #40]	@ (10002e54 <xTimerCreateTimerTask+0x88>)
10002e2c:	f7fe f898 	bl	10000f60 <vQueueAddToRegistry>
10002e30:	e7d3      	b.n	10002dda <xTimerCreateTimerTask+0xe>
10002e32:	bf00      	nop
10002e34:	200222a8 	.word	0x200222a8
10002e38:	200222ac 	.word	0x200222ac
10002e3c:	10007240 	.word	0x10007240
10002e40:	10002a7d 	.word	0x10002a7d
10002e44:	200221e0 	.word	0x200221e0
10002e48:	200221f4 	.word	0x200221f4
10002e4c:	20001f0c 	.word	0x20001f0c
10002e50:	20001efc 	.word	0x20001efc
10002e54:	10007238 	.word	0x10007238

10002e58 <xTimerPendFunctionCallFromISR>:
10002e58:	469c      	mov	ip, r3
10002e5a:	b5f0      	push	{r4, r5, r6, r7, lr}
10002e5c:	4607      	mov	r7, r0
10002e5e:	460e      	mov	r6, r1
10002e60:	4615      	mov	r5, r2
10002e62:	f06f 0401 	mvn.w	r4, #1
10002e66:	4b07      	ldr	r3, [pc, #28]	@ (10002e84 <xTimerPendFunctionCallFromISR+0x2c>)
10002e68:	b085      	sub	sp, #20
10002e6a:	4669      	mov	r1, sp
10002e6c:	4662      	mov	r2, ip
10002e6e:	6818      	ldr	r0, [r3, #0]
10002e70:	2300      	movs	r3, #0
10002e72:	e9cd 7601 	strd	r7, r6, [sp, #4]
10002e76:	9503      	str	r5, [sp, #12]
10002e78:	9400      	str	r4, [sp, #0]
10002e7a:	f7fd ffa3 	bl	10000dc4 <xQueueGenericSendFromISR>
10002e7e:	b005      	add	sp, #20
10002e80:	bdf0      	pop	{r4, r5, r6, r7, pc}
10002e82:	bf00      	nop
10002e84:	200222a8 	.word	0x200222a8

10002e88 <clock_configure_undivided>:
10002e88:	eb00 0c40 	add.w	ip, r0, r0, lsl #1
10002e8c:	ea4f 0c8c 	mov.w	ip, ip, lsl #2
10002e90:	f10c 4c80 	add.w	ip, ip, #1073741824	@ 0x40000000
10002e94:	f50c 3c80 	add.w	ip, ip, #65536	@ 0x10000
10002e98:	b5f0      	push	{r4, r5, r6, r7, lr}
10002e9a:	4616      	mov	r6, r2
10002e9c:	f8dc 2004 	ldr.w	r2, [ip, #4]
10002ea0:	1f05      	subs	r5, r0, #4
10002ea2:	f5b2 3f80 	cmp.w	r2, #65536	@ 0x10000
10002ea6:	bf38      	it	cc
10002ea8:	f44f 3280 	movcc.w	r2, #65536	@ 0x10000
10002eac:	b2ed      	uxtb	r5, r5
10002eae:	bf38      	it	cc
10002eb0:	f8cc 2004 	strcc.w	r2, [ip, #4]
10002eb4:	2d01      	cmp	r5, #1
10002eb6:	d92a      	bls.n	10002f0e <clock_configure_undivided+0x86>
10002eb8:	f44f 6700 	mov.w	r7, #2048	@ 0x800
10002ebc:	4c25      	ldr	r4, [pc, #148]	@ (10002f54 <clock_configure_undivided+0xcc>)
10002ebe:	f50c 5240 	add.w	r2, ip, #12288	@ 0x3000
10002ec2:	6017      	str	r7, [r2, #0]
10002ec4:	f854 2020 	ldr.w	r2, [r4, r0, lsl #2]
10002ec8:	b9b2      	cbnz	r2, 10002ef8 <clock_configure_undivided+0x70>
10002eca:	f8dc 2000 	ldr.w	r2, [ip]
10002ece:	2d01      	cmp	r5, #1
10002ed0:	ea82 1246 	eor.w	r2, r2, r6, lsl #5
10002ed4:	f002 02e0 	and.w	r2, r2, #224	@ 0xe0
10002ed8:	f50c 5680 	add.w	r6, ip, #4096	@ 0x1000
10002edc:	6032      	str	r2, [r6, #0]
10002ede:	d92a      	bls.n	10002f36 <clock_configure_undivided+0xae>
10002ee0:	f44f 6100 	mov.w	r1, #2048	@ 0x800
10002ee4:	f844 3020 	str.w	r3, [r4, r0, lsl #2]
10002ee8:	f44f 3380 	mov.w	r3, #65536	@ 0x10000
10002eec:	f50c 5200 	add.w	r2, ip, #8192	@ 0x2000
10002ef0:	6011      	str	r1, [r2, #0]
10002ef2:	f8cc 3004 	str.w	r3, [ip, #4]
10002ef6:	bdf0      	pop	{r4, r5, r6, r7, pc}
10002ef8:	6967      	ldr	r7, [r4, #20]
10002efa:	fbb7 fef2 	udiv	lr, r7, r2
10002efe:	f10e 0e01 	add.w	lr, lr, #1
10002f02:	eb0e 0e4e 	add.w	lr, lr, lr, lsl #1
10002f06:	f1be 0e03 	subs.w	lr, lr, #3
10002f0a:	d2fc      	bcs.n	10002f06 <clock_configure_undivided+0x7e>
10002f0c:	e7dd      	b.n	10002eca <clock_configure_undivided+0x42>
10002f0e:	2901      	cmp	r1, #1
10002f10:	d1d2      	bne.n	10002eb8 <clock_configure_undivided+0x30>
10002f12:	2403      	movs	r4, #3
10002f14:	f50c 5240 	add.w	r2, ip, #12288	@ 0x3000
10002f18:	6014      	str	r4, [r2, #0]
10002f1a:	f8dc 2008 	ldr.w	r2, [ip, #8]
10002f1e:	07d2      	lsls	r2, r2, #31
10002f20:	d5fb      	bpl.n	10002f1a <clock_configure_undivided+0x92>
10002f22:	f8dc 2000 	ldr.w	r2, [ip]
10002f26:	4c0b      	ldr	r4, [pc, #44]	@ (10002f54 <clock_configure_undivided+0xcc>)
10002f28:	ea82 1246 	eor.w	r2, r2, r6, lsl #5
10002f2c:	f002 02e0 	and.w	r2, r2, #224	@ 0xe0
10002f30:	f50c 5680 	add.w	r6, ip, #4096	@ 0x1000
10002f34:	6032      	str	r2, [r6, #0]
10002f36:	2201      	movs	r2, #1
10002f38:	f8dc 5000 	ldr.w	r5, [ip]
10002f3c:	404d      	eors	r5, r1
10002f3e:	f005 0503 	and.w	r5, r5, #3
10002f42:	6035      	str	r5, [r6, #0]
10002f44:	fa02 f101 	lsl.w	r1, r2, r1
10002f48:	f8dc 2008 	ldr.w	r2, [ip, #8]
10002f4c:	420a      	tst	r2, r1
10002f4e:	d0fb      	beq.n	10002f48 <clock_configure_undivided+0xc0>
10002f50:	e7c6      	b.n	10002ee0 <clock_configure_undivided+0x58>
10002f52:	bf00      	nop
10002f54:	20001a48 	.word	0x20001a48

10002f58 <clock_get_hz>:
10002f58:	4b01      	ldr	r3, [pc, #4]	@ (10002f60 <clock_get_hz+0x8>)
10002f5a:	f853 0020 	ldr.w	r0, [r3, r0, lsl #2]
10002f5e:	4770      	bx	lr
10002f60:	20001a48 	.word	0x20001a48

10002f64 <panic>:
10002f64:	b40f      	push	{r0, r1, r2, r3}
10002f66:	b500      	push	{lr}
10002f68:	b083      	sub	sp, #12
10002f6a:	9c04      	ldr	r4, [sp, #16]
10002f6c:	4807      	ldr	r0, [pc, #28]	@ (10002f8c <panic+0x28>)
10002f6e:	f001 fc87 	bl	10004880 <__wrap_puts>
10002f72:	b13c      	cbz	r4, 10002f84 <panic+0x20>
10002f74:	a905      	add	r1, sp, #20
10002f76:	4620      	mov	r0, r4
10002f78:	9101      	str	r1, [sp, #4]
10002f7a:	f001 fb27 	bl	100045cc <weak_raw_vprintf>
10002f7e:	4804      	ldr	r0, [pc, #16]	@ (10002f90 <panic+0x2c>)
10002f80:	f001 fc7e 	bl	10004880 <__wrap_puts>
10002f84:	2001      	movs	r0, #1
10002f86:	f001 fb39 	bl	100045fc <_exit>
10002f8a:	bf00      	nop
10002f8c:	10007248 	.word	0x10007248
10002f90:	10007258 	.word	0x10007258

10002f94 <hw_claim_lock>:
10002f94:	f3ef 8010 	mrs	r0, PRIMASK
10002f98:	b672      	cpsid	i
10002f9a:	4b06      	ldr	r3, [pc, #24]	@ (10002fb4 <hw_claim_lock+0x20>)
10002f9c:	e8d3 1fcf 	ldaexb	r1, [r3]
10002fa0:	2201      	movs	r2, #1
10002fa2:	2900      	cmp	r1, #0
10002fa4:	d1fa      	bne.n	10002f9c <hw_claim_lock+0x8>
10002fa6:	e8c3 2f41 	strexb	r1, r2, [r3]
10002faa:	2900      	cmp	r1, #0
10002fac:	d1f6      	bne.n	10002f9c <hw_claim_lock+0x8>
10002fae:	f3bf 8f5f 	dmb	sy
10002fb2:	4770      	bx	lr
10002fb4:	2000162f 	.word	0x2000162f

10002fb8 <hw_claim_unlock>:
10002fb8:	2300      	movs	r3, #0
10002fba:	4a03      	ldr	r2, [pc, #12]	@ (10002fc8 <hw_claim_unlock+0x10>)
10002fbc:	e8c2 3f8f 	stlb	r3, [r2]
10002fc0:	f380 8810 	msr	PRIMASK, r0
10002fc4:	4770      	bx	lr
10002fc6:	bf00      	nop
10002fc8:	2000162f 	.word	0x2000162f

10002fcc <hw_claim_or_assert>:
10002fcc:	b570      	push	{r4, r5, r6, lr}
10002fce:	4686      	mov	lr, r0
10002fd0:	f3ef 8510 	mrs	r5, PRIMASK
10002fd4:	b672      	cpsid	i
10002fd6:	4c12      	ldr	r4, [pc, #72]	@ (10003020 <hw_claim_or_assert+0x54>)
10002fd8:	e8d4 6fcf 	ldaexb	r6, [r4]
10002fdc:	2001      	movs	r0, #1
10002fde:	2e00      	cmp	r6, #0
10002fe0:	d1fa      	bne.n	10002fd8 <hw_claim_or_assert+0xc>
10002fe2:	e8c4 0f46 	strexb	r6, r0, [r4]
10002fe6:	2e00      	cmp	r6, #0
10002fe8:	d1f6      	bne.n	10002fd8 <hw_claim_or_assert+0xc>
10002fea:	f3bf 8f5f 	dmb	sy
10002fee:	f04f 0c01 	mov.w	ip, #1
10002ff2:	08c8      	lsrs	r0, r1, #3
10002ff4:	f001 0307 	and.w	r3, r1, #7
10002ff8:	fa0c f303 	lsl.w	r3, ip, r3
10002ffc:	f81e c000 	ldrb.w	ip, [lr, r0]
10003000:	ea1c 0603 	ands.w	r6, ip, r3
10003004:	d108      	bne.n	10003018 <hw_claim_or_assert+0x4c>
10003006:	ea4c 0c03 	orr.w	ip, ip, r3
1000300a:	f80e c000 	strb.w	ip, [lr, r0]
1000300e:	e8c4 6f8f 	stlb	r6, [r4]
10003012:	f385 8810 	msr	PRIMASK, r5
10003016:	bd70      	pop	{r4, r5, r6, pc}
10003018:	4610      	mov	r0, r2
1000301a:	f7ff ffa3 	bl	10002f64 <panic>
1000301e:	bf00      	nop
10003020:	2000162f 	.word	0x2000162f

10003024 <hw_claim_unused_from_range>:
10003024:	b5f8      	push	{r3, r4, r5, r6, r7, lr}
10003026:	f3ef 8710 	mrs	r7, PRIMASK
1000302a:	b672      	cpsid	i
1000302c:	4e1c      	ldr	r6, [pc, #112]	@ (100030a0 <hw_claim_unused_from_range+0x7c>)
1000302e:	e8d6 5fcf 	ldaexb	r5, [r6]
10003032:	2401      	movs	r4, #1
10003034:	2d00      	cmp	r5, #0
10003036:	d1fa      	bne.n	1000302e <hw_claim_unused_from_range+0xa>
10003038:	e8c6 4f45 	strexb	r5, r4, [r6]
1000303c:	2d00      	cmp	r5, #0
1000303e:	d1f6      	bne.n	1000302e <hw_claim_unused_from_range+0xa>
10003040:	f3bf 8f5f 	dmb	sy
10003044:	429a      	cmp	r2, r3
10003046:	d81b      	bhi.n	10003080 <hw_claim_unused_from_range+0x5c>
10003048:	2501      	movs	r5, #1
1000304a:	e002      	b.n	10003052 <hw_claim_unused_from_range+0x2e>
1000304c:	3201      	adds	r2, #1
1000304e:	4293      	cmp	r3, r2
10003050:	d322      	bcc.n	10003098 <hw_claim_unused_from_range+0x74>
10003052:	08d4      	lsrs	r4, r2, #3
10003054:	f810 e004 	ldrb.w	lr, [r0, r4]
10003058:	f002 0c07 	and.w	ip, r2, #7
1000305c:	fa05 fc0c 	lsl.w	ip, r5, ip
10003060:	ea1e 0f0c 	tst.w	lr, ip
10003064:	d1f2      	bne.n	1000304c <hw_claim_unused_from_range+0x28>
10003066:	ea4e 0e0c 	orr.w	lr, lr, ip
1000306a:	f800 e004 	strb.w	lr, [r0, r4]
1000306e:	4610      	mov	r0, r2
10003070:	2300      	movs	r3, #0
10003072:	e8c6 3f8f 	stlb	r3, [r6]
10003076:	f387 8810 	msr	PRIMASK, r7
1000307a:	4298      	cmp	r0, r3
1000307c:	db07      	blt.n	1000308e <hw_claim_unused_from_range+0x6a>
1000307e:	bdf8      	pop	{r3, r4, r5, r6, r7, pc}
10003080:	2300      	movs	r3, #0
10003082:	e8c6 3f8f 	stlb	r3, [r6]
10003086:	f387 8810 	msr	PRIMASK, r7
1000308a:	f04f 30ff 	mov.w	r0, #4294967295	@ 0xffffffff
1000308e:	2900      	cmp	r1, #0
10003090:	d0f5      	beq.n	1000307e <hw_claim_unused_from_range+0x5a>
10003092:	9806      	ldr	r0, [sp, #24]
10003094:	f7ff ff66 	bl	10002f64 <panic>
10003098:	f04f 30ff 	mov.w	r0, #4294967295	@ 0xffffffff
1000309c:	e7e8      	b.n	10003070 <hw_claim_unused_from_range+0x4c>
1000309e:	bf00      	nop
100030a0:	2000162f 	.word	0x2000162f

100030a4 <next_striped_spin_lock_num>:
100030a4:	4a04      	ldr	r2, [pc, #16]	@ (100030b8 <next_striped_spin_lock_num+0x14>)
100030a6:	7810      	ldrb	r0, [r2, #0]
100030a8:	1c43      	adds	r3, r0, #1
100030aa:	b2db      	uxtb	r3, r3
100030ac:	2b18      	cmp	r3, #24
100030ae:	bf28      	it	cs
100030b0:	2310      	movcs	r3, #16
100030b2:	7013      	strb	r3, [r2, #0]
100030b4:	4770      	bx	lr
100030b6:	bf00      	nop
100030b8:	2000120a 	.word	0x2000120a

100030bc <spin_lock_claim>:
100030bc:	4601      	mov	r1, r0
100030be:	4a02      	ldr	r2, [pc, #8]	@ (100030c8 <spin_lock_claim+0xc>)
100030c0:	4802      	ldr	r0, [pc, #8]	@ (100030cc <spin_lock_claim+0x10>)
100030c2:	f7ff bf83 	b.w	10002fcc <hw_claim_or_assert>
100030c6:	bf00      	nop
100030c8:	1000725c 	.word	0x1000725c
100030cc:	20001a40 	.word	0x20001a40

100030d0 <spin_lock_claim_unused>:
100030d0:	b510      	push	{r4, lr}
100030d2:	4c05      	ldr	r4, [pc, #20]	@ (100030e8 <spin_lock_claim_unused+0x18>)
100030d4:	b082      	sub	sp, #8
100030d6:	4601      	mov	r1, r0
100030d8:	231f      	movs	r3, #31
100030da:	2218      	movs	r2, #24
100030dc:	9400      	str	r4, [sp, #0]
100030de:	4803      	ldr	r0, [pc, #12]	@ (100030ec <spin_lock_claim_unused+0x1c>)
100030e0:	f7ff ffa0 	bl	10003024 <hw_claim_unused_from_range>
100030e4:	b002      	add	sp, #8
100030e6:	bd10      	pop	{r4, pc}
100030e8:	1000727c 	.word	0x1000727c
100030ec:	20001a40 	.word	0x20001a40

100030f0 <spinlock_set_extexclall>:
100030f0:	f04f 22e0 	mov.w	r2, #3758153728	@ 0xe000e000
100030f4:	6893      	ldr	r3, [r2, #8]
100030f6:	f043 5300 	orr.w	r3, r3, #536870912	@ 0x20000000
100030fa:	6093      	str	r3, [r2, #8]
100030fc:	4770      	bx	lr
100030fe:	bf00      	nop

10003100 <spin_locks_reset>:
10003100:	2100      	movs	r1, #0
10003102:	4b04      	ldr	r3, [pc, #16]	@ (10003114 <spin_locks_reset+0x14>)
10003104:	f103 0220 	add.w	r2, r3, #32
10003108:	e8c3 1f8f 	stlb	r1, [r3]
1000310c:	3301      	adds	r3, #1
1000310e:	4293      	cmp	r3, r2
10003110:	d1fa      	bne.n	10003108 <spin_locks_reset+0x8>
10003112:	4770      	bx	lr
10003114:	20001624 	.word	0x20001624

10003118 <gpio_init>:
10003118:	b430      	push	{r4, r5}
1000311a:	f04f 0300 	mov.w	r3, #0
1000311e:	ec43 0044 	gpioc_bit_oe_put r0, r3
10003122:	ec43 0040 	gpioc_bit_out_put r0, r3
10003126:	2505      	movs	r5, #5
10003128:	f44f 7480 	mov.w	r4, #256	@ 0x100
1000312c:	4b0b      	ldr	r3, [pc, #44]	@ (1000315c <gpio_init+0x44>)
1000312e:	00c2      	lsls	r2, r0, #3
10003130:	f853 1020 	ldr.w	r1, [r3, r0, lsl #2]
10003134:	eb03 0080 	add.w	r0, r3, r0, lsl #2
10003138:	f081 0140 	eor.w	r1, r1, #64	@ 0x40
1000313c:	f102 4380 	add.w	r3, r2, #1073741824	@ 0x40000000
10003140:	f503 3320 	add.w	r3, r3, #163840	@ 0x28000
10003144:	f001 02c0 	and.w	r2, r1, #192	@ 0xc0
10003148:	f500 5180 	add.w	r1, r0, #4096	@ 0x1000
1000314c:	f500 5040 	add.w	r0, r0, #12288	@ 0x3000
10003150:	600a      	str	r2, [r1, #0]
10003152:	605d      	str	r5, [r3, #4]
10003154:	6004      	str	r4, [r0, #0]
10003156:	bc30      	pop	{r4, r5}
10003158:	4770      	bx	lr
1000315a:	bf00      	nop
1000315c:	40038004 	.word	0x40038004

10003160 <runtime_init_per_core_irq_priorities>:
10003160:	f04f 23e0 	mov.w	r3, #3758153728	@ 0xe000e000
10003164:	f04f 3280 	mov.w	r2, #2155905152	@ 0x80808080
10003168:	f8c3 2400 	str.w	r2, [r3, #1024]	@ 0x400
1000316c:	f8c3 2404 	str.w	r2, [r3, #1028]	@ 0x404
10003170:	f8c3 2408 	str.w	r2, [r3, #1032]	@ 0x408
10003174:	f8c3 240c 	str.w	r2, [r3, #1036]	@ 0x40c
10003178:	f8c3 2410 	str.w	r2, [r3, #1040]	@ 0x410
1000317c:	f8c3 2414 	str.w	r2, [r3, #1044]	@ 0x414
10003180:	f8c3 2418 	str.w	r2, [r3, #1048]	@ 0x418
10003184:	f8c3 241c 	str.w	r2, [r3, #1052]	@ 0x41c
10003188:	f8c3 2420 	str.w	r2, [r3, #1056]	@ 0x420
1000318c:	f8c3 2424 	str.w	r2, [r3, #1060]	@ 0x424
10003190:	f8c3 2428 	str.w	r2, [r3, #1064]	@ 0x428
10003194:	f8c3 242c 	str.w	r2, [r3, #1068]	@ 0x42c
10003198:	f8c3 2430 	str.w	r2, [r3, #1072]	@ 0x430
1000319c:	b662      	cpsie	i
1000319e:	4770      	bx	lr

100031a0 <irq_set_enabled>:
100031a0:	2301      	movs	r3, #1
100031a2:	f000 021f 	and.w	r2, r0, #31
100031a6:	4093      	lsls	r3, r2
100031a8:	0940      	lsrs	r0, r0, #5
100031aa:	b141      	cbz	r1, 100031be <irq_set_enabled+0x1e>
100031ac:	0080      	lsls	r0, r0, #2
100031ae:	f100 4060 	add.w	r0, r0, #3758096384	@ 0xe0000000
100031b2:	f500 4061 	add.w	r0, r0, #57600	@ 0xe100
100031b6:	f8c0 3180 	str.w	r3, [r0, #384]	@ 0x180
100031ba:	6003      	str	r3, [r0, #0]
100031bc:	4770      	bx	lr
100031be:	4a02      	ldr	r2, [pc, #8]	@ (100031c8 <irq_set_enabled+0x28>)
100031c0:	3020      	adds	r0, #32
100031c2:	f842 3020 	str.w	r3, [r2, r0, lsl #2]
100031c6:	4770      	bx	lr
100031c8:	e000e100 	.word	0xe000e100

100031cc <irq_is_enabled>:
100031cc:	2301      	movs	r3, #1
100031ce:	4a06      	ldr	r2, [pc, #24]	@ (100031e8 <irq_is_enabled+0x1c>)
100031d0:	0941      	lsrs	r1, r0, #5
100031d2:	f852 2021 	ldr.w	r2, [r2, r1, lsl #2]
100031d6:	f000 001f 	and.w	r0, r0, #31
100031da:	fa03 f000 	lsl.w	r0, r3, r0
100031de:	4010      	ands	r0, r2
100031e0:	3800      	subs	r0, #0
100031e2:	bf18      	it	ne
100031e4:	2001      	movne	r0, #1
100031e6:	4770      	bx	lr
100031e8:	e000e100 	.word	0xe000e100

100031ec <irq_set_pending>:
100031ec:	2201      	movs	r2, #1
100031ee:	0943      	lsrs	r3, r0, #5
100031f0:	4903      	ldr	r1, [pc, #12]	@ (10003200 <irq_set_pending+0x14>)
100031f2:	f000 001f 	and.w	r0, r0, #31
100031f6:	4082      	lsls	r2, r0
100031f8:	3340      	adds	r3, #64	@ 0x40
100031fa:	f841 2023 	str.w	r2, [r1, r3, lsl #2]
100031fe:	4770      	bx	lr
10003200:	e000e100 	.word	0xe000e100

10003204 <irq_has_shared_handler>:
10003204:	4a05      	ldr	r2, [pc, #20]	@ (1000321c <irq_has_shared_handler+0x18>)
10003206:	3010      	adds	r0, #16
10003208:	6892      	ldr	r2, [r2, #8]
1000320a:	4b05      	ldr	r3, [pc, #20]	@ (10003220 <irq_has_shared_handler+0x1c>)
1000320c:	f852 0020 	ldr.w	r0, [r2, r0, lsl #2]
10003210:	1ac0      	subs	r0, r0, r3
10003212:	282f      	cmp	r0, #47	@ 0x2f
10003214:	bf8c      	ite	hi
10003216:	2000      	movhi	r0, #0
10003218:	2001      	movls	r0, #1
1000321a:	4770      	bx	lr
1000321c:	e000ed00 	.word	0xe000ed00
10003220:	2000120c 	.word	0x2000120c

10003224 <irq_set_exclusive_handler>:
10003224:	b5f8      	push	{r3, r4, r5, r6, r7, lr}
10003226:	460d      	mov	r5, r1
10003228:	f3ef 8710 	mrs	r7, PRIMASK
1000322c:	b672      	cpsid	i
1000322e:	4e12      	ldr	r6, [pc, #72]	@ (10003278 <irq_set_exclusive_handler+0x54>)
10003230:	e8d6 2fcf 	ldaexb	r2, [r6]
10003234:	2301      	movs	r3, #1
10003236:	2a00      	cmp	r2, #0
10003238:	d1fa      	bne.n	10003230 <irq_set_exclusive_handler+0xc>
1000323a:	e8c6 3f42 	strexb	r2, r3, [r6]
1000323e:	2a00      	cmp	r2, #0
10003240:	d1f6      	bne.n	10003230 <irq_set_exclusive_handler+0xc>
10003242:	f3bf 8f5f 	dmb	sy
10003246:	4b0d      	ldr	r3, [pc, #52]	@ (1000327c <irq_set_exclusive_handler+0x58>)
10003248:	f100 0410 	add.w	r4, r0, #16
1000324c:	689b      	ldr	r3, [r3, #8]
1000324e:	4a0c      	ldr	r2, [pc, #48]	@ (10003280 <irq_set_exclusive_handler+0x5c>)
10003250:	f853 3024 	ldr.w	r3, [r3, r4, lsl #2]
10003254:	4293      	cmp	r3, r2
10003256:	d003      	beq.n	10003260 <irq_set_exclusive_handler+0x3c>
10003258:	4299      	cmp	r1, r3
1000325a:	d001      	beq.n	10003260 <irq_set_exclusive_handler+0x3c>
1000325c:	f001 f88e 	bl	1000437c <hard_assertion_failure>
10003260:	4b06      	ldr	r3, [pc, #24]	@ (1000327c <irq_set_exclusive_handler+0x58>)
10003262:	689b      	ldr	r3, [r3, #8]
10003264:	f843 5024 	str.w	r5, [r3, r4, lsl #2]
10003268:	f3bf 8f5f 	dmb	sy
1000326c:	2300      	movs	r3, #0
1000326e:	e8c6 3f8f 	stlb	r3, [r6]
10003272:	f387 8810 	msr	PRIMASK, r7
10003276:	bdf8      	pop	{r3, r4, r5, r6, r7, pc}
10003278:	2000162d 	.word	0x2000162d
1000327c:	e000ed00 	.word	0xe000ed00
10003280:	10000111 	.word	0x10000111

10003284 <irq_add_shared_handler>:
10003284:	e92d 4ff0 	stmdb	sp!, {r4, r5, r6, r7, r8, r9, sl, fp, lr}
10003288:	4681      	mov	r9, r0
1000328a:	468b      	mov	fp, r1
1000328c:	4616      	mov	r6, r2
1000328e:	b083      	sub	sp, #12
10003290:	f3ef 8310 	mrs	r3, PRIMASK
10003294:	b672      	cpsid	i
10003296:	f8df a1d0 	ldr.w	sl, [pc, #464]	@ 10003468 <irq_add_shared_handler+0x1e4>
1000329a:	9300      	str	r3, [sp, #0]
1000329c:	e8da 1fcf 	ldaexb	r1, [sl]
100032a0:	2301      	movs	r3, #1
100032a2:	2900      	cmp	r1, #0
100032a4:	d1fa      	bne.n	1000329c <irq_add_shared_handler+0x18>
100032a6:	e8ca 3f41 	strexb	r1, r3, [sl]
100032aa:	2900      	cmp	r1, #0
100032ac:	d1f6      	bne.n	1000329c <irq_add_shared_handler+0x18>
100032ae:	f3bf 8f5f 	dmb	sy
100032b2:	4b66      	ldr	r3, [pc, #408]	@ (1000344c <irq_add_shared_handler+0x1c8>)
100032b4:	f993 4000 	ldrsb.w	r4, [r3]
100032b8:	2c00      	cmp	r4, #0
100032ba:	f2c0 80a0 	blt.w	100033fe <irq_add_shared_handler+0x17a>
100032be:	4d64      	ldr	r5, [pc, #400]	@ (10003450 <irq_add_shared_handler+0x1cc>)
100032c0:	eb04 0744 	add.w	r7, r4, r4, lsl #1
100032c4:	eb05 0887 	add.w	r8, r5, r7, lsl #2
100032c8:	f898 1006 	ldrb.w	r1, [r8, #6]
100032cc:	f109 0910 	add.w	r9, r9, #16
100032d0:	7019      	strb	r1, [r3, #0]
100032d2:	4b60      	ldr	r3, [pc, #384]	@ (10003454 <irq_add_shared_handler+0x1d0>)
100032d4:	00bf      	lsls	r7, r7, #2
100032d6:	689b      	ldr	r3, [r3, #8]
100032d8:	f853 0029 	ldr.w	r0, [r3, r9, lsl #2]
100032dc:	0063      	lsls	r3, r4, #1
100032de:	1b41      	subs	r1, r0, r5
100032e0:	292f      	cmp	r1, #47	@ 0x2f
100032e2:	d92f      	bls.n	10003344 <irq_add_shared_handler+0xc0>
100032e4:	495c      	ldr	r1, [pc, #368]	@ (10003458 <irq_add_shared_handler+0x1d4>)
100032e6:	4288      	cmp	r0, r1
100032e8:	f040 80a4 	bne.w	10003434 <irq_add_shared_handler+0x1b0>
100032ec:	441c      	add	r4, r3
100032ee:	4b5b      	ldr	r3, [pc, #364]	@ (1000345c <irq_add_shared_handler+0x1d8>)
100032f0:	3702      	adds	r7, #2
100032f2:	442f      	add	r7, r5
100032f4:	3b04      	subs	r3, #4
100032f6:	1bdb      	subs	r3, r3, r7
100032f8:	f3c3 034a 	ubfx	r3, r3, #1, #11
100032fc:	ea6f 43c3 	mvn.w	r3, r3, lsl #19
10003300:	f44f 4121 	mov.w	r1, #41216	@ 0xa100
10003304:	ea6f 43d3 	mvn.w	r3, r3, lsr #19
10003308:	f825 1024 	strh.w	r1, [r5, r4, lsl #2]
1000330c:	eb05 0484 	add.w	r4, r5, r4, lsl #2
10003310:	8063      	strh	r3, [r4, #2]
10003312:	f64b 5301 	movw	r3, #48385	@ 0xbd01
10003316:	80a3      	strh	r3, [r4, #4]
10003318:	23ff      	movs	r3, #255	@ 0xff
1000331a:	f048 0001 	orr.w	r0, r8, #1
1000331e:	71e6      	strb	r6, [r4, #7]
10003320:	f8c4 b008 	str.w	fp, [r4, #8]
10003324:	71a3      	strb	r3, [r4, #6]
10003326:	4b4b      	ldr	r3, [pc, #300]	@ (10003454 <irq_add_shared_handler+0x1d0>)
10003328:	689b      	ldr	r3, [r3, #8]
1000332a:	f843 0029 	str.w	r0, [r3, r9, lsl #2]
1000332e:	f3bf 8f5f 	dmb	sy
10003332:	2300      	movs	r3, #0
10003334:	e8ca 3f8f 	stlb	r3, [sl]
10003338:	9b00      	ldr	r3, [sp, #0]
1000333a:	f383 8810 	msr	PRIMASK, r3
1000333e:	b003      	add	sp, #12
10003340:	e8bd 8ff0 	ldmia.w	sp!, {r4, r5, r6, r7, r8, r9, sl, fp, pc}
10003344:	f020 0e01 	bic.w	lr, r0, #1
10003348:	f89e 1007 	ldrb.w	r1, [lr, #7]
1000334c:	42b1      	cmp	r1, r6
1000334e:	d82e      	bhi.n	100033ae <irq_add_shared_handler+0x12a>
10003350:	f44f 4321 	mov.w	r3, #41216	@ 0xa100
10003354:	53eb      	strh	r3, [r5, r7]
10003356:	4b41      	ldr	r3, [pc, #260]	@ (1000345c <irq_add_shared_handler+0x1d8>)
10003358:	1cb9      	adds	r1, r7, #2
1000335a:	4429      	add	r1, r5
1000335c:	3b04      	subs	r3, #4
1000335e:	3704      	adds	r7, #4
10003360:	1a5b      	subs	r3, r3, r1
10003362:	442f      	add	r7, r5
10003364:	f1ae 0104 	sub.w	r1, lr, #4
10003368:	1bc9      	subs	r1, r1, r7
1000336a:	f3c1 044a 	ubfx	r4, r1, #1, #11
1000336e:	493c      	ldr	r1, [pc, #240]	@ (10003460 <irq_add_shared_handler+0x1dc>)
10003370:	f3c3 034a 	ubfx	r3, r3, #1, #11
10003374:	430b      	orrs	r3, r1
10003376:	4321      	orrs	r1, r4
10003378:	f8a8 1004 	strh.w	r1, [r8, #4]
1000337c:	4939      	ldr	r1, [pc, #228]	@ (10003464 <irq_add_shared_handler+0x1e0>)
1000337e:	f8a8 3002 	strh.w	r3, [r8, #2]
10003382:	f64a 20aa 	movw	r0, #43690	@ 0xaaaa
10003386:	4673      	mov	r3, lr
10003388:	1b5b      	subs	r3, r3, r5
1000338a:	415b      	adcs	r3, r3
1000338c:	4358      	muls	r0, r3
1000338e:	0d00      	lsrs	r0, r0, #20
10003390:	f888 6007 	strb.w	r6, [r8, #7]
10003394:	f888 0006 	strb.w	r0, [r8, #6]
10003398:	f8c8 b008 	str.w	fp, [r8, #8]
1000339c:	f048 0001 	orr.w	r0, r8, #1
100033a0:	f8ce 1000 	str.w	r1, [lr]
100033a4:	e7bf      	b.n	10003326 <irq_add_shared_handler+0xa2>
100033a6:	79d1      	ldrb	r1, [r2, #7]
100033a8:	42b1      	cmp	r1, r6
100033aa:	d92e      	bls.n	1000340a <irq_add_shared_handler+0x186>
100033ac:	4696      	mov	lr, r2
100033ae:	f99e c006 	ldrsb.w	ip, [lr, #6]
100033b2:	eb0c 024c 	add.w	r2, ip, ip, lsl #1
100033b6:	f1bc 0f00 	cmp.w	ip, #0
100033ba:	eb05 0282 	add.w	r2, r5, r2, lsl #2
100033be:	daf2      	bge.n	100033a6 <irq_add_shared_handler+0x122>
100033c0:	f64b 5101 	movw	r1, #48385	@ 0xbd01
100033c4:	f10e 0204 	add.w	r2, lr, #4
100033c8:	f1a8 0704 	sub.w	r7, r8, #4
100033cc:	1abf      	subs	r7, r7, r2
100033ce:	f3c7 074a 	ubfx	r7, r7, #1, #11
100033d2:	ea6f 47c7 	mvn.w	r7, r7, lsl #19
100033d6:	ea6f 47d7 	mvn.w	r7, r7, lsr #19
100033da:	f88e 4006 	strb.w	r4, [lr, #6]
100033de:	eb03 0804 	add.w	r8, r3, r4
100033e2:	4c20      	ldr	r4, [pc, #128]	@ (10003464 <irq_add_shared_handler+0x1e0>)
100033e4:	eb05 0388 	add.w	r3, r5, r8, lsl #2
100033e8:	f8ae 7004 	strh.w	r7, [lr, #4]
100033ec:	f845 4028 	str.w	r4, [r5, r8, lsl #2]
100033f0:	8099      	strh	r1, [r3, #4]
100033f2:	f883 c006 	strb.w	ip, [r3, #6]
100033f6:	71de      	strb	r6, [r3, #7]
100033f8:	f8c3 b008 	str.w	fp, [r3, #8]
100033fc:	e793      	b.n	10003326 <irq_add_shared_handler+0xa2>
100033fe:	f000 ffbd 	bl	1000437c <hard_assertion_failure>
10003402:	4b12      	ldr	r3, [pc, #72]	@ (1000344c <irq_add_shared_handler+0x1c8>)
10003404:	f993 4000 	ldrsb.w	r4, [r3]
10003408:	e759      	b.n	100032be <irq_add_shared_handler+0x3a>
1000340a:	4672      	mov	r2, lr
1000340c:	f832 1f04 	ldrh.w	r1, [r2, #4]!
10003410:	0549      	lsls	r1, r1, #21
10003412:	d414      	bmi.n	1000343e <irq_add_shared_handler+0x1ba>
10003414:	1549      	asrs	r1, r1, #21
10003416:	3102      	adds	r1, #2
10003418:	eb02 0141 	add.w	r1, r2, r1, lsl #1
1000341c:	9101      	str	r1, [sp, #4]
1000341e:	f06f 0107 	mvn.w	r1, #7
10003422:	1bc9      	subs	r1, r1, r7
10003424:	9f01      	ldr	r7, [sp, #4]
10003426:	1b49      	subs	r1, r1, r5
10003428:	4439      	add	r1, r7
1000342a:	f3c1 014a 	ubfx	r1, r1, #1, #11
1000342e:	f441 4160 	orr.w	r1, r1, #57344	@ 0xe000
10003432:	e7c9      	b.n	100033c8 <irq_add_shared_handler+0x144>
10003434:	9301      	str	r3, [sp, #4]
10003436:	f000 ffa1 	bl	1000437c <hard_assertion_failure>
1000343a:	9b01      	ldr	r3, [sp, #4]
1000343c:	e756      	b.n	100032ec <irq_add_shared_handler+0x68>
1000343e:	f501 11ff 	add.w	r1, r1, #2088960	@ 0x1fe000
10003442:	f501 51ff 	add.w	r1, r1, #8160	@ 0x1fe0
10003446:	311f      	adds	r1, #31
10003448:	e7e4      	b.n	10003414 <irq_add_shared_handler+0x190>
1000344a:	bf00      	nop
1000344c:	200222bb 	.word	0x200222bb
10003450:	2000120c 	.word	0x2000120c
10003454:	e000ed00 	.word	0xe000ed00
10003458:	10000111 	.word	0x10000111
1000345c:	2000123c 	.word	0x2000123c
10003460:	ffffe000 	.word	0xffffe000
10003464:	47804801 	.word	0x47804801
10003468:	2000162d 	.word	0x2000162d

1000346c <irq_set_priority>:
1000346c:	f04f 0cff 	mov.w	ip, #255	@ 0xff
10003470:	f020 0303 	bic.w	r3, r0, #3
10003474:	f103 4360 	add.w	r3, r3, #3758096384	@ 0xe0000000
10003478:	f503 4364 	add.w	r3, r3, #58368	@ 0xe400
1000347c:	f000 0003 	and.w	r0, r0, #3
10003480:	681a      	ldr	r2, [r3, #0]
10003482:	00c0      	lsls	r0, r0, #3
10003484:	fa0c fc00 	lsl.w	ip, ip, r0
10003488:	ea22 020c 	bic.w	r2, r2, ip
1000348c:	4081      	lsls	r1, r0
1000348e:	430a      	orrs	r2, r1
10003490:	601a      	str	r2, [r3, #0]
10003492:	4770      	bx	lr

10003494 <irq_add_tail_to_free_list>:
10003494:	b5f0      	push	{r4, r5, r6, r7, lr}
10003496:	f3ef 8505 	mrs	r5, IPSR
1000349a:	b2ed      	uxtb	r5, r5
1000349c:	f3ef 8c10 	mrs	ip, PRIMASK
100034a0:	b672      	cpsid	i
100034a2:	4926      	ldr	r1, [pc, #152]	@ (1000353c <irq_add_tail_to_free_list+0xa8>)
100034a4:	e8d1 2fcf 	ldaexb	r2, [r1]
100034a8:	2301      	movs	r3, #1
100034aa:	2a00      	cmp	r2, #0
100034ac:	d1fa      	bne.n	100034a4 <irq_add_tail_to_free_list+0x10>
100034ae:	e8c1 3f42 	strexb	r2, r3, [r1]
100034b2:	2a00      	cmp	r2, #0
100034b4:	d1f6      	bne.n	100034a4 <irq_add_tail_to_free_list+0x10>
100034b6:	f3bf 8f5f 	dmb	sy
100034ba:	4e21      	ldr	r6, [pc, #132]	@ (10003540 <irq_add_tail_to_free_list+0xac>)
100034bc:	f040 0e01 	orr.w	lr, r0, #1
100034c0:	68b4      	ldr	r4, [r6, #8]
100034c2:	f64a 23aa 	movw	r3, #43690	@ 0xaaaa
100034c6:	f854 7025 	ldr.w	r7, [r4, r5, lsl #2]
100034ca:	4a1e      	ldr	r2, [pc, #120]	@ (10003544 <irq_add_tail_to_free_list+0xb0>)
100034cc:	4604      	mov	r4, r0
100034ce:	1aa4      	subs	r4, r4, r2
100034d0:	4164      	adcs	r4, r4
100034d2:	4363      	muls	r3, r4
100034d4:	0d1b      	lsrs	r3, r3, #20
100034d6:	4577      	cmp	r7, lr
100034d8:	b25b      	sxtb	r3, r3
100034da:	d01b      	beq.n	10003514 <irq_add_tail_to_free_list+0x80>
100034dc:	f992 4006 	ldrsb.w	r4, [r2, #6]
100034e0:	429c      	cmp	r4, r3
100034e2:	d01c      	beq.n	1000351e <irq_add_tail_to_free_list+0x8a>
100034e4:	f992 4012 	ldrsb.w	r4, [r2, #18]
100034e8:	429c      	cmp	r4, r3
100034ea:	d023      	beq.n	10003534 <irq_add_tail_to_free_list+0xa0>
100034ec:	f992 401e 	ldrsb.w	r4, [r2, #30]
100034f0:	429c      	cmp	r4, r3
100034f2:	d021      	beq.n	10003538 <irq_add_tail_to_free_list+0xa4>
100034f4:	f992 402a 	ldrsb.w	r4, [r2, #42]	@ 0x2a
100034f8:	429c      	cmp	r4, r3
100034fa:	bf08      	it	eq
100034fc:	2403      	moveq	r4, #3
100034fe:	d00f      	beq.n	10003520 <irq_add_tail_to_free_list+0x8c>
10003500:	4a11      	ldr	r2, [pc, #68]	@ (10003548 <irq_add_tail_to_free_list+0xb4>)
10003502:	2400      	movs	r4, #0
10003504:	7815      	ldrb	r5, [r2, #0]
10003506:	7013      	strb	r3, [r2, #0]
10003508:	7185      	strb	r5, [r0, #6]
1000350a:	e8c1 4f8f 	stlb	r4, [r1]
1000350e:	f38c 8810 	msr	PRIMASK, ip
10003512:	bdf0      	pop	{r4, r5, r6, r7, pc}
10003514:	68b2      	ldr	r2, [r6, #8]
10003516:	4c0d      	ldr	r4, [pc, #52]	@ (1000354c <irq_add_tail_to_free_list+0xb8>)
10003518:	f842 4025 	str.w	r4, [r2, r5, lsl #2]
1000351c:	e7f0      	b.n	10003500 <irq_add_tail_to_free_list+0x6c>
1000351e:	2400      	movs	r4, #0
10003520:	eb04 0444 	add.w	r4, r4, r4, lsl #1
10003524:	eb02 0284 	add.w	r2, r2, r4, lsl #2
10003528:	24ff      	movs	r4, #255	@ 0xff
1000352a:	7194      	strb	r4, [r2, #6]
1000352c:	f64b 5401 	movw	r4, #48385	@ 0xbd01
10003530:	8094      	strh	r4, [r2, #4]
10003532:	e7e5      	b.n	10003500 <irq_add_tail_to_free_list+0x6c>
10003534:	2401      	movs	r4, #1
10003536:	e7f3      	b.n	10003520 <irq_add_tail_to_free_list+0x8c>
10003538:	2402      	movs	r4, #2
1000353a:	e7f1      	b.n	10003520 <irq_add_tail_to_free_list+0x8c>
1000353c:	2000162d 	.word	0x2000162d
10003540:	e000ed00 	.word	0xe000ed00
10003544:	2000120c 	.word	0x2000120c
10003548:	200222bb 	.word	0x200222bb
1000354c:	10000111 	.word	0x10000111

10003550 <user_irq_claim_unused>:
10003550:	b510      	push	{r4, lr}
10003552:	4c07      	ldr	r4, [pc, #28]	@ (10003570 <user_irq_claim_unused+0x20>)
10003554:	b082      	sub	sp, #8
10003556:	4601      	mov	r1, r0
10003558:	2305      	movs	r3, #5
1000355a:	2200      	movs	r2, #0
1000355c:	9400      	str	r4, [sp, #0]
1000355e:	4805      	ldr	r0, [pc, #20]	@ (10003574 <user_irq_claim_unused+0x24>)
10003560:	f7ff fd60 	bl	10003024 <hw_claim_unused_from_range>
10003564:	2800      	cmp	r0, #0
10003566:	bfa8      	it	ge
10003568:	f1c0 0033 	rsbge	r0, r0, #51	@ 0x33
1000356c:	b002      	add	sp, #8
1000356e:	bd10      	pop	{r4, pc}
10003570:	10007298 	.word	0x10007298
10003574:	200222bf 	.word	0x200222bf

10003578 <lock_init>:
10003578:	4b01      	ldr	r3, [pc, #4]	@ (10003580 <lock_init+0x8>)
1000357a:	440b      	add	r3, r1
1000357c:	6003      	str	r3, [r0, #0]
1000357e:	4770      	bx	lr
10003580:	20001624 	.word	0x20001624

10003584 <runtime_init_mutex>:
10003584:	b5f8      	push	{r3, r4, r5, r6, r7, lr}
10003586:	4c12      	ldr	r4, [pc, #72]	@ (100035d0 <runtime_init_mutex+0x4c>)
10003588:	4d12      	ldr	r5, [pc, #72]	@ (100035d4 <runtime_init_mutex+0x50>)
1000358a:	42ac      	cmp	r4, r5
1000358c:	d211      	bcs.n	100035b2 <runtime_init_mutex+0x2e>
1000358e:	f04f 36ff 	mov.w	r6, #4294967295	@ 0xffffffff
10003592:	2700      	movs	r7, #0
10003594:	6823      	ldr	r3, [r4, #0]
10003596:	b16b      	cbz	r3, 100035b4 <runtime_init_mutex+0x30>
10003598:	f7ff fd84 	bl	100030a4 <next_striped_spin_lock_num>
1000359c:	4601      	mov	r1, r0
1000359e:	4620      	mov	r0, r4
100035a0:	f7ff ffea 	bl	10003578 <lock_init>
100035a4:	6066      	str	r6, [r4, #4]
100035a6:	7227      	strb	r7, [r4, #8]
100035a8:	f3bf 8f5f 	dmb	sy
100035ac:	340c      	adds	r4, #12
100035ae:	42ac      	cmp	r4, r5
100035b0:	d3f0      	bcc.n	10003594 <runtime_init_mutex+0x10>
100035b2:	bdf8      	pop	{r3, r4, r5, r6, r7, pc}
100035b4:	f7ff fd76 	bl	100030a4 <next_striped_spin_lock_num>
100035b8:	4601      	mov	r1, r0
100035ba:	4620      	mov	r0, r4
100035bc:	f7ff ffdc 	bl	10003578 <lock_init>
100035c0:	6066      	str	r6, [r4, #4]
100035c2:	f3bf 8f5f 	dmb	sy
100035c6:	3408      	adds	r4, #8
100035c8:	42ac      	cmp	r4, r5
100035ca:	d3e3      	bcc.n	10003594 <runtime_init_mutex+0x10>
100035cc:	bdf8      	pop	{r3, r4, r5, r6, r7, pc}
100035ce:	bf00      	nop
100035d0:	200012a4 	.word	0x200012a4
100035d4:	200012b4 	.word	0x200012b4

100035d8 <mutex_init>:
100035d8:	b510      	push	{r4, lr}
100035da:	4604      	mov	r4, r0
100035dc:	f7ff fd62 	bl	100030a4 <next_striped_spin_lock_num>
100035e0:	4601      	mov	r1, r0
100035e2:	4620      	mov	r0, r4
100035e4:	f7ff ffc8 	bl	10003578 <lock_init>
100035e8:	f04f 33ff 	mov.w	r3, #4294967295	@ 0xffffffff
100035ec:	6063      	str	r3, [r4, #4]
100035ee:	f3bf 8f5f 	dmb	sy
100035f2:	bd10      	pop	{r4, pc}

100035f4 <critical_section_init>:
100035f4:	b510      	push	{r4, lr}
100035f6:	4604      	mov	r4, r0
100035f8:	2001      	movs	r0, #1
100035fa:	f7ff fd69 	bl	100030d0 <spin_lock_claim_unused>
100035fe:	4b03      	ldr	r3, [pc, #12]	@ (1000360c <critical_section_init+0x18>)
10003600:	4403      	add	r3, r0
10003602:	6023      	str	r3, [r4, #0]
10003604:	f3bf 8f5f 	dmb	sy
10003608:	bd10      	pop	{r4, pc}
1000360a:	bf00      	nop
1000360c:	20001624 	.word	0x20001624

10003610 <critical_section_init_with_lock_num>:
10003610:	4b02      	ldr	r3, [pc, #8]	@ (1000361c <critical_section_init_with_lock_num+0xc>)
10003612:	440b      	add	r3, r1
10003614:	6003      	str	r3, [r0, #0]
10003616:	f3bf 8f5f 	dmb	sy
1000361a:	4770      	bx	lr
1000361c:	20001624 	.word	0x20001624

10003620 <alarm_pool_irq_handler>:
10003620:	e92d 4ff0 	stmdb	sp!, {r4, r5, r6, r7, r8, r9, sl, fp, lr}
10003624:	ed2d 8b02 	vpush	{d8}
10003628:	b085      	sub	sp, #20
1000362a:	f3ef 8305 	mrs	r3, IPSR
1000362e:	b2db      	uxtb	r3, r3
10003630:	3b10      	subs	r3, #16
10003632:	089a      	lsrs	r2, r3, #2
10003634:	bf18      	it	ne
10003636:	2201      	movne	r2, #1
10003638:	f04f 0101 	mov.w	r1, #1
1000363c:	f003 0b03 	and.w	fp, r3, #3
10003640:	bf18      	it	ne
10003642:	4daf      	ldrne	r5, [pc, #700]	@ (10003900 <alarm_pool_irq_handler+0x2e0>)
10003644:	4baf      	ldr	r3, [pc, #700]	@ (10003904 <alarm_pool_irq_handler+0x2e4>)
10003646:	bf08      	it	eq
10003648:	4daf      	ldreq	r5, [pc, #700]	@ (10003908 <alarm_pool_irq_handler+0x2e8>)
1000364a:	eb0b 0282 	add.w	r2, fp, r2, lsl #2
1000364e:	f853 6022 	ldr.w	r6, [r3, r2, lsl #2]
10003652:	fa01 f20b 	lsl.w	r2, r1, fp
10003656:	f505 5341 	add.w	r3, r5, #12352	@ 0x3040
1000365a:	ed9f 8ba7 	vldr	d8, [pc, #668]	@ 100038f8 <alarm_pool_irq_handler+0x2d8>
1000365e:	9201      	str	r2, [sp, #4]
10003660:	605a      	str	r2, [r3, #4]
10003662:	e02f      	b.n	100036c4 <alarm_pool_irq_handler+0xa4>
10003664:	88b3      	ldrh	r3, [r6, #4]
10003666:	041c      	lsls	r4, r3, #16
10003668:	f140 8093 	bpl.w	10003792 <alarm_pool_irq_handler+0x172>
1000366c:	79b3      	ldrb	r3, [r6, #6]
1000366e:	2b00      	cmp	r3, #0
10003670:	f040 80dd 	bne.w	1000382e <alarm_pool_irq_handler+0x20e>
10003674:	f9b6 2008 	ldrsh.w	r2, [r6, #8]
10003678:	2a00      	cmp	r2, #0
1000367a:	f2c0 811e 	blt.w	100038ba <alarm_pool_irq_handler+0x29a>
1000367e:	6973      	ldr	r3, [r6, #20]
10003680:	eb02 0242 	add.w	r2, r2, r2, lsl #1
10003684:	eb03 03c2 	add.w	r3, r3, r2, lsl #3
10003688:	e9d3 4702 	ldrd	r4, r7, [r3, #8]
1000368c:	f1b7 3fff 	cmp.w	r7, #4294967295	@ 0xffffffff
10003690:	bf08      	it	eq
10003692:	f1b4 3fff 	cmpeq.w	r4, #4294967295	@ 0xffffffff
10003696:	d00e      	beq.n	100036b6 <alarm_pool_irq_handler+0x96>
10003698:	eb05 018b 	add.w	r1, r5, fp, lsl #2
1000369c:	6aab      	ldr	r3, [r5, #40]	@ 0x28
1000369e:	690a      	ldr	r2, [r1, #16]
100036a0:	1ad2      	subs	r2, r2, r3
100036a2:	1ae3      	subs	r3, r4, r3
100036a4:	4293      	cmp	r3, r2
100036a6:	d305      	bcc.n	100036b4 <alarm_pool_irq_handler+0x94>
100036a8:	2301      	movs	r3, #1
100036aa:	6a2a      	ldr	r2, [r5, #32]
100036ac:	fa03 f30b 	lsl.w	r3, r3, fp
100036b0:	4213      	tst	r3, r2
100036b2:	d100      	bne.n	100036b6 <alarm_pool_irq_handler+0x96>
100036b4:	610c      	str	r4, [r1, #16]
100036b6:	4628      	mov	r0, r5
100036b8:	f000 fb58 	bl	10003d6c <timer_time_us_64>
100036bc:	42a0      	cmp	r0, r4
100036be:	41b9      	sbcs	r1, r7
100036c0:	f2c0 80fb 	blt.w	100038ba <alarm_pool_irq_handler+0x29a>
100036c4:	f9b6 3008 	ldrsh.w	r3, [r6, #8]
100036c8:	9a01      	ldr	r2, [sp, #4]
100036ca:	2b00      	cmp	r3, #0
100036cc:	9300      	str	r3, [sp, #0]
100036ce:	63ea      	str	r2, [r5, #60]	@ 0x3c
100036d0:	dbc8      	blt.n	10003664 <alarm_pool_irq_handler+0x44>
100036d2:	f8d6 8014 	ldr.w	r8, [r6, #20]
100036d6:	eb03 0943 	add.w	r9, r3, r3, lsl #1
100036da:	4628      	mov	r0, r5
100036dc:	eb08 07c9 	add.w	r7, r8, r9, lsl #3
100036e0:	e9d7 4a02 	ldrd	r4, sl, [r7, #8]
100036e4:	f000 fb42 	bl	10003d6c <timer_time_us_64>
100036e8:	42a0      	cmp	r0, r4
100036ea:	eb71 010a 	sbcs.w	r1, r1, sl
100036ee:	dbb9      	blt.n	10003664 <alarm_pool_irq_handler+0x44>
100036f0:	f1ba 0f00 	cmp.w	sl, #0
100036f4:	f2c0 80c3 	blt.w	1000387e <alarm_pool_irq_handler+0x25e>
100036f8:	e9d7 3104 	ldrd	r3, r1, [r7, #16]
100036fc:	4a83      	ldr	r2, [pc, #524]	@ (1000390c <alarm_pool_irq_handler+0x2ec>)
100036fe:	4293      	cmp	r3, r2
10003700:	f000 80ed 	beq.w	100038de <alarm_pool_irq_handler+0x2be>
10003704:	887a      	ldrh	r2, [r7, #2]
10003706:	f9b6 0008 	ldrsh.w	r0, [r6, #8]
1000370a:	b292      	uxth	r2, r2
1000370c:	ea42 4000 	orr.w	r0, r2, r0, lsl #16
10003710:	4798      	blx	r3
10003712:	4602      	mov	r2, r0
10003714:	460b      	mov	r3, r1
10003716:	ea52 0103 	orrs.w	r1, r2, r3
1000371a:	f000 80b0 	beq.w	1000387e <alarm_pool_irq_handler+0x25e>
1000371e:	2b00      	cmp	r3, #0
10003720:	f280 80d1 	bge.w	100038c6 <alarm_pool_irq_handler+0x2a6>
10003724:	ebb4 0e02 	subs.w	lr, r4, r2
10003728:	eb6a 0a03 	sbc.w	sl, sl, r3
1000372c:	f938 3039 	ldrsh.w	r3, [r8, r9, lsl #3]
10003730:	e9c7 ea02 	strd	lr, sl, [r7, #8]
10003734:	2b00      	cmp	r3, #0
10003736:	db95      	blt.n	10003664 <alarm_pool_irq_handler+0x44>
10003738:	6971      	ldr	r1, [r6, #20]
1000373a:	eb03 0243 	add.w	r2, r3, r3, lsl #1
1000373e:	eb01 02c2 	add.w	r2, r1, r2, lsl #3
10003742:	e9d2 7002 	ldrd	r7, r0, [r2, #8]
10003746:	45be      	cmp	lr, r7
10003748:	eb7a 0c00 	sbcs.w	ip, sl, r0
1000374c:	ea4f 0243 	mov.w	r2, r3, lsl #1
10003750:	db88      	blt.n	10003664 <alarm_pool_irq_handler+0x44>
10003752:	46b4      	mov	ip, r6
10003754:	f82c 3f08 	strh.w	r3, [ip, #8]!
10003758:	e006      	b.n	10003768 <alarm_pool_irq_handler+0x148>
1000375a:	eb03 0043 	add.w	r0, r3, r3, lsl #1
1000375e:	eb01 00c0 	add.w	r0, r1, r0, lsl #3
10003762:	005a      	lsls	r2, r3, #1
10003764:	e9d0 7002 	ldrd	r7, r0, [r0, #8]
10003768:	45be      	cmp	lr, r7
1000376a:	441a      	add	r2, r3
1000376c:	eb7a 0000 	sbcs.w	r0, sl, r0
10003770:	eb01 04c2 	add.w	r4, r1, r2, lsl #3
10003774:	db04      	blt.n	10003780 <alarm_pool_irq_handler+0x160>
10003776:	f931 3032 	ldrsh.w	r3, [r1, r2, lsl #3]
1000377a:	46a4      	mov	ip, r4
1000377c:	2b00      	cmp	r3, #0
1000377e:	daec      	bge.n	1000375a <alarm_pool_irq_handler+0x13a>
10003780:	f828 3039 	strh.w	r3, [r8, r9, lsl #3]
10003784:	9b00      	ldr	r3, [sp, #0]
10003786:	f8ac 3000 	strh.w	r3, [ip]
1000378a:	88b3      	ldrh	r3, [r6, #4]
1000378c:	041c      	lsls	r4, r3, #16
1000378e:	f53f af6d 	bmi.w	1000366c <alarm_pool_irq_handler+0x4c>
10003792:	6933      	ldr	r3, [r6, #16]
10003794:	f3ef 8210 	mrs	r2, PRIMASK
10003798:	b672      	cpsid	i
1000379a:	e8d3 0fcf 	ldaexb	r0, [r3]
1000379e:	2101      	movs	r1, #1
100037a0:	2800      	cmp	r0, #0
100037a2:	d1fa      	bne.n	1000379a <alarm_pool_irq_handler+0x17a>
100037a4:	e8c3 1f40 	strexb	r0, r1, [r3]
100037a8:	2800      	cmp	r0, #0
100037aa:	d1f6      	bne.n	1000379a <alarm_pool_irq_handler+0x17a>
100037ac:	f3bf 8f5f 	dmb	sy
100037b0:	f64f 74ff 	movw	r4, #65535	@ 0xffff
100037b4:	88b0      	ldrh	r0, [r6, #4]
100037b6:	2300      	movs	r3, #0
100037b8:	6931      	ldr	r1, [r6, #16]
100037ba:	b200      	sxth	r0, r0
100037bc:	80b4      	strh	r4, [r6, #4]
100037be:	e8c1 3f8f 	stlb	r3, [r1]
100037c2:	f382 8810 	msr	PRIMASK, r2
100037c6:	4298      	cmp	r0, r3
100037c8:	f6ff af50 	blt.w	1000366c <alarm_pool_irq_handler+0x4c>
100037cc:	4607      	mov	r7, r0
100037ce:	46a9      	mov	r9, r5
100037d0:	6974      	ldr	r4, [r6, #20]
100037d2:	f106 0808 	add.w	r8, r6, #8
100037d6:	eb07 0e47 	add.w	lr, r7, r7, lsl #1
100037da:	eb04 03ce 	add.w	r3, r4, lr, lsl #3
100037de:	e9d3 5002 	ldrd	r5, r0, [r3, #8]
100037e2:	f9b6 3008 	ldrsh.w	r3, [r6, #8]
100037e6:	46c4      	mov	ip, r8
100037e8:	2b00      	cmp	r3, #0
100037ea:	db13      	blt.n	10003814 <alarm_pool_irq_handler+0x1f4>
100037ec:	46b2      	mov	sl, r6
100037ee:	9700      	str	r7, [sp, #0]
100037f0:	e004      	b.n	100037fc <alarm_pool_irq_handler+0x1dc>
100037f2:	f934 3036 	ldrsh.w	r3, [r4, r6, lsl #3]
100037f6:	4694      	mov	ip, r2
100037f8:	2b00      	cmp	r3, #0
100037fa:	db09      	blt.n	10003810 <alarm_pool_irq_handler+0x1f0>
100037fc:	eb03 0643 	add.w	r6, r3, r3, lsl #1
10003800:	eb04 02c6 	add.w	r2, r4, r6, lsl #3
10003804:	e9d2 7102 	ldrd	r7, r1, [r2, #8]
10003808:	42bd      	cmp	r5, r7
1000380a:	eb70 0101 	sbcs.w	r1, r0, r1
1000380e:	daf0      	bge.n	100037f2 <alarm_pool_irq_handler+0x1d2>
10003810:	4656      	mov	r6, sl
10003812:	9f00      	ldr	r7, [sp, #0]
10003814:	f8ac 7000 	strh.w	r7, [ip]
10003818:	f934 703e 	ldrsh.w	r7, [r4, lr, lsl #3]
1000381c:	f824 303e 	strh.w	r3, [r4, lr, lsl #3]
10003820:	2f00      	cmp	r7, #0
10003822:	dad8      	bge.n	100037d6 <alarm_pool_irq_handler+0x1b6>
10003824:	79b3      	ldrb	r3, [r6, #6]
10003826:	464d      	mov	r5, r9
10003828:	2b00      	cmp	r3, #0
1000382a:	f43f af23 	beq.w	10003674 <alarm_pool_irq_handler+0x54>
1000382e:	2300      	movs	r3, #0
10003830:	71b3      	strb	r3, [r6, #6]
10003832:	f9b6 3008 	ldrsh.w	r3, [r6, #8]
10003836:	f106 0808 	add.w	r8, r6, #8
1000383a:	1c58      	adds	r0, r3, #1
1000383c:	d03d      	beq.n	100038ba <alarm_pool_irq_handler+0x29a>
1000383e:	461a      	mov	r2, r3
10003840:	6977      	ldr	r7, [r6, #20]
10003842:	e003      	b.n	1000384c <alarm_pool_irq_handler+0x22c>
10003844:	4680      	mov	r8, r0
10003846:	1c59      	adds	r1, r3, #1
10003848:	f43f af16 	beq.w	10003678 <alarm_pool_irq_handler+0x58>
1000384c:	eb03 0143 	add.w	r1, r3, r3, lsl #1
10003850:	eb07 00c1 	add.w	r0, r7, r1, lsl #3
10003854:	f8b0 c002 	ldrh.w	ip, [r0, #2]
10003858:	461c      	mov	r4, r3
1000385a:	f41c 4f00 	tst.w	ip, #32768	@ 0x8000
1000385e:	469e      	mov	lr, r3
10003860:	f937 3031 	ldrsh.w	r3, [r7, r1, lsl #3]
10003864:	d0ee      	beq.n	10003844 <alarm_pool_irq_handler+0x224>
10003866:	4294      	cmp	r4, r2
10003868:	ed80 8b02 	vstr	d8, [r0, #8]
1000386c:	d005      	beq.n	1000387a <alarm_pool_irq_handler+0x25a>
1000386e:	f8a8 3000 	strh.w	r3, [r8]
10003872:	8932      	ldrh	r2, [r6, #8]
10003874:	f827 2031 	strh.w	r2, [r7, r1, lsl #3]
10003878:	8134      	strh	r4, [r6, #8]
1000387a:	4672      	mov	r2, lr
1000387c:	e7e3      	b.n	10003846 <alarm_pool_irq_handler+0x226>
1000387e:	f838 3039 	ldrh.w	r3, [r8, r9, lsl #3]
10003882:	8133      	strh	r3, [r6, #8]
10003884:	6933      	ldr	r3, [r6, #16]
10003886:	f3ef 8210 	mrs	r2, PRIMASK
1000388a:	b672      	cpsid	i
1000388c:	e8d3 0fcf 	ldaexb	r0, [r3]
10003890:	2101      	movs	r1, #1
10003892:	2800      	cmp	r0, #0
10003894:	d1fa      	bne.n	1000388c <alarm_pool_irq_handler+0x26c>
10003896:	e8c3 1f40 	strexb	r0, r1, [r3]
1000389a:	2800      	cmp	r0, #0
1000389c:	d1f6      	bne.n	1000388c <alarm_pool_irq_handler+0x26c>
1000389e:	f3bf 8f5f 	dmb	sy
100038a2:	8873      	ldrh	r3, [r6, #2]
100038a4:	6931      	ldr	r1, [r6, #16]
100038a6:	f828 3039 	strh.w	r3, [r8, r9, lsl #3]
100038aa:	9b00      	ldr	r3, [sp, #0]
100038ac:	8073      	strh	r3, [r6, #2]
100038ae:	2300      	movs	r3, #0
100038b0:	e8c1 3f8f 	stlb	r3, [r1]
100038b4:	f382 8810 	msr	PRIMASK, r2
100038b8:	e6d4      	b.n	10003664 <alarm_pool_irq_handler+0x44>
100038ba:	bf40      	sev
100038bc:	b005      	add	sp, #20
100038be:	ecbd 8b02 	vpop	{d8}
100038c2:	e8bd 8ff0 	ldmia.w	sp!, {r4, r5, r6, r7, r8, r9, sl, fp, pc}
100038c6:	4628      	mov	r0, r5
100038c8:	e9cd 2302 	strd	r2, r3, [sp, #8]
100038cc:	f000 fa4e 	bl	10003d6c <timer_time_us_64>
100038d0:	9a02      	ldr	r2, [sp, #8]
100038d2:	9b03      	ldr	r3, [sp, #12]
100038d4:	eb10 0e02 	adds.w	lr, r0, r2
100038d8:	eb43 0a01 	adc.w	sl, r3, r1
100038dc:	e726      	b.n	1000372c <alarm_pool_irq_handler+0x10c>
100038de:	4608      	mov	r0, r1
100038e0:	690b      	ldr	r3, [r1, #16]
100038e2:	9102      	str	r1, [sp, #8]
100038e4:	4798      	blx	r3
100038e6:	2800      	cmp	r0, #0
100038e8:	d0c9      	beq.n	1000387e <alarm_pool_irq_handler+0x25e>
100038ea:	9902      	ldr	r1, [sp, #8]
100038ec:	e9d1 2300 	ldrd	r2, r3, [r1]
100038f0:	e711      	b.n	10003716 <alarm_pool_irq_handler+0xf6>
100038f2:	bf00      	nop
100038f4:	f3af 8000 	nop.w
100038f8:	ffffffff 	.word	0xffffffff
100038fc:	ffffffff 	.word	0xffffffff
10003900:	400b8000 	.word	0x400b8000
10003904:	20001ed4 	.word	0x20001ed4
10003908:	400b0000 	.word	0x400b0000
1000390c:	10003621 	.word	0x10003621

10003910 <sleep_until_callback>:
10003910:	480b      	ldr	r0, [pc, #44]	@ (10003940 <sleep_until_callback+0x30>)
10003912:	b508      	push	{r3, lr}
10003914:	6803      	ldr	r3, [r0, #0]
10003916:	f3ef 8110 	mrs	r1, PRIMASK
1000391a:	b672      	cpsid	i
1000391c:	e8d3 cfcf 	ldaexb	ip, [r3]
10003920:	2201      	movs	r2, #1
10003922:	f1bc 0f00 	cmp.w	ip, #0
10003926:	d1f9      	bne.n	1000391c <sleep_until_callback+0xc>
10003928:	e8c3 2f4c 	strexb	ip, r2, [r3]
1000392c:	f1bc 0f00 	cmp.w	ip, #0
10003930:	d1f4      	bne.n	1000391c <sleep_until_callback+0xc>
10003932:	f3bf 8f5f 	dmb	sy
10003936:	f7fc fe2f 	bl	10000598 <vPortLockInternalSpinUnlockWithNotify>
1000393a:	2000      	movs	r0, #0
1000393c:	2100      	movs	r1, #0
1000393e:	bd08      	pop	{r3, pc}
10003940:	20002198 	.word	0x20002198

10003944 <runtime_init_default_alarm_pool>:
10003944:	e92d 4ff8 	stmdb	sp!, {r3, r4, r5, r6, r7, r8, r9, sl, fp, lr}
10003948:	4c36      	ldr	r4, [pc, #216]	@ (10003a24 <runtime_init_default_alarm_pool+0xe0>)
1000394a:	6925      	ldr	r5, [r4, #16]
1000394c:	b12d      	cbz	r5, 1000395a <runtime_init_default_alarm_pool+0x16>
1000394e:	e8bd 4ff8 	ldmia.w	sp!, {r3, r4, r5, r6, r7, r8, r9, sl, fp, lr}
10003952:	210a      	movs	r1, #10
10003954:	4834      	ldr	r0, [pc, #208]	@ (10003a28 <runtime_init_default_alarm_pool+0xe4>)
10003956:	f7ff be0f 	b.w	10003578 <lock_init>
1000395a:	f8df 80e4 	ldr.w	r8, [pc, #228]	@ 10003a40 <runtime_init_default_alarm_pool+0xfc>
1000395e:	2103      	movs	r1, #3
10003960:	4640      	mov	r0, r8
10003962:	f000 f9f1 	bl	10003d48 <timer_hardware_alarm_claim>
10003966:	2603      	movs	r6, #3
10003968:	f8c4 800c 	str.w	r8, [r4, #12]
1000396c:	f7ff fb9a 	bl	100030a4 <next_striped_spin_lock_num>
10003970:	f04f 4c50 	mov.w	ip, #3489660928	@ 0xd0000000
10003974:	4b2d      	ldr	r3, [pc, #180]	@ (10003a2c <runtime_init_default_alarm_pool+0xe8>)
10003976:	7026      	strb	r6, [r4, #0]
10003978:	4403      	add	r3, r0
1000397a:	6123      	str	r3, [r4, #16]
1000397c:	f8dc 3000 	ldr.w	r3, [ip]
10003980:	210f      	movs	r1, #15
10003982:	7063      	strb	r3, [r4, #1]
10003984:	6963      	ldr	r3, [r4, #20]
10003986:	8061      	strh	r1, [r4, #2]
10003988:	831d      	strh	r5, [r3, #24]
1000398a:	f04f 0504 	mov.w	r5, #4
1000398e:	f8a3 5078 	strh.w	r5, [r3, #120]	@ 0x78
10003992:	f04f 0505 	mov.w	r5, #5
10003996:	f8a3 5090 	strh.w	r5, [r3, #144]	@ 0x90
1000399a:	f04f 0506 	mov.w	r5, #6
1000399e:	f8a3 50a8 	strh.w	r5, [r3, #168]	@ 0xa8
100039a2:	f04f 0507 	mov.w	r5, #7
100039a6:	210e      	movs	r1, #14
100039a8:	f64f 72ff 	movw	r2, #65535	@ 0xffff
100039ac:	2708      	movs	r7, #8
100039ae:	f04f 0e0a 	mov.w	lr, #10
100039b2:	f8a3 50c0 	strh.w	r5, [r3, #192]	@ 0xc0
100039b6:	f04f 0901 	mov.w	r9, #1
100039ba:	f04f 0c0c 	mov.w	ip, #12
100039be:	f04f 0b02 	mov.w	fp, #2
100039c2:	f04f 0a09 	mov.w	sl, #9
100039c6:	200d      	movs	r0, #13
100039c8:	f04f 050b 	mov.w	r5, #11
100039cc:	f8a3 1168 	strh.w	r1, [r3, #360]	@ 0x168
100039d0:	4917      	ldr	r1, [pc, #92]	@ (10003a30 <runtime_init_default_alarm_pool+0xec>)
100039d2:	80a2      	strh	r2, [r4, #4]
100039d4:	f8a3 e108 	strh.w	lr, [r3, #264]	@ 0x108
100039d8:	60a1      	str	r1, [r4, #8]
100039da:	f8a3 b048 	strh.w	fp, [r3, #72]	@ 0x48
100039de:	f8a3 a0f0 	strh.w	sl, [r3, #240]	@ 0xf0
100039e2:	f8a3 5120 	strh.w	r5, [r3, #288]	@ 0x120
100039e6:	f8a3 c138 	strh.w	ip, [r3, #312]	@ 0x138
100039ea:	f8a3 0150 	strh.w	r0, [r3, #336]	@ 0x150
100039ee:	f8a3 9030 	strh.w	r9, [r3, #48]	@ 0x30
100039f2:	f8a3 6060 	strh.w	r6, [r3, #96]	@ 0x60
100039f6:	f8a3 70d8 	strh.w	r7, [r3, #216]	@ 0xd8
100039fa:	801a      	strh	r2, [r3, #0]
100039fc:	4b0d      	ldr	r3, [pc, #52]	@ (10003a34 <runtime_init_default_alarm_pool+0xf0>)
100039fe:	4630      	mov	r0, r6
10003a00:	f8c8 7020 	str.w	r7, [r8, #32]
10003a04:	490c      	ldr	r1, [pc, #48]	@ (10003a38 <runtime_init_default_alarm_pool+0xf4>)
10003a06:	60dc      	str	r4, [r3, #12]
10003a08:	f7ff fc0c 	bl	10003224 <irq_set_exclusive_handler>
10003a0c:	4649      	mov	r1, r9
10003a0e:	4630      	mov	r0, r6
10003a10:	f7ff fbc6 	bl	100031a0 <irq_set_enabled>
10003a14:	4b09      	ldr	r3, [pc, #36]	@ (10003a3c <runtime_init_default_alarm_pool+0xf8>)
10003a16:	210a      	movs	r1, #10
10003a18:	641f      	str	r7, [r3, #64]	@ 0x40
10003a1a:	4803      	ldr	r0, [pc, #12]	@ (10003a28 <runtime_init_default_alarm_pool+0xe4>)
10003a1c:	e8bd 4ff8 	ldmia.w	sp!, {r3, r4, r5, r6, r7, r8, r9, sl, fp, lr}
10003a20:	f7ff bdaa 	b.w	10003578 <lock_init>
10003a24:	20001254 	.word	0x20001254
10003a28:	20002198 	.word	0x20002198
10003a2c:	20001624 	.word	0x20001624
10003a30:	0010ffff 	.word	0x0010ffff
10003a34:	20001ed4 	.word	0x20001ed4
10003a38:	10003621 	.word	0x10003621
10003a3c:	400b2000 	.word	0x400b2000
10003a40:	400b0000 	.word	0x400b0000

10003a44 <alarm_pool_get_default>:
10003a44:	4800      	ldr	r0, [pc, #0]	@ (10003a48 <alarm_pool_get_default+0x4>)
10003a46:	4770      	bx	lr
10003a48:	20001254 	.word	0x20001254

10003a4c <alarm_pool_add_alarm_at>:
10003a4c:	b5f8      	push	{r3, r4, r5, r6, r7, lr}
10003a4e:	f89d 5020 	ldrb.w	r5, [sp, #32]
10003a52:	4604      	mov	r4, r0
10003a54:	4617      	mov	r7, r2
10003a56:	461e      	mov	r6, r3
10003a58:	b935      	cbnz	r5, 10003a68 <alarm_pool_add_alarm_at+0x1c>
10003a5a:	f000 f98f 	bl	10003d7c <time_us_64>
10003a5e:	4287      	cmp	r7, r0
10003a60:	eb66 0101 	sbc.w	r1, r6, r1
10003a64:	2900      	cmp	r1, #0
10003a66:	db5c      	blt.n	10003b22 <alarm_pool_add_alarm_at+0xd6>
10003a68:	6921      	ldr	r1, [r4, #16]
10003a6a:	f3ef 8310 	mrs	r3, PRIMASK
10003a6e:	b672      	cpsid	i
10003a70:	e8d1 0fcf 	ldaexb	r0, [r1]
10003a74:	2201      	movs	r2, #1
10003a76:	2800      	cmp	r0, #0
10003a78:	d1fa      	bne.n	10003a70 <alarm_pool_add_alarm_at+0x24>
10003a7a:	e8c1 2f40 	strexb	r0, r2, [r1]
10003a7e:	2800      	cmp	r0, #0
10003a80:	d1f6      	bne.n	10003a70 <alarm_pool_add_alarm_at+0x24>
10003a82:	f3bf 8f5f 	dmb	sy
10003a86:	f9b4 2002 	ldrsh.w	r2, [r4, #2]
10003a8a:	6965      	ldr	r5, [r4, #20]
10003a8c:	eb02 0142 	add.w	r1, r2, r2, lsl #1
10003a90:	2a00      	cmp	r2, #0
10003a92:	ea4f 0cc1 	mov.w	ip, r1, lsl #3
10003a96:	6920      	ldr	r0, [r4, #16]
10003a98:	eb05 01c1 	add.w	r1, r5, r1, lsl #3
10003a9c:	db39      	blt.n	10003b12 <alarm_pool_add_alarm_at+0xc6>
10003a9e:	f835 e00c 	ldrh.w	lr, [r5, ip]
10003aa2:	f8a4 e002 	strh.w	lr, [r4, #2]
10003aa6:	f04f 0e00 	mov.w	lr, #0
10003aaa:	e8c0 ef8f 	stlb	lr, [r0]
10003aae:	f383 8810 	msr	PRIMASK, r3
10003ab2:	8848      	ldrh	r0, [r1, #2]
10003ab4:	9b06      	ldr	r3, [sp, #24]
10003ab6:	3001      	adds	r0, #1
10003ab8:	f3c0 000e 	ubfx	r0, r0, #0, #15
10003abc:	2801      	cmp	r0, #1
10003abe:	bf38      	it	cc
10003ac0:	2001      	movcc	r0, #1
10003ac2:	610b      	str	r3, [r1, #16]
10003ac4:	9b07      	ldr	r3, [sp, #28]
10003ac6:	8048      	strh	r0, [r1, #2]
10003ac8:	614b      	str	r3, [r1, #20]
10003aca:	e9c1 7602 	strd	r7, r6, [r1, #8]
10003ace:	ea40 4002 	orr.w	r0, r0, r2, lsl #16
10003ad2:	6923      	ldr	r3, [r4, #16]
10003ad4:	f3ef 8110 	mrs	r1, PRIMASK
10003ad8:	b672      	cpsid	i
10003ada:	e8d3 7fcf 	ldaexb	r7, [r3]
10003ade:	2601      	movs	r6, #1
10003ae0:	2f00      	cmp	r7, #0
10003ae2:	d1fa      	bne.n	10003ada <alarm_pool_add_alarm_at+0x8e>
10003ae4:	e8c3 6f47 	strexb	r7, r6, [r3]
10003ae8:	2f00      	cmp	r7, #0
10003aea:	d1f6      	bne.n	10003ada <alarm_pool_add_alarm_at+0x8e>
10003aec:	f3bf 8f5f 	dmb	sy
10003af0:	88a3      	ldrh	r3, [r4, #4]
10003af2:	f825 300c 	strh.w	r3, [r5, ip]
10003af6:	80a2      	strh	r2, [r4, #4]
10003af8:	6923      	ldr	r3, [r4, #16]
10003afa:	e8c3 ef8f 	stlb	lr, [r3]
10003afe:	f381 8810 	msr	PRIMASK, r1
10003b02:	2201      	movs	r2, #1
10003b04:	68e3      	ldr	r3, [r4, #12]
10003b06:	7821      	ldrb	r1, [r4, #0]
10003b08:	f503 5301 	add.w	r3, r3, #8256	@ 0x2040
10003b0c:	408a      	lsls	r2, r1
10003b0e:	605a      	str	r2, [r3, #4]
10003b10:	bdf8      	pop	{r3, r4, r5, r6, r7, pc}
10003b12:	2200      	movs	r2, #0
10003b14:	e8c0 2f8f 	stlb	r2, [r0]
10003b18:	f383 8810 	msr	PRIMASK, r3
10003b1c:	f04f 30ff 	mov.w	r0, #4294967295	@ 0xffffffff
10003b20:	bdf8      	pop	{r3, r4, r5, r6, r7, pc}
10003b22:	4628      	mov	r0, r5
10003b24:	bdf8      	pop	{r3, r4, r5, r6, r7, pc}
10003b26:	bf00      	nop

10003b28 <alarm_pool_add_alarm_at_force_in_context>:
10003b28:	4601      	mov	r1, r0
10003b2a:	b5f0      	push	{r4, r5, r6, r7, lr}
10003b2c:	6900      	ldr	r0, [r0, #16]
10003b2e:	f3ef 8710 	mrs	r7, PRIMASK
10003b32:	b672      	cpsid	i
10003b34:	e8d0 5fcf 	ldaexb	r5, [r0]
10003b38:	2401      	movs	r4, #1
10003b3a:	2d00      	cmp	r5, #0
10003b3c:	d1fa      	bne.n	10003b34 <alarm_pool_add_alarm_at_force_in_context+0xc>
10003b3e:	e8c0 4f45 	strexb	r5, r4, [r0]
10003b42:	2d00      	cmp	r5, #0
10003b44:	d1f6      	bne.n	10003b34 <alarm_pool_add_alarm_at_force_in_context+0xc>
10003b46:	f3bf 8f5f 	dmb	sy
10003b4a:	f9b1 e002 	ldrsh.w	lr, [r1, #2]
10003b4e:	694c      	ldr	r4, [r1, #20]
10003b50:	eb0e 0c4e 	add.w	ip, lr, lr, lsl #1
10003b54:	f1be 0f00 	cmp.w	lr, #0
10003b58:	ea4f 05cc 	mov.w	r5, ip, lsl #3
10003b5c:	6908      	ldr	r0, [r1, #16]
10003b5e:	eb04 0ccc 	add.w	ip, r4, ip, lsl #3
10003b62:	db3c      	blt.n	10003bde <alarm_pool_add_alarm_at_force_in_context+0xb6>
10003b64:	5b66      	ldrh	r6, [r4, r5]
10003b66:	804e      	strh	r6, [r1, #2]
10003b68:	2600      	movs	r6, #0
10003b6a:	e8c0 6f8f 	stlb	r6, [r0]
10003b6e:	f387 8810 	msr	PRIMASK, r7
10003b72:	f8bc 0002 	ldrh.w	r0, [ip, #2]
10003b76:	e9cc 2302 	strd	r2, r3, [ip, #8]
10003b7a:	3001      	adds	r0, #1
10003b7c:	f3c0 000e 	ubfx	r0, r0, #0, #15
10003b80:	2801      	cmp	r0, #1
10003b82:	bf38      	it	cc
10003b84:	2001      	movcc	r0, #1
10003b86:	9b05      	ldr	r3, [sp, #20]
10003b88:	f8ac 0002 	strh.w	r0, [ip, #2]
10003b8c:	f8cc 3010 	str.w	r3, [ip, #16]
10003b90:	9b06      	ldr	r3, [sp, #24]
10003b92:	ea40 400e 	orr.w	r0, r0, lr, lsl #16
10003b96:	f8cc 3014 	str.w	r3, [ip, #20]
10003b9a:	690b      	ldr	r3, [r1, #16]
10003b9c:	f3ef 8210 	mrs	r2, PRIMASK
10003ba0:	b672      	cpsid	i
10003ba2:	e8d3 cfcf 	ldaexb	ip, [r3]
10003ba6:	2701      	movs	r7, #1
10003ba8:	f1bc 0f00 	cmp.w	ip, #0
10003bac:	d1f9      	bne.n	10003ba2 <alarm_pool_add_alarm_at_force_in_context+0x7a>
10003bae:	e8c3 7f4c 	strexb	ip, r7, [r3]
10003bb2:	f1bc 0f00 	cmp.w	ip, #0
10003bb6:	d1f4      	bne.n	10003ba2 <alarm_pool_add_alarm_at_force_in_context+0x7a>
10003bb8:	f3bf 8f5f 	dmb	sy
10003bbc:	888b      	ldrh	r3, [r1, #4]
10003bbe:	5363      	strh	r3, [r4, r5]
10003bc0:	f8a1 e004 	strh.w	lr, [r1, #4]
10003bc4:	690b      	ldr	r3, [r1, #16]
10003bc6:	e8c3 6f8f 	stlb	r6, [r3]
10003bca:	f382 8810 	msr	PRIMASK, r2
10003bce:	2201      	movs	r2, #1
10003bd0:	68cb      	ldr	r3, [r1, #12]
10003bd2:	7809      	ldrb	r1, [r1, #0]
10003bd4:	f503 5301 	add.w	r3, r3, #8256	@ 0x2040
10003bd8:	408a      	lsls	r2, r1
10003bda:	605a      	str	r2, [r3, #4]
10003bdc:	bdf0      	pop	{r4, r5, r6, r7, pc}
10003bde:	2300      	movs	r3, #0
10003be0:	e8c0 3f8f 	stlb	r3, [r0]
10003be4:	f387 8810 	msr	PRIMASK, r7
10003be8:	f04f 30ff 	mov.w	r0, #4294967295	@ 0xffffffff
10003bec:	bdf0      	pop	{r4, r5, r6, r7, pc}
10003bee:	bf00      	nop

10003bf0 <alarm_pool_cancel_alarm>:
10003bf0:	4603      	mov	r3, r0
10003bf2:	8940      	ldrh	r0, [r0, #10]
10003bf4:	ebb0 4f21 	cmp.w	r0, r1, asr #16
10003bf8:	dd37      	ble.n	10003c6a <alarm_pool_cancel_alarm+0x7a>
10003bfa:	6958      	ldr	r0, [r3, #20]
10003bfc:	140a      	asrs	r2, r1, #16
10003bfe:	eb02 0242 	add.w	r2, r2, r2, lsl #1
10003c02:	b510      	push	{r4, lr}
10003c04:	eb00 00c2 	add.w	r0, r0, r2, lsl #3
10003c08:	691c      	ldr	r4, [r3, #16]
10003c0a:	f3ef 8c10 	mrs	ip, PRIMASK
10003c0e:	b672      	cpsid	i
10003c10:	e8d4 efcf 	ldaexb	lr, [r4]
10003c14:	2201      	movs	r2, #1
10003c16:	f1be 0f00 	cmp.w	lr, #0
10003c1a:	d1f9      	bne.n	10003c10 <alarm_pool_cancel_alarm+0x20>
10003c1c:	e8c4 2f4e 	strexb	lr, r2, [r4]
10003c20:	f1be 0f00 	cmp.w	lr, #0
10003c24:	d1f4      	bne.n	10003c10 <alarm_pool_cancel_alarm+0x20>
10003c26:	f3bf 8f5f 	dmb	sy
10003c2a:	8842      	ldrh	r2, [r0, #2]
10003c2c:	b289      	uxth	r1, r1
10003c2e:	b292      	uxth	r2, r2
10003c30:	428a      	cmp	r2, r1
10003c32:	d007      	beq.n	10003c44 <alarm_pool_cancel_alarm+0x54>
10003c34:	2200      	movs	r2, #0
10003c36:	691b      	ldr	r3, [r3, #16]
10003c38:	e8c3 2f8f 	stlb	r2, [r3]
10003c3c:	f38c 8810 	msr	PRIMASK, ip
10003c40:	2000      	movs	r0, #0
10003c42:	bd10      	pop	{r4, pc}
10003c44:	f442 4200 	orr.w	r2, r2, #32768	@ 0x8000
10003c48:	8042      	strh	r2, [r0, #2]
10003c4a:	2101      	movs	r1, #1
10003c4c:	2200      	movs	r2, #0
10003c4e:	6918      	ldr	r0, [r3, #16]
10003c50:	7199      	strb	r1, [r3, #6]
10003c52:	e8c0 2f8f 	stlb	r2, [r0]
10003c56:	f38c 8810 	msr	PRIMASK, ip
10003c5a:	781c      	ldrb	r4, [r3, #0]
10003c5c:	68da      	ldr	r2, [r3, #12]
10003c5e:	4608      	mov	r0, r1
10003c60:	f502 5301 	add.w	r3, r2, #8256	@ 0x2040
10003c64:	40a1      	lsls	r1, r4
10003c66:	6059      	str	r1, [r3, #4]
10003c68:	bd10      	pop	{r4, pc}
10003c6a:	2000      	movs	r0, #0
10003c6c:	4770      	bx	lr
10003c6e:	bf00      	nop

10003c70 <alarm_pool_core_num>:
10003c70:	7840      	ldrb	r0, [r0, #1]
10003c72:	4770      	bx	lr

10003c74 <best_effort_wfe_or_timeout>:
10003c74:	e92d 43f0 	stmdb	sp!, {r4, r5, r6, r7, r8, r9, lr}
10003c78:	4606      	mov	r6, r0
10003c7a:	460d      	mov	r5, r1
10003c7c:	b083      	sub	sp, #12
10003c7e:	f3ef 8405 	mrs	r4, IPSR
10003c82:	b2e4      	uxtb	r4, r4
10003c84:	b13c      	cbz	r4, 10003c96 <best_effort_wfe_or_timeout+0x22>
10003c86:	4b2d      	ldr	r3, [pc, #180]	@ (10003d3c <best_effort_wfe_or_timeout+0xc8>)
10003c88:	6a5a      	ldr	r2, [r3, #36]	@ 0x24
10003c8a:	42aa      	cmp	r2, r5
10003c8c:	d21c      	bcs.n	10003cc8 <best_effort_wfe_or_timeout+0x54>
10003c8e:	2000      	movs	r0, #0
10003c90:	b003      	add	sp, #12
10003c92:	e8bd 83f0 	ldmia.w	sp!, {r4, r5, r6, r7, r8, r9, pc}
10003c96:	4f2a      	ldr	r7, [pc, #168]	@ (10003d40 <best_effort_wfe_or_timeout+0xcc>)
10003c98:	f8d7 900c 	ldr.w	r9, [r7, #12]
10003c9c:	f897 8000 	ldrb.w	r8, [r7]
10003ca0:	4648      	mov	r0, r9
10003ca2:	f000 f863 	bl	10003d6c <timer_time_us_64>
10003ca6:	f108 0804 	add.w	r8, r8, #4
10003caa:	f859 3028 	ldr.w	r3, [r9, r8, lsl #2]
10003cae:	1a1b      	subs	r3, r3, r0
10003cb0:	1a30      	subs	r0, r6, r0
10003cb2:	eb65 0101 	sbc.w	r1, r5, r1
10003cb6:	4298      	cmp	r0, r3
10003cb8:	f171 0100 	sbcs.w	r1, r1, #0
10003cbc:	db10      	blt.n	10003ce0 <best_effort_wfe_or_timeout+0x6c>
10003cbe:	bf20      	wfe
10003cc0:	4b1e      	ldr	r3, [pc, #120]	@ (10003d3c <best_effort_wfe_or_timeout+0xc8>)
10003cc2:	6a5a      	ldr	r2, [r3, #36]	@ 0x24
10003cc4:	42aa      	cmp	r2, r5
10003cc6:	d3e2      	bcc.n	10003c8e <best_effort_wfe_or_timeout+0x1a>
10003cc8:	bf14      	ite	ne
10003cca:	2401      	movne	r4, #1
10003ccc:	2400      	moveq	r4, #0
10003cce:	6a9b      	ldr	r3, [r3, #40]	@ 0x28
10003cd0:	42b3      	cmp	r3, r6
10003cd2:	bf34      	ite	cc
10003cd4:	4620      	movcc	r0, r4
10003cd6:	f044 0001 	orrcs.w	r0, r4, #1
10003cda:	b003      	add	sp, #12
10003cdc:	e8bd 83f0 	ldmia.w	sp!, {r4, r5, r6, r7, r8, r9, pc}
10003ce0:	f000 f84c 	bl	10003d7c <time_us_64>
10003ce4:	4286      	cmp	r6, r0
10003ce6:	eb65 0101 	sbc.w	r1, r5, r1
10003cea:	2900      	cmp	r1, #0
10003cec:	db14      	blt.n	10003d18 <best_effort_wfe_or_timeout+0xa4>
10003cee:	4b15      	ldr	r3, [pc, #84]	@ (10003d44 <best_effort_wfe_or_timeout+0xd0>)
10003cf0:	4638      	mov	r0, r7
10003cf2:	e9cd 3400 	strd	r3, r4, [sp]
10003cf6:	4632      	mov	r2, r6
10003cf8:	462b      	mov	r3, r5
10003cfa:	f7ff ff15 	bl	10003b28 <alarm_pool_add_alarm_at_force_in_context>
10003cfe:	1e01      	subs	r1, r0, #0
10003d00:	dd0a      	ble.n	10003d18 <best_effort_wfe_or_timeout+0xa4>
10003d02:	4b0e      	ldr	r3, [pc, #56]	@ (10003d3c <best_effort_wfe_or_timeout+0xc8>)
10003d04:	6a5a      	ldr	r2, [r3, #36]	@ 0x24
10003d06:	42aa      	cmp	r2, r5
10003d08:	d316      	bcc.n	10003d38 <best_effort_wfe_or_timeout+0xc4>
10003d0a:	6a9b      	ldr	r3, [r3, #40]	@ 0x28
10003d0c:	42b3      	cmp	r3, r6
10003d0e:	d311      	bcc.n	10003d34 <best_effort_wfe_or_timeout+0xc0>
10003d10:	480b      	ldr	r0, [pc, #44]	@ (10003d40 <best_effort_wfe_or_timeout+0xcc>)
10003d12:	f7ff ff6d 	bl	10003bf0 <alarm_pool_cancel_alarm>
10003d16:	e7b6      	b.n	10003c86 <best_effort_wfe_or_timeout+0x12>
10003d18:	4b08      	ldr	r3, [pc, #32]	@ (10003d3c <best_effort_wfe_or_timeout+0xc8>)
10003d1a:	6a5c      	ldr	r4, [r3, #36]	@ 0x24
10003d1c:	42ac      	cmp	r4, r5
10003d1e:	d3b6      	bcc.n	10003c8e <best_effort_wfe_or_timeout+0x1a>
10003d20:	1b64      	subs	r4, r4, r5
10003d22:	bf18      	it	ne
10003d24:	2401      	movne	r4, #1
10003d26:	6a9b      	ldr	r3, [r3, #40]	@ 0x28
10003d28:	42b3      	cmp	r3, r6
10003d2a:	bf34      	ite	cc
10003d2c:	4620      	movcc	r0, r4
10003d2e:	f044 0001 	orrcs.w	r0, r4, #1
10003d32:	e7ad      	b.n	10003c90 <best_effort_wfe_or_timeout+0x1c>
10003d34:	42aa      	cmp	r2, r5
10003d36:	d1eb      	bne.n	10003d10 <best_effort_wfe_or_timeout+0x9c>
10003d38:	bf20      	wfe
10003d3a:	e7e9      	b.n	10003d10 <best_effort_wfe_or_timeout+0x9c>
10003d3c:	400b0000 	.word	0x400b0000
10003d40:	20001254 	.word	0x20001254
10003d44:	10003911 	.word	0x10003911

10003d48 <timer_hardware_alarm_claim>:
10003d48:	b410      	push	{r4}
10003d4a:	4b05      	ldr	r3, [pc, #20]	@ (10003d60 <timer_hardware_alarm_claim+0x18>)
10003d4c:	4c05      	ldr	r4, [pc, #20]	@ (10003d64 <timer_hardware_alarm_claim+0x1c>)
10003d4e:	4a06      	ldr	r2, [pc, #24]	@ (10003d68 <timer_hardware_alarm_claim+0x20>)
10003d50:	42a0      	cmp	r0, r4
10003d52:	bf14      	ite	ne
10003d54:	4618      	movne	r0, r3
10003d56:	1c58      	addeq	r0, r3, #1
10003d58:	f85d 4b04 	ldr.w	r4, [sp], #4
10003d5c:	f7ff b936 	b.w	10002fcc <hw_claim_or_assert>
10003d60:	20001a44 	.word	0x20001a44
10003d64:	400b8000 	.word	0x400b8000
10003d68:	100072b4 	.word	0x100072b4

10003d6c <timer_time_us_64>:
10003d6c:	4603      	mov	r3, r0
10003d6e:	6a41      	ldr	r1, [r0, #36]	@ 0x24
10003d70:	460a      	mov	r2, r1
10003d72:	6a98      	ldr	r0, [r3, #40]	@ 0x28
10003d74:	6a59      	ldr	r1, [r3, #36]	@ 0x24
10003d76:	428a      	cmp	r2, r1
10003d78:	d1fa      	bne.n	10003d70 <timer_time_us_64+0x4>
10003d7a:	4770      	bx	lr

10003d7c <time_us_64>:
10003d7c:	4b03      	ldr	r3, [pc, #12]	@ (10003d8c <time_us_64+0x10>)
10003d7e:	6a59      	ldr	r1, [r3, #36]	@ 0x24
10003d80:	460a      	mov	r2, r1
10003d82:	6a98      	ldr	r0, [r3, #40]	@ 0x28
10003d84:	6a59      	ldr	r1, [r3, #36]	@ 0x24
10003d86:	4291      	cmp	r1, r2
10003d88:	d1fa      	bne.n	10003d80 <time_us_64+0x4>
10003d8a:	4770      	bx	lr
10003d8c:	400b0000 	.word	0x400b0000

10003d90 <pll_init>:
10003d90:	b470      	push	{r4, r5, r6}
10003d92:	9d03      	ldr	r5, [sp, #12]
10003d94:	6804      	ldr	r4, [r0, #0]
10003d96:	032d      	lsls	r5, r5, #12
10003d98:	ea45 4503 	orr.w	r5, r5, r3, lsl #16
10003d9c:	4b1b      	ldr	r3, [pc, #108]	@ (10003e0c <pll_init+0x7c>)
10003d9e:	2c00      	cmp	r4, #0
10003da0:	fbb3 f3f1 	udiv	r3, r3, r1
10003da4:	fbb2 f6f3 	udiv	r6, r2, r3
10003da8:	db1f      	blt.n	10003dea <pll_init+0x5a>
10003daa:	4a19      	ldr	r2, [pc, #100]	@ (10003e10 <pll_init+0x80>)
10003dac:	4b19      	ldr	r3, [pc, #100]	@ (10003e14 <pll_init+0x84>)
10003dae:	4290      	cmp	r0, r2
10003db0:	bf14      	ite	ne
10003db2:	f44f 4280 	movne.w	r2, #16384	@ 0x4000
10003db6:	f44f 4200 	moveq.w	r2, #32768	@ 0x8000
10003dba:	4c17      	ldr	r4, [pc, #92]	@ (10003e18 <pll_init+0x88>)
10003dbc:	601a      	str	r2, [r3, #0]
10003dbe:	f503 5380 	add.w	r3, r3, #4096	@ 0x1000
10003dc2:	601a      	str	r2, [r3, #0]
10003dc4:	68a3      	ldr	r3, [r4, #8]
10003dc6:	ea32 0303 	bics.w	r3, r2, r3
10003dca:	d1fb      	bne.n	10003dc4 <pll_init+0x34>
10003dcc:	2221      	movs	r2, #33	@ 0x21
10003dce:	f500 5340 	add.w	r3, r0, #12288	@ 0x3000
10003dd2:	3304      	adds	r3, #4
10003dd4:	6001      	str	r1, [r0, #0]
10003dd6:	6086      	str	r6, [r0, #8]
10003dd8:	601a      	str	r2, [r3, #0]
10003dda:	6802      	ldr	r2, [r0, #0]
10003ddc:	2a00      	cmp	r2, #0
10003dde:	dafc      	bge.n	10003dda <pll_init+0x4a>
10003de0:	2208      	movs	r2, #8
10003de2:	60c5      	str	r5, [r0, #12]
10003de4:	601a      	str	r2, [r3, #0]
10003de6:	bc70      	pop	{r4, r5, r6}
10003de8:	4770      	bx	lr
10003dea:	6803      	ldr	r3, [r0, #0]
10003dec:	f003 033f 	and.w	r3, r3, #63	@ 0x3f
10003df0:	428b      	cmp	r3, r1
10003df2:	d1da      	bne.n	10003daa <pll_init+0x1a>
10003df4:	6883      	ldr	r3, [r0, #8]
10003df6:	f3c3 030b 	ubfx	r3, r3, #0, #12
10003dfa:	42b3      	cmp	r3, r6
10003dfc:	d1d5      	bne.n	10003daa <pll_init+0x1a>
10003dfe:	68c3      	ldr	r3, [r0, #12]
10003e00:	f403 23ee 	and.w	r3, r3, #487424	@ 0x77000
10003e04:	42ab      	cmp	r3, r5
10003e06:	d1d0      	bne.n	10003daa <pll_init+0x1a>
10003e08:	e7ed      	b.n	10003de6 <pll_init+0x56>
10003e0a:	bf00      	nop
10003e0c:	00b71b00 	.word	0x00b71b00
10003e10:	40058000 	.word	0x40058000
10003e14:	40022000 	.word	0x40022000
10003e18:	40020000 	.word	0x40020000

10003e1c <watchdog_reboot>:
10003e1c:	b430      	push	{r4, r5}
10003e1e:	f04f 4480 	mov.w	r4, #1073741824	@ 0x40000000
10003e22:	4b1c      	ldr	r3, [pc, #112]	@ (10003e94 <watchdog_reboot+0x78>)
10003e24:	601c      	str	r4, [r3, #0]
10003e26:	b1e0      	cbz	r0, 10003e62 <watchdog_reboot+0x46>
10003e28:	4c1b      	ldr	r4, [pc, #108]	@ (10003e98 <watchdog_reboot+0x7c>)
10003e2a:	f5a3 5340 	sub.w	r3, r3, #12288	@ 0x3000
10003e2e:	61dc      	str	r4, [r3, #28]
10003e30:	4c1a      	ldr	r4, [pc, #104]	@ (10003e9c <watchdog_reboot+0x80>)
10003e32:	f040 0001 	orr.w	r0, r0, #1
10003e36:	4044      	eors	r4, r0
10003e38:	621c      	str	r4, [r3, #32]
10003e3a:	6259      	str	r1, [r3, #36]	@ 0x24
10003e3c:	6298      	str	r0, [r3, #40]	@ 0x28
10003e3e:	f04f 4580 	mov.w	r5, #1073741824	@ 0x40000000
10003e42:	f04f 61e0 	mov.w	r1, #117440512	@ 0x7000000
10003e46:	4b13      	ldr	r3, [pc, #76]	@ (10003e94 <watchdog_reboot+0x78>)
10003e48:	4815      	ldr	r0, [pc, #84]	@ (10003ea0 <watchdog_reboot+0x84>)
10003e4a:	4c16      	ldr	r4, [pc, #88]	@ (10003ea4 <watchdog_reboot+0x88>)
10003e4c:	601d      	str	r5, [r3, #0]
10003e4e:	6084      	str	r4, [r0, #8]
10003e50:	6019      	str	r1, [r3, #0]
10003e52:	b94a      	cbnz	r2, 10003e68 <watchdog_reboot+0x4c>
10003e54:	bc30      	pop	{r4, r5}
10003e56:	f04f 4200 	mov.w	r2, #2147483648	@ 0x80000000
10003e5a:	f5a3 5380 	sub.w	r3, r3, #4096	@ 0x1000
10003e5e:	601a      	str	r2, [r3, #0]
10003e60:	4770      	bx	lr
10003e62:	4b11      	ldr	r3, [pc, #68]	@ (10003ea8 <watchdog_reboot+0x8c>)
10003e64:	61d8      	str	r0, [r3, #28]
10003e66:	e7ea      	b.n	10003e3e <watchdog_reboot+0x22>
10003e68:	f44f 737a 	mov.w	r3, #1000	@ 0x3e8
10003e6c:	fb03 f202 	mul.w	r2, r3, r2
10003e70:	f1b2 7f80 	cmp.w	r2, #16777216	@ 0x1000000
10003e74:	bf2a      	itet	cs
10003e76:	f06f 437f 	mvncs.w	r3, #4278190080	@ 0xff000000
10003e7a:	4613      	movcc	r3, r2
10003e7c:	461a      	movcs	r2, r3
10003e7e:	f04f 4180 	mov.w	r1, #1073741824	@ 0x40000000
10003e82:	4c0a      	ldr	r4, [pc, #40]	@ (10003eac <watchdog_reboot+0x90>)
10003e84:	4808      	ldr	r0, [pc, #32]	@ (10003ea8 <watchdog_reboot+0x8c>)
10003e86:	6023      	str	r3, [r4, #0]
10003e88:	4b09      	ldr	r3, [pc, #36]	@ (10003eb0 <watchdog_reboot+0x94>)
10003e8a:	6042      	str	r2, [r0, #4]
10003e8c:	bc30      	pop	{r4, r5}
10003e8e:	6019      	str	r1, [r3, #0]
10003e90:	4770      	bx	lr
10003e92:	bf00      	nop
10003e94:	400db000 	.word	0x400db000
10003e98:	b007c0d3 	.word	0xb007c0d3
10003e9c:	4ff83f2d 	.word	0x4ff83f2d
10003ea0:	4001a000 	.word	0x4001a000
10003ea4:	01fffff3 	.word	0x01fffff3
10003ea8:	400d8000 	.word	0x400d8000
10003eac:	20001eac 	.word	0x20001eac
10003eb0:	400da000 	.word	0x400da000

10003eb4 <tick_start>:
10003eb4:	2301      	movs	r3, #1
10003eb6:	eb00 0040 	add.w	r0, r0, r0, lsl #1
10003eba:	0080      	lsls	r0, r0, #2
10003ebc:	f100 4080 	add.w	r0, r0, #1073741824	@ 0x40000000
10003ec0:	f500 1084 	add.w	r0, r0, #1081344	@ 0x108000
10003ec4:	6041      	str	r1, [r0, #4]
10003ec6:	6003      	str	r3, [r0, #0]
10003ec8:	4770      	bx	lr
10003eca:	bf00      	nop

10003ecc <rom_reboot.constprop.0.isra.0>:
10003ecc:	2300      	movs	r3, #0
10003ece:	b570      	push	{r4, r5, r6, lr}
10003ed0:	8adb      	ldrh	r3, [r3, #22]
10003ed2:	4604      	mov	r4, r0
10003ed4:	460d      	mov	r5, r1
10003ed6:	2200      	movs	r2, #0
10003ed8:	e842 f200 	tt	r2, r2
10003edc:	0252      	lsls	r2, r2, #9
10003ede:	bf54      	ite	pl
10003ee0:	2110      	movpl	r1, #16
10003ee2:	2104      	movmi	r1, #4
10003ee4:	f244 2052 	movw	r0, #16978	@ 0x4252
10003ee8:	4798      	blx	r3
10003eea:	4686      	mov	lr, r0
10003eec:	462b      	mov	r3, r5
10003eee:	4622      	mov	r2, r4
10003ef0:	46f4      	mov	ip, lr
10003ef2:	e8bd 4070 	ldmia.w	sp!, {r4, r5, r6, lr}
10003ef6:	210a      	movs	r1, #10
10003ef8:	f44f 7081 	mov.w	r0, #258	@ 0x102
10003efc:	4760      	bx	ip
10003efe:	bf00      	nop

10003f00 <rom_func_lookup>:
10003f00:	2300      	movs	r3, #0
10003f02:	8adb      	ldrh	r3, [r3, #22]
10003f04:	2200      	movs	r2, #0
10003f06:	e842 f200 	tt	r2, r2
10003f0a:	0252      	lsls	r2, r2, #9
10003f0c:	d401      	bmi.n	10003f12 <rom_func_lookup+0x12>
10003f0e:	2110      	movs	r1, #16
10003f10:	4718      	bx	r3
10003f12:	2104      	movs	r1, #4
10003f14:	4718      	bx	r3
10003f16:	bf00      	nop

10003f18 <rom_reset_usb_boot_extra>:
10003f18:	b508      	push	{r3, lr}
10003f1a:	4603      	mov	r3, r0
10003f1c:	4608      	mov	r0, r1
10003f1e:	1e19      	subs	r1, r3, #0
10003f20:	db02      	blt.n	10003f28 <rom_reset_usb_boot_extra+0x10>
10003f22:	b11a      	cbz	r2, 10003f2c <rom_reset_usb_boot_extra+0x14>
10003f24:	f040 0030 	orr.w	r0, r0, #48	@ 0x30
10003f28:	f7ff ffd0 	bl	10003ecc <rom_reboot.constprop.0.isra.0>
10003f2c:	f040 0020 	orr.w	r0, r0, #32
10003f30:	e7fa      	b.n	10003f28 <rom_reset_usb_boot_extra+0x10>
10003f32:	bf00      	nop

10003f34 <runtime_init_bootrom_locking_enable>:
10003f34:	4a03      	ldr	r2, [pc, #12]	@ (10003f44 <runtime_init_bootrom_locking_enable+0x10>)
10003f36:	f8d2 3828 	ldr.w	r3, [r2, #2088]	@ 0x828
10003f3a:	2b00      	cmp	r3, #0
10003f3c:	d0fb      	beq.n	10003f36 <runtime_init_bootrom_locking_enable+0x2>
10003f3e:	f3bf 8f5f 	dmb	sy
10003f42:	4770      	bx	lr
10003f44:	400e0000 	.word	0x400e0000

10003f48 <runtime_init_boot_locks_reset>:
10003f48:	2100      	movs	r1, #0
10003f4a:	4b04      	ldr	r3, [pc, #16]	@ (10003f5c <runtime_init_boot_locks_reset+0x14>)
10003f4c:	4a04      	ldr	r2, [pc, #16]	@ (10003f60 <runtime_init_boot_locks_reset+0x18>)
10003f4e:	f3bf 8f5f 	dmb	sy
10003f52:	f843 1b04 	str.w	r1, [r3], #4
10003f56:	4293      	cmp	r3, r2
10003f58:	d1f9      	bne.n	10003f4e <runtime_init_boot_locks_reset+0x6>
10003f5a:	4770      	bx	lr
10003f5c:	400e080c 	.word	0x400e080c
10003f60:	400e082c 	.word	0x400e082c

10003f64 <xosc_init>:
10003f64:	b410      	push	{r4}
10003f66:	f44f 708d 	mov.w	r0, #282	@ 0x11a
10003f6a:	f44f 642a 	mov.w	r4, #2720	@ 0xaa0
10003f6e:	4a06      	ldr	r2, [pc, #24]	@ (10003f88 <xosc_init+0x24>)
10003f70:	4b06      	ldr	r3, [pc, #24]	@ (10003f8c <xosc_init+0x28>)
10003f72:	4907      	ldr	r1, [pc, #28]	@ (10003f90 <xosc_init+0x2c>)
10003f74:	6014      	str	r4, [r2, #0]
10003f76:	60d0      	str	r0, [r2, #12]
10003f78:	6019      	str	r1, [r3, #0]
10003f7a:	6853      	ldr	r3, [r2, #4]
10003f7c:	2b00      	cmp	r3, #0
10003f7e:	dafc      	bge.n	10003f7a <xosc_init+0x16>
10003f80:	f85d 4b04 	ldr.w	r4, [sp], #4
10003f84:	4770      	bx	lr
10003f86:	bf00      	nop
10003f88:	40048000 	.word	0x40048000
10003f8c:	4004a000 	.word	0x4004a000
10003f90:	00fab000 	.word	0x00fab000

10003f94 <exception_set_exclusive_handler>:
10003f94:	b5f8      	push	{r3, r4, r5, r6, r7, lr}
10003f96:	4604      	mov	r4, r0
10003f98:	460d      	mov	r5, r1
10003f9a:	f3ef 8710 	mrs	r7, PRIMASK
10003f9e:	b672      	cpsid	i
10003fa0:	4b0c      	ldr	r3, [pc, #48]	@ (10003fd4 <exception_set_exclusive_handler+0x40>)
10003fa2:	689b      	ldr	r3, [r3, #8]
10003fa4:	f853 6020 	ldr.w	r6, [r3, r0, lsl #2]
10003fa8:	42b1      	cmp	r1, r6
10003faa:	d004      	beq.n	10003fb6 <exception_set_exclusive_handler+0x22>
10003fac:	4b0a      	ldr	r3, [pc, #40]	@ (10003fd8 <exception_set_exclusive_handler+0x44>)
10003fae:	429e      	cmp	r6, r3
10003fb0:	d20b      	bcs.n	10003fca <exception_set_exclusive_handler+0x36>
10003fb2:	f000 f9e3 	bl	1000437c <hard_assertion_failure>
10003fb6:	4b07      	ldr	r3, [pc, #28]	@ (10003fd4 <exception_set_exclusive_handler+0x40>)
10003fb8:	689b      	ldr	r3, [r3, #8]
10003fba:	f843 5024 	str.w	r5, [r3, r4, lsl #2]
10003fbe:	f3bf 8f5f 	dmb	sy
10003fc2:	f387 8810 	msr	PRIMASK, r7
10003fc6:	4630      	mov	r0, r6
10003fc8:	bdf8      	pop	{r3, r4, r5, r6, r7, pc}
10003fca:	4b04      	ldr	r3, [pc, #16]	@ (10003fdc <exception_set_exclusive_handler+0x48>)
10003fcc:	429e      	cmp	r6, r3
10003fce:	d3f2      	bcc.n	10003fb6 <exception_set_exclusive_handler+0x22>
10003fd0:	e7ef      	b.n	10003fb2 <exception_set_exclusive_handler+0x1e>
10003fd2:	bf00      	nop
10003fd4:	e000ed00 	.word	0xe000ed00
10003fd8:	10000110 	.word	0x10000110
10003fdc:	10000124 	.word	0x10000124

10003fe0 <core1_trampoline>:
10003fe0:	bd03      	pop	{r0, r1, pc}
10003fe2:	bf00      	nop

10003fe4 <core1_wrapper>:
10003fe4:	b510      	push	{r4, lr}
10003fe6:	4604      	mov	r4, r0
10003fe8:	f000 f9de 	bl	100043a8 <runtime_run_per_core_initializers>
10003fec:	4623      	mov	r3, r4
10003fee:	e8bd 4010 	ldmia.w	sp!, {r4, lr}
10003ff2:	4718      	bx	r3

10003ff4 <multicore_launch_core1_raw>:
10003ff4:	b5f0      	push	{r4, r5, r6, r7, lr}
10003ff6:	4605      	mov	r5, r0
10003ff8:	b087      	sub	sp, #28
10003ffa:	2019      	movs	r0, #25
10003ffc:	4617      	mov	r7, r2
10003ffe:	460e      	mov	r6, r1
10004000:	f7ff f8e4 	bl	100031cc <irq_is_enabled>
10004004:	2100      	movs	r1, #0
10004006:	4604      	mov	r4, r0
10004008:	2019      	movs	r0, #25
1000400a:	f7ff f8c9 	bl	100031a0 <irq_set_enabled>
1000400e:	2100      	movs	r1, #0
10004010:	e9cd 6504 	strd	r6, r5, [sp, #16]
10004014:	9703      	str	r7, [sp, #12]
10004016:	2600      	movs	r6, #0
10004018:	2700      	movs	r7, #0
1000401a:	2201      	movs	r2, #1
1000401c:	f04f 4350 	mov.w	r3, #3489660928	@ 0xd0000000
10004020:	468c      	mov	ip, r1
10004022:	e9cd 6700 	strd	r6, r7, [sp]
10004026:	9202      	str	r2, [sp, #8]
10004028:	b1a9      	cbz	r1, 10004056 <multicore_launch_core1_raw+0x62>
1000402a:	6d1a      	ldr	r2, [r3, #80]	@ 0x50
1000402c:	0795      	lsls	r5, r2, #30
1000402e:	d5fc      	bpl.n	1000402a <multicore_launch_core1_raw+0x36>
10004030:	6559      	str	r1, [r3, #84]	@ 0x54
10004032:	bf40      	sev
10004034:	6d1a      	ldr	r2, [r3, #80]	@ 0x50
10004036:	07d0      	lsls	r0, r2, #31
10004038:	d403      	bmi.n	10004042 <multicore_launch_core1_raw+0x4e>
1000403a:	bf20      	wfe
1000403c:	6d1a      	ldr	r2, [r3, #80]	@ 0x50
1000403e:	07d2      	lsls	r2, r2, #31
10004040:	d5fb      	bpl.n	1000403a <multicore_launch_core1_raw+0x46>
10004042:	6d9a      	ldr	r2, [r3, #88]	@ 0x58
10004044:	428a      	cmp	r2, r1
10004046:	d00b      	beq.n	10004060 <multicore_launch_core1_raw+0x6c>
10004048:	f04f 0c00 	mov.w	ip, #0
1000404c:	eb0d 028c 	add.w	r2, sp, ip, lsl #2
10004050:	6811      	ldr	r1, [r2, #0]
10004052:	e7e9      	b.n	10004028 <multicore_launch_core1_raw+0x34>
10004054:	6d9a      	ldr	r2, [r3, #88]	@ 0x58
10004056:	6d1a      	ldr	r2, [r3, #80]	@ 0x50
10004058:	07d6      	lsls	r6, r2, #31
1000405a:	d4fb      	bmi.n	10004054 <multicore_launch_core1_raw+0x60>
1000405c:	bf40      	sev
1000405e:	e7e4      	b.n	1000402a <multicore_launch_core1_raw+0x36>
10004060:	f10c 0c01 	add.w	ip, ip, #1
10004064:	f1bc 0f06 	cmp.w	ip, #6
10004068:	d1f0      	bne.n	1000404c <multicore_launch_core1_raw+0x58>
1000406a:	4621      	mov	r1, r4
1000406c:	2019      	movs	r0, #25
1000406e:	b007      	add	sp, #28
10004070:	e8bd 40f0 	ldmia.w	sp!, {r4, r5, r6, r7, lr}
10004074:	f7ff b894 	b.w	100031a0 <irq_set_enabled>

10004078 <multicore_launch_core1>:
10004078:	4b0c      	ldr	r3, [pc, #48]	@ (100040ac <multicore_launch_core1+0x34>)
1000407a:	4a0d      	ldr	r2, [pc, #52]	@ (100040b0 <multicore_launch_core1+0x38>)
1000407c:	4293      	cmp	r3, r2
1000407e:	d30e      	bcc.n	1000409e <multicore_launch_core1+0x26>
10004080:	469c      	mov	ip, r3
10004082:	f203 71f4 	addw	r1, r3, #2036	@ 0x7f4
10004086:	4a0b      	ldr	r2, [pc, #44]	@ (100040b4 <multicore_launch_core1+0x3c>)
10004088:	6892      	ldr	r2, [r2, #8]
1000408a:	f8cc 07f4 	str.w	r0, [ip, #2036]	@ 0x7f4
1000408e:	480a      	ldr	r0, [pc, #40]	@ (100040b8 <multicore_launch_core1+0x40>)
10004090:	f8cc 37f8 	str.w	r3, [ip, #2040]	@ 0x7f8
10004094:	f8cc 07fc 	str.w	r0, [ip, #2044]	@ 0x7fc
10004098:	4808      	ldr	r0, [pc, #32]	@ (100040bc <multicore_launch_core1+0x44>)
1000409a:	f7ff bfab 	b.w	10003ff4 <multicore_launch_core1_raw>
1000409e:	f04f 33ff 	mov.w	r3, #4294967295	@ 0xffffffff
100040a2:	f240 71f3 	movw	r1, #2035	@ 0x7f3
100040a6:	469c      	mov	ip, r3
100040a8:	e7ed      	b.n	10004086 <multicore_launch_core1+0xe>
100040aa:	bf00      	nop
100040ac:	20080800 	.word	0x20080800
100040b0:	20080000 	.word	0x20080000
100040b4:	e000ed00 	.word	0xe000ed00
100040b8:	10003fe5 	.word	0x10003fe5
100040bc:	10003fe1 	.word	0x10003fe1

100040c0 <multicore_doorbell_claim_unused>:
100040c0:	b5f8      	push	{r3, r4, r5, r6, r7, lr}
100040c2:	4604      	mov	r4, r0
100040c4:	4e3a      	ldr	r6, [pc, #232]	@ (100041b0 <multicore_doorbell_claim_unused+0xf0>)
100040c6:	460f      	mov	r7, r1
100040c8:	f7fe ff64 	bl	10002f94 <hw_claim_lock>
100040cc:	78b1      	ldrb	r1, [r6, #2]
100040ce:	f996 3000 	ldrsb.w	r3, [r6]
100040d2:	f001 0101 	and.w	r1, r1, #1
100040d6:	0fdb      	lsrs	r3, r3, #31
100040d8:	ea43 0341 	orr.w	r3, r3, r1, lsl #1
100040dc:	4223      	tst	r3, r4
100040de:	7832      	ldrb	r2, [r6, #0]
100040e0:	d056      	beq.n	10004190 <multicore_doorbell_claim_unused+0xd0>
100040e2:	f996 3001 	ldrsb.w	r3, [r6, #1]
100040e6:	f3c2 1180 	ubfx	r1, r2, #6, #1
100040ea:	0fdb      	lsrs	r3, r3, #31
100040ec:	ea41 0143 	orr.w	r1, r1, r3, lsl #1
100040f0:	4221      	tst	r1, r4
100040f2:	7873      	ldrb	r3, [r6, #1]
100040f4:	d04f      	beq.n	10004196 <multicore_doorbell_claim_unused+0xd6>
100040f6:	f3c3 1580 	ubfx	r5, r3, #6, #1
100040fa:	f3c2 1140 	ubfx	r1, r2, #5, #1
100040fe:	ea41 0145 	orr.w	r1, r1, r5, lsl #1
10004102:	4221      	tst	r1, r4
10004104:	d04a      	beq.n	1000419c <multicore_doorbell_claim_unused+0xdc>
10004106:	f3c3 1540 	ubfx	r5, r3, #5, #1
1000410a:	f3c2 1100 	ubfx	r1, r2, #4, #1
1000410e:	ea41 0145 	orr.w	r1, r1, r5, lsl #1
10004112:	4221      	tst	r1, r4
10004114:	d045      	beq.n	100041a2 <multicore_doorbell_claim_unused+0xe2>
10004116:	f3c3 1500 	ubfx	r5, r3, #4, #1
1000411a:	f3c2 01c0 	ubfx	r1, r2, #3, #1
1000411e:	ea41 0145 	orr.w	r1, r1, r5, lsl #1
10004122:	4221      	tst	r1, r4
10004124:	d040      	beq.n	100041a8 <multicore_doorbell_claim_unused+0xe8>
10004126:	f3c3 05c0 	ubfx	r5, r3, #3, #1
1000412a:	f3c2 0180 	ubfx	r1, r2, #2, #1
1000412e:	ea41 0145 	orr.w	r1, r1, r5, lsl #1
10004132:	4221      	tst	r1, r4
10004134:	d012      	beq.n	1000415c <multicore_doorbell_claim_unused+0x9c>
10004136:	f3c3 0580 	ubfx	r5, r3, #2, #1
1000413a:	f3c2 0140 	ubfx	r1, r2, #1, #1
1000413e:	ea41 0145 	orr.w	r1, r1, r5, lsl #1
10004142:	4221      	tst	r1, r4
10004144:	d019      	beq.n	1000417a <multicore_doorbell_claim_unused+0xba>
10004146:	f003 0502 	and.w	r5, r3, #2
1000414a:	f002 0301 	and.w	r3, r2, #1
1000414e:	431d      	orrs	r5, r3
10004150:	4025      	ands	r5, r4
10004152:	d015      	beq.n	10004180 <multicore_doorbell_claim_unused+0xc0>
10004154:	b1b7      	cbz	r7, 10004184 <multicore_doorbell_claim_unused+0xc4>
10004156:	4817      	ldr	r0, [pc, #92]	@ (100041b4 <multicore_doorbell_claim_unused+0xf4>)
10004158:	f7fe ff04 	bl	10002f64 <panic>
1000415c:	2502      	movs	r5, #2
1000415e:	2304      	movs	r3, #4
10004160:	07e1      	lsls	r1, r4, #31
10004162:	bf44      	itt	mi
10004164:	431a      	orrmi	r2, r3
10004166:	7032      	strbmi	r2, [r6, #0]
10004168:	07a2      	lsls	r2, r4, #30
1000416a:	d502      	bpl.n	10004172 <multicore_doorbell_claim_unused+0xb2>
1000416c:	7872      	ldrb	r2, [r6, #1]
1000416e:	4313      	orrs	r3, r2
10004170:	7073      	strb	r3, [r6, #1]
10004172:	f7fe ff21 	bl	10002fb8 <hw_claim_unlock>
10004176:	4628      	mov	r0, r5
10004178:	bdf8      	pop	{r3, r4, r5, r6, r7, pc}
1000417a:	2501      	movs	r5, #1
1000417c:	2302      	movs	r3, #2
1000417e:	e7ef      	b.n	10004160 <multicore_doorbell_claim_unused+0xa0>
10004180:	2301      	movs	r3, #1
10004182:	e7ed      	b.n	10004160 <multicore_doorbell_claim_unused+0xa0>
10004184:	f06f 0508 	mvn.w	r5, #8
10004188:	f7fe ff16 	bl	10002fb8 <hw_claim_unlock>
1000418c:	4628      	mov	r0, r5
1000418e:	bdf8      	pop	{r3, r4, r5, r6, r7, pc}
10004190:	2507      	movs	r5, #7
10004192:	2380      	movs	r3, #128	@ 0x80
10004194:	e7e4      	b.n	10004160 <multicore_doorbell_claim_unused+0xa0>
10004196:	2506      	movs	r5, #6
10004198:	2340      	movs	r3, #64	@ 0x40
1000419a:	e7e1      	b.n	10004160 <multicore_doorbell_claim_unused+0xa0>
1000419c:	2505      	movs	r5, #5
1000419e:	2320      	movs	r3, #32
100041a0:	e7de      	b.n	10004160 <multicore_doorbell_claim_unused+0xa0>
100041a2:	2504      	movs	r5, #4
100041a4:	2310      	movs	r3, #16
100041a6:	e7db      	b.n	10004160 <multicore_doorbell_claim_unused+0xa0>
100041a8:	2503      	movs	r5, #3
100041aa:	2308      	movs	r3, #8
100041ac:	e7d8      	b.n	10004160 <multicore_doorbell_claim_unused+0xa0>
100041ae:	bf00      	nop
100041b0:	20001a98 	.word	0x20001a98
100041b4:	100072d8 	.word	0x100072d8

100041b8 <pvPortMalloc>:
100041b8:	b5f8      	push	{r3, r4, r5, r6, r7, lr}
100041ba:	1e43      	subs	r3, r0, #1
100041bc:	330a      	adds	r3, #10
100041be:	d811      	bhi.n	100041e4 <pvPortMalloc+0x2c>
100041c0:	f010 0307 	ands.w	r3, r0, #7
100041c4:	f100 0408 	add.w	r4, r0, #8
100041c8:	d06b      	beq.n	100042a2 <pvPortMalloc+0xea>
100041ca:	f1a3 0209 	sub.w	r2, r3, #9
100041ce:	42a2      	cmp	r2, r4
100041d0:	d308      	bcc.n	100041e4 <pvPortMalloc+0x2c>
100041d2:	3010      	adds	r0, #16
100041d4:	1ac4      	subs	r4, r0, r3
100041d6:	f7fd fb87 	bl	100018e8 <vTaskSuspendAll>
100041da:	4937      	ldr	r1, [pc, #220]	@ (100042b8 <pvPortMalloc+0x100>)
100041dc:	4622      	mov	r2, r4
100041de:	680e      	ldr	r6, [r1, #0]
100041e0:	bb2e      	cbnz	r6, 1000422e <pvPortMalloc+0x76>
100041e2:	e00c      	b.n	100041fe <pvPortMalloc+0x46>
100041e4:	f7fd fb80 	bl	100018e8 <vTaskSuspendAll>
100041e8:	4933      	ldr	r1, [pc, #204]	@ (100042b8 <pvPortMalloc+0x100>)
100041ea:	680a      	ldr	r2, [r1, #0]
100041ec:	b132      	cbz	r2, 100041fc <pvPortMalloc+0x44>
100041ee:	2600      	movs	r6, #0
100041f0:	f7fe fa82 	bl	100026f8 <xTaskResumeAll>
100041f4:	f7fc f84e 	bl	10000294 <vApplicationMallocFailedHook>
100041f8:	4630      	mov	r0, r6
100041fa:	bdf8      	pop	{r3, r4, r5, r6, r7, pc}
100041fc:	4614      	mov	r4, r2
100041fe:	4b2f      	ldr	r3, [pc, #188]	@ (100042bc <pvPortMalloc+0x104>)
10004200:	2500      	movs	r5, #0
10004202:	0758      	lsls	r0, r3, #29
10004204:	bf1c      	itt	ne
10004206:	3307      	addne	r3, #7
10004208:	f023 0307 	bicne.w	r3, r3, #7
1000420c:	4618      	mov	r0, r3
1000420e:	4e2c      	ldr	r6, [pc, #176]	@ (100042c0 <pvPortMalloc+0x108>)
10004210:	f026 0607 	bic.w	r6, r6, #7
10004214:	600e      	str	r6, [r1, #0]
10004216:	492b      	ldr	r1, [pc, #172]	@ (100042c4 <pvPortMalloc+0x10c>)
10004218:	1af3      	subs	r3, r6, r3
1000421a:	e9c1 0500 	strd	r0, r5, [r1]
1000421e:	492a      	ldr	r1, [pc, #168]	@ (100042c8 <pvPortMalloc+0x110>)
10004220:	e9c6 5500 	strd	r5, r5, [r6]
10004224:	600b      	str	r3, [r1, #0]
10004226:	e9c0 6300 	strd	r6, r3, [r0]
1000422a:	4928      	ldr	r1, [pc, #160]	@ (100042cc <pvPortMalloc+0x114>)
1000422c:	600b      	str	r3, [r1, #0]
1000422e:	2a00      	cmp	r2, #0
10004230:	dbdd      	blt.n	100041ee <pvPortMalloc+0x36>
10004232:	2c00      	cmp	r4, #0
10004234:	d0db      	beq.n	100041ee <pvPortMalloc+0x36>
10004236:	4f25      	ldr	r7, [pc, #148]	@ (100042cc <pvPortMalloc+0x114>)
10004238:	683d      	ldr	r5, [r7, #0]
1000423a:	42a5      	cmp	r5, r4
1000423c:	d3d7      	bcc.n	100041ee <pvPortMalloc+0x36>
1000423e:	4b21      	ldr	r3, [pc, #132]	@ (100042c4 <pvPortMalloc+0x10c>)
10004240:	4618      	mov	r0, r3
10004242:	681b      	ldr	r3, [r3, #0]
10004244:	e003      	b.n	1000424e <pvPortMalloc+0x96>
10004246:	681a      	ldr	r2, [r3, #0]
10004248:	b122      	cbz	r2, 10004254 <pvPortMalloc+0x9c>
1000424a:	4618      	mov	r0, r3
1000424c:	4613      	mov	r3, r2
1000424e:	6859      	ldr	r1, [r3, #4]
10004250:	42a1      	cmp	r1, r4
10004252:	d3f8      	bcc.n	10004246 <pvPortMalloc+0x8e>
10004254:	42b3      	cmp	r3, r6
10004256:	d0ca      	beq.n	100041ee <pvPortMalloc+0x36>
10004258:	461e      	mov	r6, r3
1000425a:	eba1 0c04 	sub.w	ip, r1, r4
1000425e:	f856 2b08 	ldr.w	r2, [r6], #8
10004262:	f1bc 0f10 	cmp.w	ip, #16
10004266:	6002      	str	r2, [r0, #0]
10004268:	d907      	bls.n	1000427a <pvPortMalloc+0xc2>
1000426a:	4621      	mov	r1, r4
1000426c:	eb03 0e04 	add.w	lr, r3, r4
10004270:	f8ce c004 	str.w	ip, [lr, #4]
10004274:	511a      	str	r2, [r3, r4]
10004276:	f8c0 e000 	str.w	lr, [r0]
1000427a:	2400      	movs	r4, #0
1000427c:	4a12      	ldr	r2, [pc, #72]	@ (100042c8 <pvPortMalloc+0x110>)
1000427e:	1a6d      	subs	r5, r5, r1
10004280:	6810      	ldr	r0, [r2, #0]
10004282:	f041 4100 	orr.w	r1, r1, #2147483648	@ 0x80000000
10004286:	4285      	cmp	r5, r0
10004288:	4811      	ldr	r0, [pc, #68]	@ (100042d0 <pvPortMalloc+0x118>)
1000428a:	bf38      	it	cc
1000428c:	6015      	strcc	r5, [r2, #0]
1000428e:	6802      	ldr	r2, [r0, #0]
10004290:	6059      	str	r1, [r3, #4]
10004292:	3201      	adds	r2, #1
10004294:	601c      	str	r4, [r3, #0]
10004296:	603d      	str	r5, [r7, #0]
10004298:	6002      	str	r2, [r0, #0]
1000429a:	f7fe fa2d 	bl	100026f8 <xTaskResumeAll>
1000429e:	4630      	mov	r0, r6
100042a0:	bdf8      	pop	{r3, r4, r5, r6, r7, pc}
100042a2:	f7fd fb21 	bl	100018e8 <vTaskSuspendAll>
100042a6:	4904      	ldr	r1, [pc, #16]	@ (100042b8 <pvPortMalloc+0x100>)
100042a8:	4622      	mov	r2, r4
100042aa:	680e      	ldr	r6, [r1, #0]
100042ac:	2e00      	cmp	r6, #0
100042ae:	d0a6      	beq.n	100041fe <pvPortMalloc+0x46>
100042b0:	2c00      	cmp	r4, #0
100042b2:	dac0      	bge.n	10004236 <pvPortMalloc+0x7e>
100042b4:	e79b      	b.n	100041ee <pvPortMalloc+0x36>
100042b6:	bf00      	nop
100042b8:	20001f04 	.word	0x20001f04
100042bc:	200021a4 	.word	0x200021a4
100042c0:	2002219c 	.word	0x2002219c
100042c4:	20022274 	.word	0x20022274
100042c8:	20022244 	.word	0x20022244
100042cc:	20022234 	.word	0x20022234
100042d0:	20022250 	.word	0x20022250

100042d4 <vPortFree>:
100042d4:	b390      	cbz	r0, 1000433c <vPortFree+0x68>
100042d6:	b538      	push	{r3, r4, r5, lr}
100042d8:	f850 3c04 	ldr.w	r3, [r0, #-4]
100042dc:	4604      	mov	r4, r0
100042de:	2b00      	cmp	r3, #0
100042e0:	db00      	blt.n	100042e4 <vPortFree+0x10>
100042e2:	bd38      	pop	{r3, r4, r5, pc}
100042e4:	f850 2c08 	ldr.w	r2, [r0, #-8]
100042e8:	2a00      	cmp	r2, #0
100042ea:	d1fa      	bne.n	100042e2 <vPortFree+0xe>
100042ec:	f023 4300 	bic.w	r3, r3, #2147483648	@ 0x80000000
100042f0:	f840 3c04 	str.w	r3, [r0, #-4]
100042f4:	f1a0 0508 	sub.w	r5, r0, #8
100042f8:	f7fd faf6 	bl	100018e8 <vTaskSuspendAll>
100042fc:	481a      	ldr	r0, [pc, #104]	@ (10004368 <vPortFree+0x94>)
100042fe:	f854 1c04 	ldr.w	r1, [r4, #-4]
10004302:	6802      	ldr	r2, [r0, #0]
10004304:	4b19      	ldr	r3, [pc, #100]	@ (1000436c <vPortFree+0x98>)
10004306:	440a      	add	r2, r1
10004308:	6002      	str	r2, [r0, #0]
1000430a:	461a      	mov	r2, r3
1000430c:	681b      	ldr	r3, [r3, #0]
1000430e:	429d      	cmp	r5, r3
10004310:	d8fb      	bhi.n	1000430a <vPortFree+0x36>
10004312:	6850      	ldr	r0, [r2, #4]
10004314:	eb02 0c00 	add.w	ip, r2, r0
10004318:	4565      	cmp	r5, ip
1000431a:	d010      	beq.n	1000433e <vPortFree+0x6a>
1000431c:	1868      	adds	r0, r5, r1
1000431e:	4283      	cmp	r3, r0
10004320:	d01d      	beq.n	1000435e <vPortFree+0x8a>
10004322:	f844 3c08 	str.w	r3, [r4, #-8]
10004326:	42aa      	cmp	r2, r5
10004328:	bf18      	it	ne
1000432a:	6015      	strne	r5, [r2, #0]
1000432c:	4a10      	ldr	r2, [pc, #64]	@ (10004370 <vPortFree+0x9c>)
1000432e:	6813      	ldr	r3, [r2, #0]
10004330:	3301      	adds	r3, #1
10004332:	6013      	str	r3, [r2, #0]
10004334:	e8bd 4038 	ldmia.w	sp!, {r3, r4, r5, lr}
10004338:	f7fe b9de 	b.w	100026f8 <xTaskResumeAll>
1000433c:	4770      	bx	lr
1000433e:	4401      	add	r1, r0
10004340:	1850      	adds	r0, r2, r1
10004342:	4283      	cmp	r3, r0
10004344:	6051      	str	r1, [r2, #4]
10004346:	d1f1      	bne.n	1000432c <vPortFree+0x58>
10004348:	480a      	ldr	r0, [pc, #40]	@ (10004374 <vPortFree+0xa0>)
1000434a:	6800      	ldr	r0, [r0, #0]
1000434c:	4298      	cmp	r0, r3
1000434e:	d0ed      	beq.n	1000432c <vPortFree+0x58>
10004350:	4615      	mov	r5, r2
10004352:	e9d3 4000 	ldrd	r4, r0, [r3]
10004356:	4401      	add	r1, r0
10004358:	e9c5 4100 	strd	r4, r1, [r5]
1000435c:	e7e3      	b.n	10004326 <vPortFree+0x52>
1000435e:	4805      	ldr	r0, [pc, #20]	@ (10004374 <vPortFree+0xa0>)
10004360:	6800      	ldr	r0, [r0, #0]
10004362:	4283      	cmp	r3, r0
10004364:	d1f5      	bne.n	10004352 <vPortFree+0x7e>
10004366:	e7dc      	b.n	10004322 <vPortFree+0x4e>
10004368:	20022234 	.word	0x20022234
1000436c:	20022274 	.word	0x20022274
10004370:	20022254 	.word	0x20022254
10004374:	20001f04 	.word	0x20001f04

10004378 <first_per_core_initializer>:
10004378:	4770      	bx	lr
1000437a:	bf00      	nop

1000437c <hard_assertion_failure>:
1000437c:	b508      	push	{r3, lr}
1000437e:	4801      	ldr	r0, [pc, #4]	@ (10004384 <hard_assertion_failure+0x8>)
10004380:	f7fe fdf0 	bl	10002f64 <panic>
10004384:	100072ec 	.word	0x100072ec

10004388 <runtime_run_initializers>:
10004388:	b538      	push	{r3, r4, r5, lr}
1000438a:	4c05      	ldr	r4, [pc, #20]	@ (100043a0 <runtime_run_initializers+0x18>)
1000438c:	4d05      	ldr	r5, [pc, #20]	@ (100043a4 <runtime_run_initializers+0x1c>)
1000438e:	42ac      	cmp	r4, r5
10004390:	d204      	bcs.n	1000439c <runtime_run_initializers+0x14>
10004392:	f854 3b04 	ldr.w	r3, [r4], #4
10004396:	4798      	blx	r3
10004398:	42ac      	cmp	r4, r5
1000439a:	d3fa      	bcc.n	10004392 <runtime_run_initializers+0xa>
1000439c:	bd38      	pop	{r3, r4, r5, pc}
1000439e:	bf00      	nop
100043a0:	100071e8 	.word	0x100071e8
100043a4:	10007228 	.word	0x10007228

100043a8 <runtime_run_per_core_initializers>:
100043a8:	b538      	push	{r3, r4, r5, lr}
100043aa:	4c05      	ldr	r4, [pc, #20]	@ (100043c0 <runtime_run_per_core_initializers+0x18>)
100043ac:	4d05      	ldr	r5, [pc, #20]	@ (100043c4 <runtime_run_per_core_initializers+0x1c>)
100043ae:	42ac      	cmp	r4, r5
100043b0:	d204      	bcs.n	100043bc <runtime_run_per_core_initializers+0x14>
100043b2:	f854 3b04 	ldr.w	r3, [r4], #4
100043b6:	4798      	blx	r3
100043b8:	42ac      	cmp	r4, r5
100043ba:	d3fa      	bcc.n	100043b2 <runtime_run_per_core_initializers+0xa>
100043bc:	bd38      	pop	{r3, r4, r5, pc}
100043be:	bf00      	nop
100043c0:	10007214 	.word	0x10007214
100043c4:	10007228 	.word	0x10007228

100043c8 <runtime_init_early_resets>:
100043c8:	b410      	push	{r4}
100043ca:	4807      	ldr	r0, [pc, #28]	@ (100043e8 <runtime_init_early_resets+0x20>)
100043cc:	4c07      	ldr	r4, [pc, #28]	@ (100043ec <runtime_init_early_resets+0x24>)
100043ce:	4b08      	ldr	r3, [pc, #32]	@ (100043f0 <runtime_init_early_resets+0x28>)
100043d0:	4a08      	ldr	r2, [pc, #32]	@ (100043f4 <runtime_init_early_resets+0x2c>)
100043d2:	4909      	ldr	r1, [pc, #36]	@ (100043f8 <runtime_init_early_resets+0x30>)
100043d4:	6004      	str	r4, [r0, #0]
100043d6:	601a      	str	r2, [r3, #0]
100043d8:	688b      	ldr	r3, [r1, #8]
100043da:	ea32 0303 	bics.w	r3, r2, r3
100043de:	d1fb      	bne.n	100043d8 <runtime_init_early_resets+0x10>
100043e0:	f85d 4b04 	ldr.w	r4, [sp], #4
100043e4:	4770      	bx	lr
100043e6:	bf00      	nop
100043e8:	40022000 	.word	0x40022000
100043ec:	efef3b7f 	.word	0xefef3b7f
100043f0:	40023000 	.word	0x40023000
100043f4:	03f3fff6 	.word	0x03f3fff6
100043f8:	40020000 	.word	0x40020000

100043fc <runtime_init_usb_power_down>:
100043fc:	4b04      	ldr	r3, [pc, #16]	@ (10004410 <runtime_init_usb_power_down+0x14>)
100043fe:	6cdb      	ldr	r3, [r3, #76]	@ 0x4c
10004400:	f5b3 4f00 	cmp.w	r3, #32768	@ 0x8000
10004404:	d103      	bne.n	1000440e <runtime_init_usb_power_down+0x12>
10004406:	f44f 2280 	mov.w	r2, #262144	@ 0x40000
1000440a:	4b02      	ldr	r3, [pc, #8]	@ (10004414 <runtime_init_usb_power_down+0x18>)
1000440c:	64da      	str	r2, [r3, #76]	@ 0x4c
1000440e:	4770      	bx	lr
10004410:	50110000 	.word	0x50110000
10004414:	50112000 	.word	0x50112000

10004418 <runtime_init_per_core_enable_coprocessors>:
10004418:	f04f 22e0 	mov.w	r2, #3758153728	@ 0xe000e000
1000441c:	4b04      	ldr	r3, [pc, #16]	@ (10004430 <runtime_init_per_core_enable_coprocessors+0x18>)
1000441e:	f8d2 1d88 	ldr.w	r1, [r2, #3464]	@ 0xd88
10004422:	430b      	orrs	r3, r1
10004424:	f8c2 3d88 	str.w	r3, [r2, #3464]	@ 0xd88
10004428:	ee10 0430 			dcp_rcmp r0
1000442c:	4770      	bx	lr
1000442e:	bf00      	nop
10004430:	00300303 	.word	0x00300303

10004434 <runtime_init_post_clock_resets>:
10004434:	f06f 4160 	mvn.w	r1, #3758096384	@ 0xe0000000
10004438:	4b04      	ldr	r3, [pc, #16]	@ (1000444c <runtime_init_post_clock_resets+0x18>)
1000443a:	4a05      	ldr	r2, [pc, #20]	@ (10004450 <runtime_init_post_clock_resets+0x1c>)
1000443c:	6019      	str	r1, [r3, #0]
1000443e:	6893      	ldr	r3, [r2, #8]
10004440:	43db      	mvns	r3, r3
10004442:	f033 4360 	bics.w	r3, r3, #3758096384	@ 0xe0000000
10004446:	d1fa      	bne.n	1000443e <runtime_init_post_clock_resets+0xa>
10004448:	4770      	bx	lr
1000444a:	bf00      	nop
1000444c:	40023000 	.word	0x40023000
10004450:	40020000 	.word	0x40020000

10004454 <runtime_init_bootrom_reset>:
10004454:	b510      	push	{r4, lr}
10004456:	f245 2053 	movw	r0, #21075	@ 0x5253
1000445a:	f7ff fd51 	bl	10003f00 <rom_func_lookup>
1000445e:	e8bd 4010 	ldmia.w	sp!, {r4, lr}
10004462:	4603      	mov	r3, r0
10004464:	2004      	movs	r0, #4
10004466:	4718      	bx	r3

10004468 <runtime_init_per_core_bootrom_reset>:
10004468:	b510      	push	{r4, lr}
1000446a:	f245 2053 	movw	r0, #21075	@ 0x5253
1000446e:	f7ff fd47 	bl	10003f00 <rom_func_lookup>
10004472:	e8bd 4010 	ldmia.w	sp!, {r4, lr}
10004476:	4603      	mov	r3, r0
10004478:	2001      	movs	r0, #1
1000447a:	4718      	bx	r3

1000447c <runtime_init_spin_locks_reset>:
1000447c:	f7fe be40 	b.w	10003100 <spin_locks_reset>

10004480 <runtime_init_install_ram_vector_table>:
10004480:	4914      	ldr	r1, [pc, #80]	@ (100044d4 <runtime_init_install_ram_vector_table+0x54>)
10004482:	4b15      	ldr	r3, [pc, #84]	@ (100044d8 <runtime_init_install_ram_vector_table+0x58>)
10004484:	b570      	push	{r4, r5, r6, lr}
10004486:	1a5c      	subs	r4, r3, r1
10004488:	10a6      	asrs	r6, r4, #2
1000448a:	2e44      	cmp	r6, #68	@ 0x44
1000448c:	4632      	mov	r2, r6
1000448e:	bf28      	it	cs
10004490:	2244      	movcs	r2, #68	@ 0x44
10004492:	4d12      	ldr	r5, [pc, #72]	@ (100044dc <runtime_init_install_ram_vector_table+0x5c>)
10004494:	0092      	lsls	r2, r2, #2
10004496:	4628      	mov	r0, r5
10004498:	f002 fdd6 	bl	10007048 <memcpy>
1000449c:	f5b4 7f86 	cmp.w	r4, #268	@ 0x10c
100044a0:	d813      	bhi.n	100044ca <runtime_init_install_ram_vector_table+0x4a>
100044a2:	4a0f      	ldr	r2, [pc, #60]	@ (100044e0 <runtime_init_install_ram_vector_table+0x60>)
100044a4:	f1c6 0044 	rsb	r0, r6, #68	@ 0x44
100044a8:	d012      	beq.n	100044d0 <runtime_init_install_ram_vector_table+0x50>
100044aa:	192b      	adds	r3, r5, r4
100044ac:	0841      	lsrs	r1, r0, #1
100044ae:	eb03 01c1 	add.w	r1, r3, r1, lsl #3
100044b2:	e9c3 2200 	strd	r2, r2, [r3]
100044b6:	3308      	adds	r3, #8
100044b8:	428b      	cmp	r3, r1
100044ba:	d1fa      	bne.n	100044b2 <runtime_init_install_ram_vector_table+0x32>
100044bc:	07c3      	lsls	r3, r0, #31
100044be:	d504      	bpl.n	100044ca <runtime_init_install_ram_vector_table+0x4a>
100044c0:	f020 0001 	bic.w	r0, r0, #1
100044c4:	4430      	add	r0, r6
100044c6:	f845 2020 	str.w	r2, [r5, r0, lsl #2]
100044ca:	4b06      	ldr	r3, [pc, #24]	@ (100044e4 <runtime_init_install_ram_vector_table+0x64>)
100044cc:	609d      	str	r5, [r3, #8]
100044ce:	bd70      	pop	{r4, r5, r6, pc}
100044d0:	2043      	movs	r0, #67	@ 0x43
100044d2:	e7f8      	b.n	100044c6 <runtime_init_install_ram_vector_table+0x46>
100044d4:	10000000 	.word	0x10000000
100044d8:	10000110 	.word	0x10000110
100044dc:	20000000 	.word	0x20000000
100044e0:	10000111 	.word	0x10000111
100044e4:	e000ed00 	.word	0xe000ed00

100044e8 <runtime_init_clocks>:
100044e8:	2300      	movs	r3, #0
100044ea:	b570      	push	{r4, r5, r6, lr}
100044ec:	4c2b      	ldr	r4, [pc, #172]	@ (1000459c <runtime_init_clocks+0xb4>)
100044ee:	b082      	sub	sp, #8
100044f0:	f8c4 3084 	str.w	r3, [r4, #132]	@ 0x84
100044f4:	f7ff fd36 	bl	10003f64 <xosc_init>
100044f8:	2201      	movs	r2, #1
100044fa:	4b29      	ldr	r3, [pc, #164]	@ (100045a0 <runtime_init_clocks+0xb8>)
100044fc:	63da      	str	r2, [r3, #60]	@ 0x3c
100044fe:	6c63      	ldr	r3, [r4, #68]	@ 0x44
10004500:	2b01      	cmp	r3, #1
10004502:	d1fc      	bne.n	100044fe <runtime_init_clocks+0x16>
10004504:	2103      	movs	r1, #3
10004506:	4a26      	ldr	r2, [pc, #152]	@ (100045a0 <runtime_init_clocks+0xb8>)
10004508:	4b24      	ldr	r3, [pc, #144]	@ (1000459c <runtime_init_clocks+0xb4>)
1000450a:	6311      	str	r1, [r2, #48]	@ 0x30
1000450c:	6b9c      	ldr	r4, [r3, #56]	@ 0x38
1000450e:	2c01      	cmp	r4, #1
10004510:	d1fc      	bne.n	1000450c <runtime_init_clocks+0x24>
10004512:	2602      	movs	r6, #2
10004514:	2505      	movs	r5, #5
10004516:	4621      	mov	r1, r4
10004518:	2305      	movs	r3, #5
1000451a:	4a22      	ldr	r2, [pc, #136]	@ (100045a4 <runtime_init_clocks+0xbc>)
1000451c:	4822      	ldr	r0, [pc, #136]	@ (100045a8 <runtime_init_clocks+0xc0>)
1000451e:	9600      	str	r6, [sp, #0]
10004520:	f7ff fc36 	bl	10003d90 <pll_init>
10004524:	4621      	mov	r1, r4
10004526:	462b      	mov	r3, r5
10004528:	4a20      	ldr	r2, [pc, #128]	@ (100045ac <runtime_init_clocks+0xc4>)
1000452a:	4821      	ldr	r0, [pc, #132]	@ (100045b0 <runtime_init_clocks+0xc8>)
1000452c:	9500      	str	r5, [sp, #0]
1000452e:	f7ff fc2f 	bl	10003d90 <pll_init>
10004532:	2200      	movs	r2, #0
10004534:	2004      	movs	r0, #4
10004536:	4631      	mov	r1, r6
10004538:	4b1e      	ldr	r3, [pc, #120]	@ (100045b4 <runtime_init_clocks+0xcc>)
1000453a:	f7fe fca5 	bl	10002e88 <clock_configure_undivided>
1000453e:	4621      	mov	r1, r4
10004540:	4628      	mov	r0, r5
10004542:	2200      	movs	r2, #0
10004544:	4b1c      	ldr	r3, [pc, #112]	@ (100045b8 <runtime_init_clocks+0xd0>)
10004546:	f7fe fc9f 	bl	10002e88 <clock_configure_undivided>
1000454a:	2200      	movs	r2, #0
1000454c:	2008      	movs	r0, #8
1000454e:	4611      	mov	r1, r2
10004550:	4b1a      	ldr	r3, [pc, #104]	@ (100045bc <runtime_init_clocks+0xd4>)
10004552:	f7fe fc99 	bl	10002e88 <clock_configure_undivided>
10004556:	2200      	movs	r2, #0
10004558:	2009      	movs	r0, #9
1000455a:	4611      	mov	r1, r2
1000455c:	4b17      	ldr	r3, [pc, #92]	@ (100045bc <runtime_init_clocks+0xd4>)
1000455e:	f7fe fc93 	bl	10002e88 <clock_configure_undivided>
10004562:	2200      	movs	r2, #0
10004564:	2006      	movs	r0, #6
10004566:	4611      	mov	r1, r2
10004568:	4b13      	ldr	r3, [pc, #76]	@ (100045b8 <runtime_init_clocks+0xd0>)
1000456a:	f7fe fc8d 	bl	10002e88 <clock_configure_undivided>
1000456e:	2200      	movs	r2, #0
10004570:	4b11      	ldr	r3, [pc, #68]	@ (100045b8 <runtime_init_clocks+0xd0>)
10004572:	2007      	movs	r0, #7
10004574:	4611      	mov	r1, r2
10004576:	f7fe fc87 	bl	10002e88 <clock_configure_undivided>
1000457a:	2004      	movs	r0, #4
1000457c:	f7fe fcec 	bl	10002f58 <clock_get_hz>
10004580:	2400      	movs	r4, #0
10004582:	4b0f      	ldr	r3, [pc, #60]	@ (100045c0 <runtime_init_clocks+0xd8>)
10004584:	fba3 3500 	umull	r3, r5, r3, r0
10004588:	0cad      	lsrs	r5, r5, #18
1000458a:	b2e0      	uxtb	r0, r4
1000458c:	4629      	mov	r1, r5
1000458e:	3401      	adds	r4, #1
10004590:	f7ff fc90 	bl	10003eb4 <tick_start>
10004594:	2c06      	cmp	r4, #6
10004596:	d1f8      	bne.n	1000458a <runtime_init_clocks+0xa2>
10004598:	b002      	add	sp, #8
1000459a:	bd70      	pop	{r4, r5, r6, pc}
1000459c:	40010000 	.word	0x40010000
100045a0:	40013000 	.word	0x40013000
100045a4:	59682f00 	.word	0x59682f00
100045a8:	40050000 	.word	0x40050000
100045ac:	47868c00 	.word	0x47868c00
100045b0:	40058000 	.word	0x40058000
100045b4:	00b71b00 	.word	0x00b71b00
100045b8:	08f0d180 	.word	0x08f0d180
100045bc:	02dc6c00 	.word	0x02dc6c00
100045c0:	431bde83 	.word	0x431bde83

100045c4 <_out_char>:
100045c4:	b900      	cbnz	r0, 100045c8 <_out_char+0x4>
100045c6:	4770      	bx	lr
100045c8:	f000 b918 	b.w	100047fc <__wrap_putchar>

100045cc <weak_raw_vprintf>:
100045cc:	b510      	push	{r4, lr}
100045ce:	4b09      	ldr	r3, [pc, #36]	@ (100045f4 <weak_raw_vprintf+0x28>)
100045d0:	b084      	sub	sp, #16
100045d2:	681c      	ldr	r4, [r3, #0]
100045d4:	b14c      	cbz	r4, 100045ea <weak_raw_vprintf+0x1e>
100045d6:	4603      	mov	r3, r0
100045d8:	9100      	str	r1, [sp, #0]
100045da:	f04f 32ff 	mov.w	r2, #4294967295	@ 0xffffffff
100045de:	a903      	add	r1, sp, #12
100045e0:	4805      	ldr	r0, [pc, #20]	@ (100045f8 <weak_raw_vprintf+0x2c>)
100045e2:	47a0      	blx	r4
100045e4:	2001      	movs	r0, #1
100045e6:	b004      	add	sp, #16
100045e8:	bd10      	pop	{r4, pc}
100045ea:	f000 f949 	bl	10004880 <__wrap_puts>
100045ee:	4620      	mov	r0, r4
100045f0:	b004      	add	sp, #16
100045f2:	bd10      	pop	{r4, pc}
100045f4:	20001ea8 	.word	0x20001ea8
100045f8:	100045c5 	.word	0x100045c5

100045fc <_exit>:
100045fc:	be00      	bkpt	0x0000
100045fe:	e7fd      	b.n	100045fc <_exit>

10004600 <exit>:
10004600:	b508      	push	{r3, lr}
10004602:	f7ff fffb 	bl	100045fc <_exit>
10004606:	bf00      	nop

10004608 <runtime_init>:
10004608:	b538      	push	{r3, r4, r5, lr}
1000460a:	4c06      	ldr	r4, [pc, #24]	@ (10004624 <runtime_init+0x1c>)
1000460c:	4d06      	ldr	r5, [pc, #24]	@ (10004628 <runtime_init+0x20>)
1000460e:	f7ff febb 	bl	10004388 <runtime_run_initializers>
10004612:	42ac      	cmp	r4, r5
10004614:	d204      	bcs.n	10004620 <runtime_init+0x18>
10004616:	f854 3b04 	ldr.w	r3, [r4], #4
1000461a:	4798      	blx	r3
1000461c:	42ac      	cmp	r4, r5
1000461e:	d3fa      	bcc.n	10004616 <runtime_init+0xe>
10004620:	bd38      	pop	{r3, r4, r5, pc}
10004622:	bf00      	nop
10004624:	10007228 	.word	0x10007228
10004628:	10007234 	.word	0x10007234

1000462c <stdio_out_chars_no_crlf>:
1000462c:	6803      	ldr	r3, [r0, #0]
1000462e:	4608      	mov	r0, r1
10004630:	4611      	mov	r1, r2
10004632:	4718      	bx	r3

10004634 <stdio_out_chars_crlf>:
10004634:	e92d 41f0 	stmdb	sp!, {r4, r5, r6, r7, r8, lr}
10004638:	4615      	mov	r5, r2
1000463a:	7d42      	ldrb	r2, [r0, #21]
1000463c:	4607      	mov	r7, r0
1000463e:	4688      	mov	r8, r1
10004640:	2a00      	cmp	r2, #0
10004642:	d046      	beq.n	100046d2 <stdio_out_chars_crlf+0x9e>
10004644:	2d00      	cmp	r5, #0
10004646:	dd1d      	ble.n	10004684 <stdio_out_chars_crlf+0x50>
10004648:	780b      	ldrb	r3, [r1, #0]
1000464a:	2b0a      	cmp	r3, #10
1000464c:	d023      	beq.n	10004696 <stdio_out_chars_crlf+0x62>
1000464e:	2d01      	cmp	r5, #1
10004650:	f04f 0c00 	mov.w	ip, #0
10004654:	d018      	beq.n	10004688 <stdio_out_chars_crlf+0x54>
10004656:	4646      	mov	r6, r8
10004658:	2401      	movs	r4, #1
1000465a:	f816 2f01 	ldrb.w	r2, [r6, #1]!
1000465e:	4621      	mov	r1, r4
10004660:	2a0a      	cmp	r2, #10
10004662:	f104 0401 	add.w	r4, r4, #1
10004666:	d022      	beq.n	100046ae <stdio_out_chars_crlf+0x7a>
10004668:	42a5      	cmp	r5, r4
1000466a:	d1f6      	bne.n	1000465a <stdio_out_chars_crlf+0x26>
1000466c:	4565      	cmp	r5, ip
1000466e:	dc0b      	bgt.n	10004688 <stdio_out_chars_crlf+0x54>
10004670:	eb08 0305 	add.w	r3, r8, r5
10004674:	f813 3c01 	ldrb.w	r3, [r3, #-1]
10004678:	f1a3 030d 	sub.w	r3, r3, #13
1000467c:	fab3 f383 	clz	r3, r3
10004680:	095b      	lsrs	r3, r3, #5
10004682:	753b      	strb	r3, [r7, #20]
10004684:	e8bd 81f0 	ldmia.w	sp!, {r4, r5, r6, r7, r8, pc}
10004688:	683b      	ldr	r3, [r7, #0]
1000468a:	eba5 010c 	sub.w	r1, r5, ip
1000468e:	eb08 000c 	add.w	r0, r8, ip
10004692:	4798      	blx	r3
10004694:	e7ec      	b.n	10004670 <stdio_out_chars_crlf+0x3c>
10004696:	7d03      	ldrb	r3, [r0, #20]
10004698:	2b00      	cmp	r3, #0
1000469a:	d1d8      	bne.n	1000464e <stdio_out_chars_crlf+0x1a>
1000469c:	6803      	ldr	r3, [r0, #0]
1000469e:	2102      	movs	r1, #2
100046a0:	480f      	ldr	r0, [pc, #60]	@ (100046e0 <stdio_out_chars_crlf+0xac>)
100046a2:	4798      	blx	r3
100046a4:	2d01      	cmp	r5, #1
100046a6:	d0e3      	beq.n	10004670 <stdio_out_chars_crlf+0x3c>
100046a8:	f04f 0c01 	mov.w	ip, #1
100046ac:	e7d3      	b.n	10004656 <stdio_out_chars_crlf+0x22>
100046ae:	f816 3c01 	ldrb.w	r3, [r6, #-1]
100046b2:	2b0d      	cmp	r3, #13
100046b4:	d0d8      	beq.n	10004668 <stdio_out_chars_crlf+0x34>
100046b6:	458c      	cmp	ip, r1
100046b8:	eb08 000c 	add.w	r0, r8, ip
100046bc:	eba1 010c 	sub.w	r1, r1, ip
100046c0:	da01      	bge.n	100046c6 <stdio_out_chars_crlf+0x92>
100046c2:	683b      	ldr	r3, [r7, #0]
100046c4:	4798      	blx	r3
100046c6:	2102      	movs	r1, #2
100046c8:	4805      	ldr	r0, [pc, #20]	@ (100046e0 <stdio_out_chars_crlf+0xac>)
100046ca:	683b      	ldr	r3, [r7, #0]
100046cc:	4798      	blx	r3
100046ce:	46a4      	mov	ip, r4
100046d0:	e7ca      	b.n	10004668 <stdio_out_chars_crlf+0x34>
100046d2:	4629      	mov	r1, r5
100046d4:	4640      	mov	r0, r8
100046d6:	683b      	ldr	r3, [r7, #0]
100046d8:	e8bd 41f0 	ldmia.w	sp!, {r4, r5, r6, r7, r8, lr}
100046dc:	4718      	bx	r3
100046de:	bf00      	nop
100046e0:	10007430 	.word	0x10007430

100046e4 <stdio_put_string>:
100046e4:	e92d 47f0 	stmdb	sp!, {r4, r5, r6, r7, r8, r9, sl, lr}
100046e8:	b082      	sub	sp, #8
100046ea:	460d      	mov	r5, r1
100046ec:	4691      	mov	r9, r2
100046ee:	461c      	mov	r4, r3
100046f0:	4606      	mov	r6, r0
100046f2:	f7ff fb43 	bl	10003d7c <time_us_64>
100046f6:	f04f 3cff 	mov.w	ip, #4294967295	@ 0xffffffff
100046fa:	f06f 4700 	mvn.w	r7, #2147483648	@ 0x80000000
100046fe:	4a2e      	ldr	r2, [pc, #184]	@ (100047b8 <stdio_put_string+0xd4>)
10004700:	1882      	adds	r2, r0, r2
10004702:	f141 0300 	adc.w	r3, r1, #0
10004706:	4594      	cmp	ip, r2
10004708:	eb77 0103 	sbcs.w	r1, r7, r3
1000470c:	bf3c      	itt	cc
1000470e:	4662      	movcc	r2, ip
10004710:	463b      	movcc	r3, r7
10004712:	482a      	ldr	r0, [pc, #168]	@ (100047bc <stdio_put_string+0xd8>)
10004714:	f002 fd5c 	bl	100071d0 <__mutex_try_enter_block_until_veneer>
10004718:	1c6b      	adds	r3, r5, #1
1000471a:	4680      	mov	r8, r0
1000471c:	d040      	beq.n	100047a0 <stdio_put_string+0xbc>
1000471e:	b30c      	cbz	r4, 10004764 <stdio_put_string+0x80>
10004720:	4f27      	ldr	r7, [pc, #156]	@ (100047c0 <stdio_put_string+0xdc>)
10004722:	4b28      	ldr	r3, [pc, #160]	@ (100047c4 <stdio_put_string+0xe0>)
10004724:	681c      	ldr	r4, [r3, #0]
10004726:	b1b4      	cbz	r4, 10004756 <stdio_put_string+0x72>
10004728:	f1b9 0f00 	cmp.w	r9, #0
1000472c:	d11c      	bne.n	10004768 <stdio_put_string+0x84>
1000472e:	f8df 909c 	ldr.w	r9, [pc, #156]	@ 100047cc <stdio_put_string+0xe8>
10004732:	e001      	b.n	10004738 <stdio_put_string+0x54>
10004734:	6924      	ldr	r4, [r4, #16]
10004736:	b174      	cbz	r4, 10004756 <stdio_put_string+0x72>
10004738:	6823      	ldr	r3, [r4, #0]
1000473a:	2b00      	cmp	r3, #0
1000473c:	d0fa      	beq.n	10004734 <stdio_put_string+0x50>
1000473e:	f8d9 3000 	ldr.w	r3, [r9]
10004742:	b10b      	cbz	r3, 10004748 <stdio_put_string+0x64>
10004744:	429c      	cmp	r4, r3
10004746:	d1f5      	bne.n	10004734 <stdio_put_string+0x50>
10004748:	4620      	mov	r0, r4
1000474a:	462a      	mov	r2, r5
1000474c:	4631      	mov	r1, r6
1000474e:	47b8      	blx	r7
10004750:	6924      	ldr	r4, [r4, #16]
10004752:	2c00      	cmp	r4, #0
10004754:	d1f0      	bne.n	10004738 <stdio_put_string+0x54>
10004756:	f1b8 0f00 	cmp.w	r8, #0
1000475a:	d126      	bne.n	100047aa <stdio_put_string+0xc6>
1000475c:	4628      	mov	r0, r5
1000475e:	b002      	add	sp, #8
10004760:	e8bd 87f0 	ldmia.w	sp!, {r4, r5, r6, r7, r8, r9, sl, pc}
10004764:	4f18      	ldr	r7, [pc, #96]	@ (100047c8 <stdio_put_string+0xe4>)
10004766:	e7dc      	b.n	10004722 <stdio_put_string+0x3e>
10004768:	f04f 0a0a 	mov.w	sl, #10
1000476c:	f8df 905c 	ldr.w	r9, [pc, #92]	@ 100047cc <stdio_put_string+0xe8>
10004770:	e002      	b.n	10004778 <stdio_put_string+0x94>
10004772:	6924      	ldr	r4, [r4, #16]
10004774:	2c00      	cmp	r4, #0
10004776:	d0ee      	beq.n	10004756 <stdio_put_string+0x72>
10004778:	6823      	ldr	r3, [r4, #0]
1000477a:	2b00      	cmp	r3, #0
1000477c:	d0f9      	beq.n	10004772 <stdio_put_string+0x8e>
1000477e:	f8d9 3000 	ldr.w	r3, [r9]
10004782:	b10b      	cbz	r3, 10004788 <stdio_put_string+0xa4>
10004784:	42a3      	cmp	r3, r4
10004786:	d1f4      	bne.n	10004772 <stdio_put_string+0x8e>
10004788:	462a      	mov	r2, r5
1000478a:	4631      	mov	r1, r6
1000478c:	4620      	mov	r0, r4
1000478e:	47b8      	blx	r7
10004790:	2201      	movs	r2, #1
10004792:	4620      	mov	r0, r4
10004794:	f10d 0107 	add.w	r1, sp, #7
10004798:	f88d a007 	strb.w	sl, [sp, #7]
1000479c:	47b8      	blx	r7
1000479e:	e7e8      	b.n	10004772 <stdio_put_string+0x8e>
100047a0:	4630      	mov	r0, r6
100047a2:	f002 fcc7 	bl	10007134 <strlen>
100047a6:	4605      	mov	r5, r0
100047a8:	e7b9      	b.n	1000471e <stdio_put_string+0x3a>
100047aa:	4804      	ldr	r0, [pc, #16]	@ (100047bc <stdio_put_string+0xd8>)
100047ac:	f002 fd04 	bl	100071b8 <__mutex_exit_veneer>
100047b0:	4628      	mov	r0, r5
100047b2:	b002      	add	sp, #8
100047b4:	e8bd 87f0 	ldmia.w	sp!, {r4, r5, r6, r7, r8, r9, sl, pc}
100047b8:	000f4240 	.word	0x000f4240
100047bc:	200012ac 	.word	0x200012ac
100047c0:	10004635 	.word	0x10004635
100047c4:	20001a9c 	.word	0x20001a9c
100047c8:	1000462d 	.word	0x1000462d
100047cc:	20001aa4 	.word	0x20001aa4

100047d0 <stdio_set_driver_enabled>:
100047d0:	4a08      	ldr	r2, [pc, #32]	@ (100047f4 <stdio_set_driver_enabled+0x24>)
100047d2:	6813      	ldr	r3, [r2, #0]
100047d4:	b923      	cbnz	r3, 100047e0 <stdio_set_driver_enabled+0x10>
100047d6:	e00a      	b.n	100047ee <stdio_set_driver_enabled+0x1e>
100047d8:	f103 0210 	add.w	r2, r3, #16
100047dc:	691b      	ldr	r3, [r3, #16]
100047de:	b133      	cbz	r3, 100047ee <stdio_set_driver_enabled+0x1e>
100047e0:	4283      	cmp	r3, r0
100047e2:	d1f9      	bne.n	100047d8 <stdio_set_driver_enabled+0x8>
100047e4:	b929      	cbnz	r1, 100047f2 <stdio_set_driver_enabled+0x22>
100047e6:	6918      	ldr	r0, [r3, #16]
100047e8:	6010      	str	r0, [r2, #0]
100047ea:	6119      	str	r1, [r3, #16]
100047ec:	4770      	bx	lr
100047ee:	b101      	cbz	r1, 100047f2 <stdio_set_driver_enabled+0x22>
100047f0:	6010      	str	r0, [r2, #0]
100047f2:	4770      	bx	lr
100047f4:	20001a9c 	.word	0x20001a9c

100047f8 <stdio_init_all>:
100047f8:	f000 ba6e 	b.w	10004cd8 <stdio_usb_init>

100047fc <__wrap_putchar>:
100047fc:	b5f0      	push	{r4, r5, r6, r7, lr}
100047fe:	b083      	sub	sp, #12
10004800:	4606      	mov	r6, r0
10004802:	f88d 0007 	strb.w	r0, [sp, #7]
10004806:	f7ff fab9 	bl	10003d7c <time_us_64>
1000480a:	f04f 35ff 	mov.w	r5, #4294967295	@ 0xffffffff
1000480e:	f06f 4400 	mvn.w	r4, #2147483648	@ 0x80000000
10004812:	4a17      	ldr	r2, [pc, #92]	@ (10004870 <__wrap_putchar+0x74>)
10004814:	1882      	adds	r2, r0, r2
10004816:	f141 0300 	adc.w	r3, r1, #0
1000481a:	4295      	cmp	r5, r2
1000481c:	eb74 0103 	sbcs.w	r1, r4, r3
10004820:	bf3c      	itt	cc
10004822:	4623      	movcc	r3, r4
10004824:	462a      	movcc	r2, r5
10004826:	4813      	ldr	r0, [pc, #76]	@ (10004874 <__wrap_putchar+0x78>)
10004828:	f002 fcd2 	bl	100071d0 <__mutex_try_enter_block_until_veneer>
1000482c:	4b12      	ldr	r3, [pc, #72]	@ (10004878 <__wrap_putchar+0x7c>)
1000482e:	4607      	mov	r7, r0
10004830:	681c      	ldr	r4, [r3, #0]
10004832:	b19c      	cbz	r4, 1000485c <__wrap_putchar+0x60>
10004834:	4d11      	ldr	r5, [pc, #68]	@ (1000487c <__wrap_putchar+0x80>)
10004836:	e001      	b.n	1000483c <__wrap_putchar+0x40>
10004838:	6924      	ldr	r4, [r4, #16]
1000483a:	b17c      	cbz	r4, 1000485c <__wrap_putchar+0x60>
1000483c:	6823      	ldr	r3, [r4, #0]
1000483e:	2b00      	cmp	r3, #0
10004840:	d0fa      	beq.n	10004838 <__wrap_putchar+0x3c>
10004842:	682b      	ldr	r3, [r5, #0]
10004844:	b10b      	cbz	r3, 1000484a <__wrap_putchar+0x4e>
10004846:	429c      	cmp	r4, r3
10004848:	d1f6      	bne.n	10004838 <__wrap_putchar+0x3c>
1000484a:	4620      	mov	r0, r4
1000484c:	2201      	movs	r2, #1
1000484e:	f10d 0107 	add.w	r1, sp, #7
10004852:	f7ff feef 	bl	10004634 <stdio_out_chars_crlf>
10004856:	6924      	ldr	r4, [r4, #16]
10004858:	2c00      	cmp	r4, #0
1000485a:	d1ef      	bne.n	1000483c <__wrap_putchar+0x40>
1000485c:	b917      	cbnz	r7, 10004864 <__wrap_putchar+0x68>
1000485e:	4630      	mov	r0, r6
10004860:	b003      	add	sp, #12
10004862:	bdf0      	pop	{r4, r5, r6, r7, pc}
10004864:	4803      	ldr	r0, [pc, #12]	@ (10004874 <__wrap_putchar+0x78>)
10004866:	f002 fca7 	bl	100071b8 <__mutex_exit_veneer>
1000486a:	4630      	mov	r0, r6
1000486c:	b003      	add	sp, #12
1000486e:	bdf0      	pop	{r4, r5, r6, r7, pc}
10004870:	000f4240 	.word	0x000f4240
10004874:	200012ac 	.word	0x200012ac
10004878:	20001a9c 	.word	0x20001a9c
1000487c:	20001aa4 	.word	0x20001aa4

10004880 <__wrap_puts>:
10004880:	b538      	push	{r3, r4, r5, lr}
10004882:	4604      	mov	r4, r0
10004884:	f002 fc56 	bl	10007134 <strlen>
10004888:	2301      	movs	r3, #1
1000488a:	4605      	mov	r5, r0
1000488c:	461a      	mov	r2, r3
1000488e:	4620      	mov	r0, r4
10004890:	4629      	mov	r1, r5
10004892:	f7ff ff27 	bl	100046e4 <stdio_put_string>
10004896:	4b08      	ldr	r3, [pc, #32]	@ (100048b8 <__wrap_puts+0x38>)
10004898:	681c      	ldr	r4, [r3, #0]
1000489a:	b12c      	cbz	r4, 100048a8 <__wrap_puts+0x28>
1000489c:	6863      	ldr	r3, [r4, #4]
1000489e:	b12b      	cbz	r3, 100048ac <__wrap_puts+0x2c>
100048a0:	4798      	blx	r3
100048a2:	6924      	ldr	r4, [r4, #16]
100048a4:	2c00      	cmp	r4, #0
100048a6:	d1f9      	bne.n	1000489c <__wrap_puts+0x1c>
100048a8:	4628      	mov	r0, r5
100048aa:	bd38      	pop	{r3, r4, r5, pc}
100048ac:	6924      	ldr	r4, [r4, #16]
100048ae:	2c00      	cmp	r4, #0
100048b0:	d1f4      	bne.n	1000489c <__wrap_puts+0x1c>
100048b2:	4628      	mov	r0, r5
100048b4:	bd38      	pop	{r3, r4, r5, pc}
100048b6:	bf00      	nop
100048b8:	20001a9c 	.word	0x20001a9c

100048bc <resetd_init>:
100048bc:	4770      	bx	lr
100048be:	bf00      	nop

100048c0 <resetd_reset>:
100048c0:	2200      	movs	r2, #0
100048c2:	4b01      	ldr	r3, [pc, #4]	@ (100048c8 <resetd_reset+0x8>)
100048c4:	701a      	strb	r2, [r3, #0]
100048c6:	4770      	bx	lr
100048c8:	200222bc 	.word	0x200222bc

100048cc <resetd_open>:
100048cc:	794b      	ldrb	r3, [r1, #5]
100048ce:	2bff      	cmp	r3, #255	@ 0xff
100048d0:	d10b      	bne.n	100048ea <resetd_open+0x1e>
100048d2:	7988      	ldrb	r0, [r1, #6]
100048d4:	b948      	cbnz	r0, 100048ea <resetd_open+0x1e>
100048d6:	79cb      	ldrb	r3, [r1, #7]
100048d8:	2b01      	cmp	r3, #1
100048da:	d107      	bne.n	100048ec <resetd_open+0x20>
100048dc:	2a08      	cmp	r2, #8
100048de:	d905      	bls.n	100048ec <resetd_open+0x20>
100048e0:	4b03      	ldr	r3, [pc, #12]	@ (100048f0 <resetd_open+0x24>)
100048e2:	788a      	ldrb	r2, [r1, #2]
100048e4:	2009      	movs	r0, #9
100048e6:	701a      	strb	r2, [r3, #0]
100048e8:	4770      	bx	lr
100048ea:	2000      	movs	r0, #0
100048ec:	4770      	bx	lr
100048ee:	bf00      	nop
100048f0:	200222bc 	.word	0x200222bc

100048f4 <resetd_xfer_cb>:
100048f4:	2001      	movs	r0, #1
100048f6:	4770      	bx	lr

100048f8 <resetd_control_xfer_cb>:
100048f8:	2901      	cmp	r1, #1
100048fa:	d001      	beq.n	10004900 <resetd_control_xfer_cb+0x8>
100048fc:	2001      	movs	r0, #1
100048fe:	4770      	bx	lr
10004900:	b508      	push	{r3, lr}
10004902:	4b10      	ldr	r3, [pc, #64]	@ (10004944 <resetd_control_xfer_cb+0x4c>)
10004904:	8891      	ldrh	r1, [r2, #4]
10004906:	781b      	ldrb	r3, [r3, #0]
10004908:	4299      	cmp	r1, r3
1000490a:	d001      	beq.n	10004910 <resetd_control_xfer_cb+0x18>
1000490c:	2000      	movs	r0, #0
1000490e:	bd08      	pop	{r3, pc}
10004910:	7853      	ldrb	r3, [r2, #1]
10004912:	2b01      	cmp	r3, #1
10004914:	d008      	beq.n	10004928 <resetd_control_xfer_cb+0x30>
10004916:	2b02      	cmp	r3, #2
10004918:	d1f8      	bne.n	1000490c <resetd_control_xfer_cb+0x14>
1000491a:	2100      	movs	r1, #0
1000491c:	2264      	movs	r2, #100	@ 0x64
1000491e:	4608      	mov	r0, r1
10004920:	f7ff fa7c 	bl	10003e1c <watchdog_reboot>
10004924:	2001      	movs	r0, #1
10004926:	bd08      	pop	{r3, pc}
10004928:	8851      	ldrh	r1, [r2, #2]
1000492a:	05cb      	lsls	r3, r1, #23
1000492c:	bf48      	it	mi
1000492e:	0a48      	lsrmi	r0, r1, #9
10004930:	f3c1 2240 	ubfx	r2, r1, #9, #1
10004934:	bf58      	it	pl
10004936:	f04f 30ff 	movpl.w	r0, #4294967295	@ 0xffffffff
1000493a:	f001 017f 	and.w	r1, r1, #127	@ 0x7f
1000493e:	f7ff faeb 	bl	10003f18 <rom_reset_usb_boot_extra>
10004942:	bf00      	nop
10004944:	200222bc 	.word	0x200222bc

10004948 <tud_descriptor_bos_cb>:
10004948:	4800      	ldr	r0, [pc, #0]	@ (1000494c <tud_descriptor_bos_cb+0x4>)
1000494a:	4770      	bx	lr
1000494c:	100074fc 	.word	0x100074fc

10004950 <tud_vendor_control_xfer_cb>:
10004950:	2901      	cmp	r1, #1
10004952:	d107      	bne.n	10004964 <tud_vendor_control_xfer_cb+0x14>
10004954:	7853      	ldrb	r3, [r2, #1]
10004956:	2b01      	cmp	r3, #1
10004958:	d102      	bne.n	10004960 <tud_vendor_control_xfer_cb+0x10>
1000495a:	8893      	ldrh	r3, [r2, #4]
1000495c:	2b07      	cmp	r3, #7
1000495e:	d003      	beq.n	10004968 <tud_vendor_control_xfer_cb+0x18>
10004960:	2000      	movs	r0, #0
10004962:	4770      	bx	lr
10004964:	2001      	movs	r0, #1
10004966:	4770      	bx	lr
10004968:	4611      	mov	r1, r2
1000496a:	23a6      	movs	r3, #166	@ 0xa6
1000496c:	4a01      	ldr	r2, [pc, #4]	@ (10004974 <tud_vendor_control_xfer_cb+0x24>)
1000496e:	f001 ba39 	b.w	10005de4 <tud_control_xfer>
10004972:	bf00      	nop
10004974:	10007454 	.word	0x10007454

10004978 <usbd_app_driver_get_cb>:
10004978:	4603      	mov	r3, r0
1000497a:	2201      	movs	r2, #1
1000497c:	4801      	ldr	r0, [pc, #4]	@ (10004984 <usbd_app_driver_get_cb+0xc>)
1000497e:	701a      	strb	r2, [r3, #0]
10004980:	4770      	bx	lr
10004982:	bf00      	nop
10004984:	10007434 	.word	0x10007434

10004988 <tud_cdc_line_coding_cb>:
10004988:	b508      	push	{r3, lr}
1000498a:	680b      	ldr	r3, [r1, #0]
1000498c:	f5b3 6f96 	cmp.w	r3, #1200	@ 0x4b0
10004990:	d000      	beq.n	10004994 <tud_cdc_line_coding_cb+0xc>
10004992:	bd08      	pop	{r3, pc}
10004994:	2200      	movs	r2, #0
10004996:	f04f 30ff 	mov.w	r0, #4294967295	@ 0xffffffff
1000499a:	4611      	mov	r1, r2
1000499c:	f7ff fabc 	bl	10003f18 <rom_reset_usb_boot_extra>

100049a0 <stdio_usb_set_chars_available_callback>:
100049a0:	4a02      	ldr	r2, [pc, #8]	@ (100049ac <stdio_usb_set_chars_available_callback+0xc>)
100049a2:	4b03      	ldr	r3, [pc, #12]	@ (100049b0 <stdio_usb_set_chars_available_callback+0x10>)
100049a4:	6010      	str	r0, [r2, #0]
100049a6:	6019      	str	r1, [r3, #0]
100049a8:	4770      	bx	lr
100049aa:	bf00      	nop
100049ac:	20001a38 	.word	0x20001a38
100049b0:	20001a3c 	.word	0x20001a3c

100049b4 <timer_task>:
100049b4:	4b18      	ldr	r3, [pc, #96]	@ (10004a18 <timer_task+0x64>)
100049b6:	b570      	push	{r4, r5, r6, lr}
100049b8:	681a      	ldr	r2, [r3, #0]
100049ba:	2a00      	cmp	r2, #0
100049bc:	d028      	beq.n	10004a10 <timer_task+0x5c>
100049be:	f3ef 8110 	mrs	r1, PRIMASK
100049c2:	b672      	cpsid	i
100049c4:	e8d2 4fcf 	ldaexb	r4, [r2]
100049c8:	2001      	movs	r0, #1
100049ca:	2c00      	cmp	r4, #0
100049cc:	d1fa      	bne.n	100049c4 <timer_task+0x10>
100049ce:	e8c2 0f44 	strexb	r4, r0, [r2]
100049d2:	2c00      	cmp	r4, #0
100049d4:	d1f6      	bne.n	100049c4 <timer_task+0x10>
100049d6:	f3bf 8f5f 	dmb	sy
100049da:	2200      	movs	r2, #0
100049dc:	4c0f      	ldr	r4, [pc, #60]	@ (10004a1c <timer_task+0x68>)
100049de:	6818      	ldr	r0, [r3, #0]
100049e0:	6059      	str	r1, [r3, #4]
100049e2:	7022      	strb	r2, [r4, #0]
100049e4:	e8c0 2f8f 	stlb	r2, [r0]
100049e8:	f381 8810 	msr	PRIMASK, r1
100049ec:	2400      	movs	r4, #0
100049ee:	2500      	movs	r5, #0
100049f0:	4e0b      	ldr	r6, [pc, #44]	@ (10004a20 <timer_task+0x6c>)
100049f2:	7830      	ldrb	r0, [r6, #0]
100049f4:	f7fe fbea 	bl	100031cc <irq_is_enabled>
100049f8:	b920      	cbnz	r0, 10004a04 <timer_task+0x50>
100049fa:	2400      	movs	r4, #0
100049fc:	2500      	movs	r5, #0
100049fe:	4620      	mov	r0, r4
10004a00:	4629      	mov	r1, r5
10004a02:	bd70      	pop	{r4, r5, r6, pc}
10004a04:	7830      	ldrb	r0, [r6, #0]
10004a06:	f7fe fbf1 	bl	100031ec <irq_set_pending>
10004a0a:	4620      	mov	r0, r4
10004a0c:	4629      	mov	r1, r5
10004a0e:	bd70      	pop	{r4, r5, r6, pc}
10004a10:	f44f 747a 	mov.w	r4, #1000	@ 0x3e8
10004a14:	2500      	movs	r5, #0
10004a16:	e7eb      	b.n	100049f0 <timer_task+0x3c>
10004a18:	20001ecc 	.word	0x20001ecc
10004a1c:	200222be 	.word	0x200222be
10004a20:	200222bd 	.word	0x200222bd

10004a24 <usb_irq>:
10004a24:	4b01      	ldr	r3, [pc, #4]	@ (10004a2c <usb_irq+0x8>)
10004a26:	7818      	ldrb	r0, [r3, #0]
10004a28:	f7fe bbe0 	b.w	100031ec <irq_set_pending>
10004a2c:	200222bd 	.word	0x200222bd

10004a30 <stdio_usb_in_chars>:
10004a30:	b538      	push	{r3, r4, r5, lr}
10004a32:	4604      	mov	r4, r0
10004a34:	2000      	movs	r0, #0
10004a36:	460d      	mov	r5, r1
10004a38:	f001 fb04 	bl	10006044 <tud_cdc_n_connected>
10004a3c:	b3a8      	cbz	r0, 10004aaa <stdio_usb_in_chars+0x7a>
10004a3e:	2000      	movs	r0, #0
10004a40:	f001 fb16 	bl	10006070 <tud_cdc_n_available>
10004a44:	b388      	cbz	r0, 10004aaa <stdio_usb_in_chars+0x7a>
10004a46:	f7ff f999 	bl	10003d7c <time_us_64>
10004a4a:	f04f 3eff 	mov.w	lr, #4294967295	@ 0xffffffff
10004a4e:	f06f 4c00 	mvn.w	ip, #2147483648	@ 0x80000000
10004a52:	4a17      	ldr	r2, [pc, #92]	@ (10004ab0 <stdio_usb_in_chars+0x80>)
10004a54:	1882      	adds	r2, r0, r2
10004a56:	f141 0300 	adc.w	r3, r1, #0
10004a5a:	4596      	cmp	lr, r2
10004a5c:	eb7c 0103 	sbcs.w	r1, ip, r3
10004a60:	bf3c      	itt	cc
10004a62:	4672      	movcc	r2, lr
10004a64:	4663      	movcc	r3, ip
10004a66:	4813      	ldr	r0, [pc, #76]	@ (10004ab4 <stdio_usb_in_chars+0x84>)
10004a68:	f002 fbb2 	bl	100071d0 <__mutex_try_enter_block_until_veneer>
10004a6c:	b1e8      	cbz	r0, 10004aaa <stdio_usb_in_chars+0x7a>
10004a6e:	2000      	movs	r0, #0
10004a70:	f001 fae8 	bl	10006044 <tud_cdc_n_connected>
10004a74:	b958      	cbnz	r0, 10004a8e <stdio_usb_in_chars+0x5e>
10004a76:	2100      	movs	r1, #0
10004a78:	f04f 30ff 	mov.w	r0, #4294967295	@ 0xffffffff
10004a7c:	f000 fd0a 	bl	10005494 <tud_task_ext>
10004a80:	f06f 0402 	mvn.w	r4, #2
10004a84:	480b      	ldr	r0, [pc, #44]	@ (10004ab4 <stdio_usb_in_chars+0x84>)
10004a86:	f002 fb97 	bl	100071b8 <__mutex_exit_veneer>
10004a8a:	4620      	mov	r0, r4
10004a8c:	bd38      	pop	{r3, r4, r5, pc}
10004a8e:	2000      	movs	r0, #0
10004a90:	f001 faee 	bl	10006070 <tud_cdc_n_available>
10004a94:	2800      	cmp	r0, #0
10004a96:	d0ee      	beq.n	10004a76 <stdio_usb_in_chars+0x46>
10004a98:	4621      	mov	r1, r4
10004a9a:	462a      	mov	r2, r5
10004a9c:	2000      	movs	r0, #0
10004a9e:	f001 faf1 	bl	10006084 <tud_cdc_n_read>
10004aa2:	4604      	mov	r4, r0
10004aa4:	2800      	cmp	r0, #0
10004aa6:	d1ed      	bne.n	10004a84 <stdio_usb_in_chars+0x54>
10004aa8:	e7ea      	b.n	10004a80 <stdio_usb_in_chars+0x50>
10004aaa:	f06f 0402 	mvn.w	r4, #2
10004aae:	e7ec      	b.n	10004a8a <stdio_usb_in_chars+0x5a>
10004ab0:	000f4240 	.word	0x000f4240
10004ab4:	2000219c 	.word	0x2000219c

10004ab8 <stdio_usb_out_flush>:
10004ab8:	b508      	push	{r3, lr}
10004aba:	f7ff f95f 	bl	10003d7c <time_us_64>
10004abe:	f04f 3eff 	mov.w	lr, #4294967295	@ 0xffffffff
10004ac2:	f06f 4c00 	mvn.w	ip, #2147483648	@ 0x80000000
10004ac6:	4a0f      	ldr	r2, [pc, #60]	@ (10004b04 <stdio_usb_out_flush+0x4c>)
10004ac8:	1882      	adds	r2, r0, r2
10004aca:	f141 0300 	adc.w	r3, r1, #0
10004ace:	4596      	cmp	lr, r2
10004ad0:	eb7c 0103 	sbcs.w	r1, ip, r3
10004ad4:	bf3c      	itt	cc
10004ad6:	4672      	movcc	r2, lr
10004ad8:	4663      	movcc	r3, ip
10004ada:	480b      	ldr	r0, [pc, #44]	@ (10004b08 <stdio_usb_out_flush+0x50>)
10004adc:	f002 fb78 	bl	100071d0 <__mutex_try_enter_block_until_veneer>
10004ae0:	b170      	cbz	r0, 10004b00 <stdio_usb_out_flush+0x48>
10004ae2:	f04f 30ff 	mov.w	r0, #4294967295	@ 0xffffffff
10004ae6:	2100      	movs	r1, #0
10004ae8:	f000 fcd4 	bl	10005494 <tud_task_ext>
10004aec:	2000      	movs	r0, #0
10004aee:	f001 fb11 	bl	10006114 <tud_cdc_n_write_flush>
10004af2:	2800      	cmp	r0, #0
10004af4:	d1f5      	bne.n	10004ae2 <stdio_usb_out_flush+0x2a>
10004af6:	e8bd 4008 	ldmia.w	sp!, {r3, lr}
10004afa:	4803      	ldr	r0, [pc, #12]	@ (10004b08 <stdio_usb_out_flush+0x50>)
10004afc:	f002 bb5c 	b.w	100071b8 <__mutex_exit_veneer>
10004b00:	bd08      	pop	{r3, pc}
10004b02:	bf00      	nop
10004b04:	000f4240 	.word	0x000f4240
10004b08:	2000219c 	.word	0x2000219c

10004b0c <stdio_usb_out_chars>:
10004b0c:	e92d 43f8 	stmdb	sp!, {r3, r4, r5, r6, r7, r8, r9, lr}
10004b10:	4680      	mov	r8, r0
10004b12:	460f      	mov	r7, r1
10004b14:	f7ff f932 	bl	10003d7c <time_us_64>
10004b18:	f04f 35ff 	mov.w	r5, #4294967295	@ 0xffffffff
10004b1c:	f06f 4400 	mvn.w	r4, #2147483648	@ 0x80000000
10004b20:	4a33      	ldr	r2, [pc, #204]	@ (10004bf0 <stdio_usb_out_chars+0xe4>)
10004b22:	1882      	adds	r2, r0, r2
10004b24:	f141 0300 	adc.w	r3, r1, #0
10004b28:	4295      	cmp	r5, r2
10004b2a:	eb74 0103 	sbcs.w	r1, r4, r3
10004b2e:	bf3c      	itt	cc
10004b30:	462a      	movcc	r2, r5
10004b32:	4623      	movcc	r3, r4
10004b34:	482f      	ldr	r0, [pc, #188]	@ (10004bf4 <stdio_usb_out_chars+0xe8>)
10004b36:	f002 fb4b 	bl	100071d0 <__mutex_try_enter_block_until_veneer>
10004b3a:	b908      	cbnz	r0, 10004b40 <stdio_usb_out_chars+0x34>
10004b3c:	e8bd 83f8 	ldmia.w	sp!, {r3, r4, r5, r6, r7, r8, r9, pc}
10004b40:	2000      	movs	r0, #0
10004b42:	f001 fa7f 	bl	10006044 <tud_cdc_n_connected>
10004b46:	2800      	cmp	r0, #0
10004b48:	d047      	beq.n	10004bda <stdio_usb_out_chars+0xce>
10004b4a:	2f00      	cmp	r7, #0
10004b4c:	dd40      	ble.n	10004bd0 <stdio_usb_out_chars+0xc4>
10004b4e:	2500      	movs	r5, #0
10004b50:	f8df 90a8 	ldr.w	r9, [pc, #168]	@ 10004bfc <stdio_usb_out_chars+0xf0>
10004b54:	4e28      	ldr	r6, [pc, #160]	@ (10004bf8 <stdio_usb_out_chars+0xec>)
10004b56:	e013      	b.n	10004b80 <stdio_usb_out_chars+0x74>
10004b58:	4622      	mov	r2, r4
10004b5a:	2000      	movs	r0, #0
10004b5c:	f001 fb20 	bl	100061a0 <tud_cdc_n_write>
10004b60:	2100      	movs	r1, #0
10004b62:	4604      	mov	r4, r0
10004b64:	f04f 30ff 	mov.w	r0, #4294967295	@ 0xffffffff
10004b68:	f000 fc94 	bl	10005494 <tud_task_ext>
10004b6c:	2000      	movs	r0, #0
10004b6e:	f001 fad1 	bl	10006114 <tud_cdc_n_write_flush>
10004b72:	f7ff f903 	bl	10003d7c <time_us_64>
10004b76:	e9c9 0100 	strd	r0, r1, [r9]
10004b7a:	4425      	add	r5, r4
10004b7c:	42af      	cmp	r7, r5
10004b7e:	dd27      	ble.n	10004bd0 <stdio_usb_out_chars+0xc4>
10004b80:	2000      	movs	r0, #0
10004b82:	f001 fb2d 	bl	100061e0 <tud_cdc_n_write_available>
10004b86:	1b7c      	subs	r4, r7, r5
10004b88:	4284      	cmp	r4, r0
10004b8a:	bfa8      	it	ge
10004b8c:	4604      	movge	r4, r0
10004b8e:	eb08 0105 	add.w	r1, r8, r5
10004b92:	2c00      	cmp	r4, #0
10004b94:	d1e0      	bne.n	10004b58 <stdio_usb_out_chars+0x4c>
10004b96:	4621      	mov	r1, r4
10004b98:	f04f 30ff 	mov.w	r0, #4294967295	@ 0xffffffff
10004b9c:	f000 fc7a 	bl	10005494 <tud_task_ext>
10004ba0:	4620      	mov	r0, r4
10004ba2:	f001 fab7 	bl	10006114 <tud_cdc_n_write_flush>
10004ba6:	4620      	mov	r0, r4
10004ba8:	f001 fa4c 	bl	10006044 <tud_cdc_n_connected>
10004bac:	b180      	cbz	r0, 10004bd0 <stdio_usb_out_chars+0xc4>
10004bae:	4620      	mov	r0, r4
10004bb0:	f001 fb16 	bl	100061e0 <tud_cdc_n_write_available>
10004bb4:	2800      	cmp	r0, #0
10004bb6:	d1e1      	bne.n	10004b7c <stdio_usb_out_chars+0x70>
10004bb8:	f7ff f8e0 	bl	10003d7c <time_us_64>
10004bbc:	f8d9 3000 	ldr.w	r3, [r9]
10004bc0:	f8d9 2004 	ldr.w	r2, [r9, #4]
10004bc4:	199b      	adds	r3, r3, r6
10004bc6:	f142 0200 	adc.w	r2, r2, #0
10004bca:	4283      	cmp	r3, r0
10004bcc:	418a      	sbcs	r2, r1
10004bce:	d2d5      	bcs.n	10004b7c <stdio_usb_out_chars+0x70>
10004bd0:	4808      	ldr	r0, [pc, #32]	@ (10004bf4 <stdio_usb_out_chars+0xe8>)
10004bd2:	e8bd 43f8 	ldmia.w	sp!, {r3, r4, r5, r6, r7, r8, r9, lr}
10004bd6:	f002 baef 	b.w	100071b8 <__mutex_exit_veneer>
10004bda:	2000      	movs	r0, #0
10004bdc:	2100      	movs	r1, #0
10004bde:	4b07      	ldr	r3, [pc, #28]	@ (10004bfc <stdio_usb_out_chars+0xf0>)
10004be0:	e9c3 0100 	strd	r0, r1, [r3]
10004be4:	e8bd 43f8 	ldmia.w	sp!, {r3, r4, r5, r6, r7, r8, r9, lr}
10004be8:	4802      	ldr	r0, [pc, #8]	@ (10004bf4 <stdio_usb_out_chars+0xe8>)
10004bea:	f002 bae5 	b.w	100071b8 <__mutex_exit_veneer>
10004bee:	bf00      	nop
10004bf0:	000f4240 	.word	0x000f4240
10004bf4:	2000219c 	.word	0x2000219c
10004bf8:	0007a120 	.word	0x0007a120
10004bfc:	20001438 	.word	0x20001438

10004c00 <low_priority_worker_irq>:
10004c00:	b530      	push	{r4, r5, lr}
10004c02:	2100      	movs	r1, #0
10004c04:	b085      	sub	sp, #20
10004c06:	482e      	ldr	r0, [pc, #184]	@ (10004cc0 <low_priority_worker_irq+0xc0>)
10004c08:	f002 fae6 	bl	100071d8 <__mutex_try_enter_veneer>
10004c0c:	b9f0      	cbnz	r0, 10004c4c <low_priority_worker_irq+0x4c>
10004c0e:	4b2d      	ldr	r3, [pc, #180]	@ (10004cc4 <low_priority_worker_irq+0xc4>)
10004c10:	681a      	ldr	r2, [r3, #0]
10004c12:	b1ca      	cbz	r2, 10004c48 <low_priority_worker_irq+0x48>
10004c14:	f3ef 8110 	mrs	r1, PRIMASK
10004c18:	b672      	cpsid	i
10004c1a:	e8d2 5fcf 	ldaexb	r5, [r2]
10004c1e:	2401      	movs	r4, #1
10004c20:	2d00      	cmp	r5, #0
10004c22:	d1fa      	bne.n	10004c1a <low_priority_worker_irq+0x1a>
10004c24:	e8c2 4f45 	strexb	r5, r4, [r2]
10004c28:	2d00      	cmp	r5, #0
10004c2a:	d1f6      	bne.n	10004c1a <low_priority_worker_irq+0x1a>
10004c2c:	f3bf 8f5f 	dmb	sy
10004c30:	4c25      	ldr	r4, [pc, #148]	@ (10004cc8 <low_priority_worker_irq+0xc8>)
10004c32:	681d      	ldr	r5, [r3, #0]
10004c34:	7822      	ldrb	r2, [r4, #0]
10004c36:	6059      	str	r1, [r3, #4]
10004c38:	b2d3      	uxtb	r3, r2
10004c3a:	2201      	movs	r2, #1
10004c3c:	7022      	strb	r2, [r4, #0]
10004c3e:	e8c5 0f8f 	stlb	r0, [r5]
10004c42:	f381 8810 	msr	PRIMASK, r1
10004c46:	b1cb      	cbz	r3, 10004c7c <low_priority_worker_irq+0x7c>
10004c48:	b005      	add	sp, #20
10004c4a:	bd30      	pop	{r4, r5, pc}
10004c4c:	2100      	movs	r1, #0
10004c4e:	f04f 30ff 	mov.w	r0, #4294967295	@ 0xffffffff
10004c52:	f000 fc1f 	bl	10005494 <tud_task_ext>
10004c56:	2000      	movs	r0, #0
10004c58:	f001 fa0a 	bl	10006070 <tud_cdc_n_available>
10004c5c:	4604      	mov	r4, r0
10004c5e:	4818      	ldr	r0, [pc, #96]	@ (10004cc0 <low_priority_worker_irq+0xc0>)
10004c60:	f002 faaa 	bl	100071b8 <__mutex_exit_veneer>
10004c64:	2c00      	cmp	r4, #0
10004c66:	d0ef      	beq.n	10004c48 <low_priority_worker_irq+0x48>
10004c68:	4b18      	ldr	r3, [pc, #96]	@ (10004ccc <low_priority_worker_irq+0xcc>)
10004c6a:	681b      	ldr	r3, [r3, #0]
10004c6c:	2b00      	cmp	r3, #0
10004c6e:	d0eb      	beq.n	10004c48 <low_priority_worker_irq+0x48>
10004c70:	4a17      	ldr	r2, [pc, #92]	@ (10004cd0 <low_priority_worker_irq+0xd0>)
10004c72:	6810      	ldr	r0, [r2, #0]
10004c74:	b005      	add	sp, #20
10004c76:	e8bd 4030 	ldmia.w	sp!, {r4, r5, lr}
10004c7a:	4718      	bx	r3
10004c7c:	f7fe fee2 	bl	10003a44 <alarm_pool_get_default>
10004c80:	4604      	mov	r4, r0
10004c82:	f7ff f87b 	bl	10003d7c <time_us_64>
10004c86:	f04f 3cff 	mov.w	ip, #4294967295	@ 0xffffffff
10004c8a:	f06f 4500 	mvn.w	r5, #2147483648	@ 0x80000000
10004c8e:	f510 727a 	adds.w	r2, r0, #1000	@ 0x3e8
10004c92:	f141 0300 	adc.w	r3, r1, #0
10004c96:	4594      	cmp	ip, r2
10004c98:	eb75 0103 	sbcs.w	r1, r5, r3
10004c9c:	bf38      	it	cc
10004c9e:	462b      	movcc	r3, r5
10004ca0:	f04f 0100 	mov.w	r1, #0
10004ca4:	f04f 0501 	mov.w	r5, #1
10004ca8:	4620      	mov	r0, r4
10004caa:	4c0a      	ldr	r4, [pc, #40]	@ (10004cd4 <low_priority_worker_irq+0xd4>)
10004cac:	bf38      	it	cc
10004cae:	4662      	movcc	r2, ip
10004cb0:	e9cd 1501 	strd	r1, r5, [sp, #4]
10004cb4:	9400      	str	r4, [sp, #0]
10004cb6:	f7fe fec9 	bl	10003a4c <alarm_pool_add_alarm_at>
10004cba:	b005      	add	sp, #20
10004cbc:	bd30      	pop	{r4, r5, pc}
10004cbe:	bf00      	nop
10004cc0:	2000219c 	.word	0x2000219c
10004cc4:	20001ecc 	.word	0x20001ecc
10004cc8:	200222be 	.word	0x200222be
10004ccc:	20001a38 	.word	0x20001a38
10004cd0:	20001a3c 	.word	0x20001a3c
10004cd4:	100049b5 	.word	0x100049b5

10004cd8 <stdio_usb_init>:
10004cd8:	f04f 4350 	mov.w	r3, #3489660928	@ 0xd0000000
10004cdc:	b530      	push	{r4, r5, lr}
10004cde:	b085      	sub	sp, #20
10004ce0:	681c      	ldr	r4, [r3, #0]
10004ce2:	f7fe feaf 	bl	10003a44 <alarm_pool_get_default>
10004ce6:	f7fe ffc3 	bl	10003c70 <alarm_pool_core_num>
10004cea:	42a0      	cmp	r0, r4
10004cec:	d002      	beq.n	10004cf4 <stdio_usb_init+0x1c>
10004cee:	2000      	movs	r0, #0
10004cf0:	b005      	add	sp, #20
10004cf2:	bd30      	pop	{r4, r5, pc}
10004cf4:	2100      	movs	r1, #0
10004cf6:	4b2a      	ldr	r3, [pc, #168]	@ (10004da0 <stdio_usb_init+0xc8>)
10004cf8:	4608      	mov	r0, r1
10004cfa:	781b      	ldrb	r3, [r3, #0]
10004cfc:	f001 fd38 	bl	10006770 <tusb_rhport_init>
10004d00:	4828      	ldr	r0, [pc, #160]	@ (10004da4 <stdio_usb_init+0xcc>)
10004d02:	6803      	ldr	r3, [r0, #0]
10004d04:	2b00      	cmp	r3, #0
10004d06:	d047      	beq.n	10004d98 <stdio_usb_init+0xc0>
10004d08:	2001      	movs	r0, #1
10004d0a:	f7fe fc21 	bl	10003550 <user_irq_claim_unused>
10004d0e:	4603      	mov	r3, r0
10004d10:	4c25      	ldr	r4, [pc, #148]	@ (10004da8 <stdio_usb_init+0xd0>)
10004d12:	4926      	ldr	r1, [pc, #152]	@ (10004dac <stdio_usb_init+0xd4>)
10004d14:	b2c0      	uxtb	r0, r0
10004d16:	7023      	strb	r3, [r4, #0]
10004d18:	f7fe fa84 	bl	10003224 <irq_set_exclusive_handler>
10004d1c:	7820      	ldrb	r0, [r4, #0]
10004d1e:	2101      	movs	r1, #1
10004d20:	f7fe fa3e 	bl	100031a0 <irq_set_enabled>
10004d24:	200e      	movs	r0, #14
10004d26:	f7fe fa6d 	bl	10003204 <irq_has_shared_handler>
10004d2a:	bb40      	cbnz	r0, 10004d7e <stdio_usb_init+0xa6>
10004d2c:	4b20      	ldr	r3, [pc, #128]	@ (10004db0 <stdio_usb_init+0xd8>)
10004d2e:	2501      	movs	r5, #1
10004d30:	e9c3 0000 	strd	r0, r0, [r3]
10004d34:	f7fe fe86 	bl	10003a44 <alarm_pool_get_default>
10004d38:	4604      	mov	r4, r0
10004d3a:	f7ff f81f 	bl	10003d7c <time_us_64>
10004d3e:	f04f 3eff 	mov.w	lr, #4294967295	@ 0xffffffff
10004d42:	f06f 4c00 	mvn.w	ip, #2147483648	@ 0x80000000
10004d46:	f510 727a 	adds.w	r2, r0, #1000	@ 0x3e8
10004d4a:	f141 0300 	adc.w	r3, r1, #0
10004d4e:	4596      	cmp	lr, r2
10004d50:	eb7c 0103 	sbcs.w	r1, ip, r3
10004d54:	f04f 0100 	mov.w	r1, #0
10004d58:	4620      	mov	r0, r4
10004d5a:	4c16      	ldr	r4, [pc, #88]	@ (10004db4 <stdio_usb_init+0xdc>)
10004d5c:	bf3c      	itt	cc
10004d5e:	4672      	movcc	r2, lr
10004d60:	4663      	movcc	r3, ip
10004d62:	e9cd 1501 	strd	r1, r5, [sp, #4]
10004d66:	9400      	str	r4, [sp, #0]
10004d68:	f7fe fe70 	bl	10003a4c <alarm_pool_add_alarm_at>
10004d6c:	2800      	cmp	r0, #0
10004d6e:	dbbe      	blt.n	10004cee <stdio_usb_init+0x16>
10004d70:	2101      	movs	r1, #1
10004d72:	4811      	ldr	r0, [pc, #68]	@ (10004db8 <stdio_usb_init+0xe0>)
10004d74:	f7ff fd2c 	bl	100047d0 <stdio_set_driver_enabled>
10004d78:	2001      	movs	r0, #1
10004d7a:	b005      	add	sp, #20
10004d7c:	bd30      	pop	{r4, r5, pc}
10004d7e:	2001      	movs	r0, #1
10004d80:	f7fe f9a6 	bl	100030d0 <spin_lock_claim_unused>
10004d84:	4601      	mov	r1, r0
10004d86:	480a      	ldr	r0, [pc, #40]	@ (10004db0 <stdio_usb_init+0xd8>)
10004d88:	f7fe fc42 	bl	10003610 <critical_section_init_with_lock_num>
10004d8c:	2200      	movs	r2, #0
10004d8e:	200e      	movs	r0, #14
10004d90:	490a      	ldr	r1, [pc, #40]	@ (10004dbc <stdio_usb_init+0xe4>)
10004d92:	f7fe fa77 	bl	10003284 <irq_add_shared_handler>
10004d96:	e7eb      	b.n	10004d70 <stdio_usb_init+0x98>
10004d98:	f7fe fc1e 	bl	100035d8 <mutex_init>
10004d9c:	e7b4      	b.n	10004d08 <stdio_usb_init+0x30>
10004d9e:	bf00      	nop
10004da0:	10007610 	.word	0x10007610
10004da4:	2000219c 	.word	0x2000219c
10004da8:	200222bd 	.word	0x200222bd
10004dac:	10004c01 	.word	0x10004c01
10004db0:	20001ecc 	.word	0x20001ecc
10004db4:	100049b5 	.word	0x100049b5
10004db8:	2000126c 	.word	0x2000126c
10004dbc:	10004a25 	.word	0x10004a25

10004dc0 <tud_descriptor_device_cb>:
10004dc0:	4800      	ldr	r0, [pc, #0]	@ (10004dc4 <tud_descriptor_device_cb+0x4>)
10004dc2:	4770      	bx	lr
10004dc4:	10007598 	.word	0x10007598

10004dc8 <tud_descriptor_configuration_cb>:
10004dc8:	4800      	ldr	r0, [pc, #0]	@ (10004dcc <tud_descriptor_configuration_cb+0x4>)
10004dca:	4770      	bx	lr
10004dcc:	10007544 	.word	0x10007544

10004dd0 <tud_descriptor_string_cb>:
10004dd0:	b538      	push	{r3, r4, r5, lr}
10004dd2:	4b18      	ldr	r3, [pc, #96]	@ (10004e34 <tud_descriptor_string_cb+0x64>)
10004dd4:	4604      	mov	r4, r0
10004dd6:	781a      	ldrb	r2, [r3, #0]
10004dd8:	b30a      	cbz	r2, 10004e1e <tud_descriptor_string_cb+0x4e>
10004dda:	b944      	cbnz	r4, 10004dee <tud_descriptor_string_cb+0x1e>
10004ddc:	f240 4209 	movw	r2, #1033	@ 0x409
10004de0:	f44f 7341 	mov.w	r3, #772	@ 0x304
10004de4:	4d14      	ldr	r5, [pc, #80]	@ (10004e38 <tud_descriptor_string_cb+0x68>)
10004de6:	806a      	strh	r2, [r5, #2]
10004de8:	4813      	ldr	r0, [pc, #76]	@ (10004e38 <tud_descriptor_string_cb+0x68>)
10004dea:	802b      	strh	r3, [r5, #0]
10004dec:	bd38      	pop	{r3, r4, r5, pc}
10004dee:	2c05      	cmp	r4, #5
10004df0:	d81d      	bhi.n	10004e2e <tud_descriptor_string_cb+0x5e>
10004df2:	4b12      	ldr	r3, [pc, #72]	@ (10004e3c <tud_descriptor_string_cb+0x6c>)
10004df4:	4d10      	ldr	r5, [pc, #64]	@ (10004e38 <tud_descriptor_string_cb+0x68>)
10004df6:	f853 1024 	ldr.w	r1, [r3, r4, lsl #2]
10004dfa:	4628      	mov	r0, r5
10004dfc:	2300      	movs	r3, #0
10004dfe:	3901      	subs	r1, #1
10004e00:	e003      	b.n	10004e0a <tud_descriptor_string_cb+0x3a>
10004e02:	2b13      	cmp	r3, #19
10004e04:	f820 2f02 	strh.w	r2, [r0, #2]!
10004e08:	d00e      	beq.n	10004e28 <tud_descriptor_string_cb+0x58>
10004e0a:	f811 2f01 	ldrb.w	r2, [r1, #1]!
10004e0e:	3301      	adds	r3, #1
10004e10:	b2db      	uxtb	r3, r3
10004e12:	2a00      	cmp	r2, #0
10004e14:	d1f5      	bne.n	10004e02 <tud_descriptor_string_cb+0x32>
10004e16:	005b      	lsls	r3, r3, #1
10004e18:	f443 7340 	orr.w	r3, r3, #768	@ 0x300
10004e1c:	e7e4      	b.n	10004de8 <tud_descriptor_string_cb+0x18>
10004e1e:	2111      	movs	r1, #17
10004e20:	4618      	mov	r0, r3
10004e22:	f000 f825 	bl	10004e70 <pico_get_unique_board_id_string>
10004e26:	e7d8      	b.n	10004dda <tud_descriptor_string_cb+0xa>
10004e28:	f44f 734a 	mov.w	r3, #808	@ 0x328
10004e2c:	e7dc      	b.n	10004de8 <tud_descriptor_string_cb+0x18>
10004e2e:	2000      	movs	r0, #0
10004e30:	bd38      	pop	{r3, r4, r5, pc}
10004e32:	bf00      	nop
10004e34:	200221b8 	.word	0x200221b8
10004e38:	20001a70 	.word	0x20001a70
10004e3c:	1000752c 	.word	0x1000752c

10004e40 <_retrieve_unique_id_on_boot>:
10004e40:	b500      	push	{lr}
10004e42:	f245 3047 	movw	r0, #21319	@ 0x5347
10004e46:	b08b      	sub	sp, #44	@ 0x2c
10004e48:	f7ff f85a 	bl	10003f00 <rom_func_lookup>
10004e4c:	2201      	movs	r2, #1
10004e4e:	4603      	mov	r3, r0
10004e50:	2109      	movs	r1, #9
10004e52:	a801      	add	r0, sp, #4
10004e54:	4798      	blx	r3
10004e56:	e9dd 3203 	ldrd	r3, r2, [sp, #12]
10004e5a:	4904      	ldr	r1, [pc, #16]	@ (10004e6c <_retrieve_unique_id_on_boot+0x2c>)
10004e5c:	ba12      	rev	r2, r2
10004e5e:	ba1b      	rev	r3, r3
10004e60:	e9c1 2300 	strd	r2, r3, [r1]
10004e64:	b00b      	add	sp, #44	@ 0x2c
10004e66:	f85d fb04 	ldr.w	pc, [sp], #4
10004e6a:	bf00      	nop
10004e6c:	20002190 	.word	0x20002190

10004e70 <pico_get_unique_board_id_string>:
10004e70:	2901      	cmp	r1, #1
10004e72:	f101 33ff 	add.w	r3, r1, #4294967295	@ 0xffffffff
10004e76:	f000 80b3 	beq.w	10004fe0 <pico_get_unique_board_id_string+0x170>
10004e7a:	495d      	ldr	r1, [pc, #372]	@ (10004ff0 <pico_get_unique_board_id_string+0x180>)
10004e7c:	780a      	ldrb	r2, [r1, #0]
10004e7e:	ea4f 1c12 	mov.w	ip, r2, lsr #4
10004e82:	2a9f      	cmp	r2, #159	@ 0x9f
10004e84:	bf8c      	ite	hi
10004e86:	f10c 0c37 	addhi.w	ip, ip, #55	@ 0x37
10004e8a:	f10c 0c30 	addls.w	ip, ip, #48	@ 0x30
10004e8e:	2b01      	cmp	r3, #1
10004e90:	f880 c000 	strb.w	ip, [r0]
10004e94:	f000 80a7 	beq.w	10004fe6 <pico_get_unique_board_id_string+0x176>
10004e98:	f002 020f 	and.w	r2, r2, #15
10004e9c:	2a09      	cmp	r2, #9
10004e9e:	bf8c      	ite	hi
10004ea0:	3237      	addhi	r2, #55	@ 0x37
10004ea2:	3230      	addls	r2, #48	@ 0x30
10004ea4:	2b02      	cmp	r3, #2
10004ea6:	7042      	strb	r2, [r0, #1]
10004ea8:	f000 809d 	beq.w	10004fe6 <pico_get_unique_board_id_string+0x176>
10004eac:	784a      	ldrb	r2, [r1, #1]
10004eae:	ea4f 1c12 	mov.w	ip, r2, lsr #4
10004eb2:	2a9f      	cmp	r2, #159	@ 0x9f
10004eb4:	bf8c      	ite	hi
10004eb6:	f10c 0c37 	addhi.w	ip, ip, #55	@ 0x37
10004eba:	f10c 0c30 	addls.w	ip, ip, #48	@ 0x30
10004ebe:	2b03      	cmp	r3, #3
10004ec0:	f880 c002 	strb.w	ip, [r0, #2]
10004ec4:	f000 808f 	beq.w	10004fe6 <pico_get_unique_board_id_string+0x176>
10004ec8:	f002 020f 	and.w	r2, r2, #15
10004ecc:	2a09      	cmp	r2, #9
10004ece:	bf8c      	ite	hi
10004ed0:	3237      	addhi	r2, #55	@ 0x37
10004ed2:	3230      	addls	r2, #48	@ 0x30
10004ed4:	2b04      	cmp	r3, #4
10004ed6:	70c2      	strb	r2, [r0, #3]
10004ed8:	f000 8085 	beq.w	10004fe6 <pico_get_unique_board_id_string+0x176>
10004edc:	788a      	ldrb	r2, [r1, #2]
10004ede:	ea4f 1c12 	mov.w	ip, r2, lsr #4
10004ee2:	2a9f      	cmp	r2, #159	@ 0x9f
10004ee4:	bf8c      	ite	hi
10004ee6:	f10c 0c37 	addhi.w	ip, ip, #55	@ 0x37
10004eea:	f10c 0c30 	addls.w	ip, ip, #48	@ 0x30
10004eee:	2b05      	cmp	r3, #5
10004ef0:	f880 c004 	strb.w	ip, [r0, #4]
10004ef4:	d077      	beq.n	10004fe6 <pico_get_unique_board_id_string+0x176>
10004ef6:	f002 020f 	and.w	r2, r2, #15
10004efa:	2a09      	cmp	r2, #9
10004efc:	bf8c      	ite	hi
10004efe:	3237      	addhi	r2, #55	@ 0x37
10004f00:	3230      	addls	r2, #48	@ 0x30
10004f02:	2b06      	cmp	r3, #6
10004f04:	7142      	strb	r2, [r0, #5]
10004f06:	d06e      	beq.n	10004fe6 <pico_get_unique_board_id_string+0x176>
10004f08:	78ca      	ldrb	r2, [r1, #3]
10004f0a:	ea4f 1c12 	mov.w	ip, r2, lsr #4
10004f0e:	2a9f      	cmp	r2, #159	@ 0x9f
10004f10:	bf8c      	ite	hi
10004f12:	f10c 0c37 	addhi.w	ip, ip, #55	@ 0x37
10004f16:	f10c 0c30 	addls.w	ip, ip, #48	@ 0x30
10004f1a:	2b07      	cmp	r3, #7
10004f1c:	f880 c006 	strb.w	ip, [r0, #6]
10004f20:	d061      	beq.n	10004fe6 <pico_get_unique_board_id_string+0x176>
10004f22:	f002 020f 	and.w	r2, r2, #15
10004f26:	2a09      	cmp	r2, #9
10004f28:	bf8c      	ite	hi
10004f2a:	3237      	addhi	r2, #55	@ 0x37
10004f2c:	3230      	addls	r2, #48	@ 0x30
10004f2e:	2b08      	cmp	r3, #8
10004f30:	71c2      	strb	r2, [r0, #7]
10004f32:	d058      	beq.n	10004fe6 <pico_get_unique_board_id_string+0x176>
10004f34:	790a      	ldrb	r2, [r1, #4]
10004f36:	ea4f 1c12 	mov.w	ip, r2, lsr #4
10004f3a:	2a9f      	cmp	r2, #159	@ 0x9f
10004f3c:	bf8c      	ite	hi
10004f3e:	f10c 0c37 	addhi.w	ip, ip, #55	@ 0x37
10004f42:	f10c 0c30 	addls.w	ip, ip, #48	@ 0x30
10004f46:	2b09      	cmp	r3, #9
10004f48:	f880 c008 	strb.w	ip, [r0, #8]
10004f4c:	d04b      	beq.n	10004fe6 <pico_get_unique_board_id_string+0x176>
10004f4e:	f002 020f 	and.w	r2, r2, #15
10004f52:	2a09      	cmp	r2, #9
10004f54:	bf8c      	ite	hi
10004f56:	3237      	addhi	r2, #55	@ 0x37
10004f58:	3230      	addls	r2, #48	@ 0x30
10004f5a:	2b0a      	cmp	r3, #10
10004f5c:	7242      	strb	r2, [r0, #9]
10004f5e:	d042      	beq.n	10004fe6 <pico_get_unique_board_id_string+0x176>
10004f60:	794a      	ldrb	r2, [r1, #5]
10004f62:	ea4f 1c12 	mov.w	ip, r2, lsr #4
10004f66:	2a9f      	cmp	r2, #159	@ 0x9f
10004f68:	bf8c      	ite	hi
10004f6a:	f10c 0c37 	addhi.w	ip, ip, #55	@ 0x37
10004f6e:	f10c 0c30 	addls.w	ip, ip, #48	@ 0x30
10004f72:	2b0b      	cmp	r3, #11
10004f74:	f880 c00a 	strb.w	ip, [r0, #10]
10004f78:	d035      	beq.n	10004fe6 <pico_get_unique_board_id_string+0x176>
10004f7a:	f002 020f 	and.w	r2, r2, #15
10004f7e:	2a09      	cmp	r2, #9
10004f80:	bf8c      	ite	hi
10004f82:	3237      	addhi	r2, #55	@ 0x37
10004f84:	3230      	addls	r2, #48	@ 0x30
10004f86:	2b0c      	cmp	r3, #12
10004f88:	72c2      	strb	r2, [r0, #11]
10004f8a:	d02c      	beq.n	10004fe6 <pico_get_unique_board_id_string+0x176>
10004f8c:	798a      	ldrb	r2, [r1, #6]
10004f8e:	ea4f 1c12 	mov.w	ip, r2, lsr #4
10004f92:	2a9f      	cmp	r2, #159	@ 0x9f
10004f94:	bf8c      	ite	hi
10004f96:	f10c 0c37 	addhi.w	ip, ip, #55	@ 0x37
10004f9a:	f10c 0c30 	addls.w	ip, ip, #48	@ 0x30
10004f9e:	2b0d      	cmp	r3, #13
10004fa0:	f880 c00c 	strb.w	ip, [r0, #12]
10004fa4:	d01f      	beq.n	10004fe6 <pico_get_unique_board_id_string+0x176>
10004fa6:	f002 020f 	and.w	r2, r2, #15
10004faa:	2a09      	cmp	r2, #9
10004fac:	bf8c      	ite	hi
10004fae:	3237      	addhi	r2, #55	@ 0x37
10004fb0:	3230      	addls	r2, #48	@ 0x30
10004fb2:	2b0e      	cmp	r3, #14
10004fb4:	7342      	strb	r2, [r0, #13]
10004fb6:	d016      	beq.n	10004fe6 <pico_get_unique_board_id_string+0x176>
10004fb8:	79ca      	ldrb	r2, [r1, #7]
10004fba:	0911      	lsrs	r1, r2, #4
10004fbc:	2a9f      	cmp	r2, #159	@ 0x9f
10004fbe:	bf8c      	ite	hi
10004fc0:	3137      	addhi	r1, #55	@ 0x37
10004fc2:	3130      	addls	r1, #48	@ 0x30
10004fc4:	2b0f      	cmp	r3, #15
10004fc6:	7381      	strb	r1, [r0, #14]
10004fc8:	d00d      	beq.n	10004fe6 <pico_get_unique_board_id_string+0x176>
10004fca:	f002 020f 	and.w	r2, r2, #15
10004fce:	2a09      	cmp	r2, #9
10004fd0:	bf94      	ite	ls
10004fd2:	3230      	addls	r2, #48	@ 0x30
10004fd4:	3237      	addhi	r2, #55	@ 0x37
10004fd6:	2b10      	cmp	r3, #16
10004fd8:	73c2      	strb	r2, [r0, #15]
10004fda:	bf18      	it	ne
10004fdc:	3010      	addne	r0, #16
10004fde:	d002      	beq.n	10004fe6 <pico_get_unique_board_id_string+0x176>
10004fe0:	2300      	movs	r3, #0
10004fe2:	7003      	strb	r3, [r0, #0]
10004fe4:	4770      	bx	lr
10004fe6:	4418      	add	r0, r3
10004fe8:	2300      	movs	r3, #0
10004fea:	7003      	strb	r3, [r0, #0]
10004fec:	4770      	bx	lr
10004fee:	bf00      	nop
10004ff0:	20002190 	.word	0x20002190

10004ff4 <dcd_init>:
10004ff4:	b570      	push	{r4, r5, r6, lr}
10004ff6:	f000 f92d 	bl	10005254 <rp2040_usb_init>
10004ffa:	230c      	movs	r3, #12
10004ffc:	2640      	movs	r6, #64	@ 0x40
10004ffe:	4c19      	ldr	r4, [pc, #100]	@ (10005064 <dcd_init+0x70>)
10005000:	22ff      	movs	r2, #255	@ 0xff
10005002:	67a3      	str	r3, [r4, #120]	@ 0x78
10005004:	200e      	movs	r0, #14
10005006:	4918      	ldr	r1, [pc, #96]	@ (10005068 <dcd_init+0x74>)
10005008:	f7fe f93c 	bl	10003284 <irq_add_shared_handler>
1000500c:	4632      	mov	r2, r6
1000500e:	2100      	movs	r1, #0
10005010:	4816      	ldr	r0, [pc, #88]	@ (1000506c <dcd_init+0x78>)
10005012:	f001 ffcb 	bl	10006fac <memset>
10005016:	2501      	movs	r5, #1
10005018:	2300      	movs	r3, #0
1000501a:	2180      	movs	r1, #128	@ 0x80
1000501c:	4813      	ldr	r0, [pc, #76]	@ (1000506c <dcd_init+0x78>)
1000501e:	4a14      	ldr	r2, [pc, #80]	@ (10005070 <dcd_init+0x7c>)
10005020:	8441      	strh	r1, [r0, #34]	@ 0x22
10005022:	7045      	strb	r5, [r0, #1]
10005024:	8306      	strh	r6, [r0, #24]
10005026:	8706      	strh	r6, [r0, #56]	@ 0x38
10005028:	6082      	str	r2, [r0, #8]
1000502a:	6043      	str	r3, [r0, #4]
1000502c:	6013      	str	r3, [r2, #0]
1000502e:	f842 3c04 	str.w	r3, [r2, #-4]
10005032:	f880 3021 	strb.w	r3, [r0, #33]	@ 0x21
10005036:	f880 303b 	strb.w	r3, [r0, #59]	@ 0x3b
1000503a:	6243      	str	r3, [r0, #36]	@ 0x24
1000503c:	4b0d      	ldr	r3, [pc, #52]	@ (10005074 <dcd_init+0x80>)
1000503e:	f04f 5600 	mov.w	r6, #536870912	@ 0x20000000
10005042:	60c3      	str	r3, [r0, #12]
10005044:	62c3      	str	r3, [r0, #44]	@ 0x2c
10005046:	3b80      	subs	r3, #128	@ 0x80
10005048:	6283      	str	r3, [r0, #40]	@ 0x28
1000504a:	f002 f8c9 	bl	100071e0 <__reset_non_control_endpoints_veneer>
1000504e:	f44f 3280 	mov.w	r2, #65536	@ 0x10000
10005052:	4909      	ldr	r1, [pc, #36]	@ (10005078 <dcd_init+0x84>)
10005054:	4b09      	ldr	r3, [pc, #36]	@ (1000507c <dcd_init+0x88>)
10005056:	6425      	str	r5, [r4, #64]	@ 0x40
10005058:	4628      	mov	r0, r5
1000505a:	64e6      	str	r6, [r4, #76]	@ 0x4c
1000505c:	f8c4 1090 	str.w	r1, [r4, #144]	@ 0x90
10005060:	64da      	str	r2, [r3, #76]	@ 0x4c
10005062:	bd70      	pop	{r4, r5, r6, pc}
10005064:	50110000 	.word	0x50110000
10005068:	200003a5 	.word	0x200003a5
1000506c:	20001aa8 	.word	0x20001aa8
10005070:	50100084 	.word	0x50100084
10005074:	50100100 	.word	0x50100100
10005078:	0001d010 	.word	0x0001d010
1000507c:	50112000 	.word	0x50112000

10005080 <dcd_int_enable>:
10005080:	2101      	movs	r1, #1
10005082:	200e      	movs	r0, #14
10005084:	f7fe b88c 	b.w	100031a0 <irq_set_enabled>

10005088 <dcd_set_address>:
10005088:	2200      	movs	r2, #0
1000508a:	4802      	ldr	r0, [pc, #8]	@ (10005094 <dcd_set_address+0xc>)
1000508c:	4611      	mov	r1, r2
1000508e:	f000 b901 	b.w	10005294 <hw_endpoint_xfer_start>
10005092:	bf00      	nop
10005094:	20001ac8 	.word	0x20001ac8

10005098 <dcd_sof_enable>:
10005098:	4b04      	ldr	r3, [pc, #16]	@ (100050ac <dcd_sof_enable+0x14>)
1000509a:	7019      	strb	r1, [r3, #0]
1000509c:	b121      	cbz	r1, 100050a8 <dcd_sof_enable+0x10>
1000509e:	f44f 3200 	mov.w	r2, #131072	@ 0x20000
100050a2:	4b03      	ldr	r3, [pc, #12]	@ (100050b0 <dcd_sof_enable+0x18>)
100050a4:	f8c3 2090 	str.w	r2, [r3, #144]	@ 0x90
100050a8:	4770      	bx	lr
100050aa:	bf00      	nop
100050ac:	200222b9 	.word	0x200222b9
100050b0:	50112000 	.word	0x50112000

100050b4 <dcd_edpt0_status_complete>:
100050b4:	780b      	ldrb	r3, [r1, #0]
100050b6:	065b      	lsls	r3, r3, #25
100050b8:	d102      	bne.n	100050c0 <dcd_edpt0_status_complete+0xc>
100050ba:	784b      	ldrb	r3, [r1, #1]
100050bc:	2b05      	cmp	r3, #5
100050be:	d000      	beq.n	100050c2 <dcd_edpt0_status_complete+0xe>
100050c0:	4770      	bx	lr
100050c2:	884b      	ldrh	r3, [r1, #2]
100050c4:	4a01      	ldr	r2, [pc, #4]	@ (100050cc <dcd_edpt0_status_complete+0x18>)
100050c6:	b2db      	uxtb	r3, r3
100050c8:	6013      	str	r3, [r2, #0]
100050ca:	4770      	bx	lr
100050cc:	50110000 	.word	0x50110000

100050d0 <dcd_edpt_open>:
100050d0:	78cb      	ldrb	r3, [r1, #3]
100050d2:	e92d 41f0 	stmdb	sp!, {r4, r5, r6, r7, r8, lr}
100050d6:	f003 0e03 	and.w	lr, r3, #3
100050da:	f1be 0f01 	cmp.w	lr, #1
100050de:	f3c3 0001 	ubfx	r0, r3, #0, #2
100050e2:	d05b      	beq.n	1000519c <dcd_edpt_open+0xcc>
100050e4:	2700      	movs	r7, #0
100050e6:	f891 c002 	ldrb.w	ip, [r1, #2]
100050ea:	4c34      	ldr	r4, [pc, #208]	@ (100051bc <dcd_edpt_open+0xec>)
100050ec:	f00c 027f 	and.w	r2, ip, #127	@ 0x7f
100050f0:	0056      	lsls	r6, r2, #1
100050f2:	8889      	ldrh	r1, [r1, #4]
100050f4:	eb06 13dc 	add.w	r3, r6, ip, lsr #7
100050f8:	eb04 1343 	add.w	r3, r4, r3, lsl #5
100050fc:	ea4f 15dc 	mov.w	r5, ip, lsr #7
10005100:	76d8      	strb	r0, [r3, #27]
10005102:	f3c1 010a 	ubfx	r1, r1, #0, #11
10005106:	f085 0001 	eor.w	r0, r5, #1
1000510a:	f883 c002 	strb.w	ip, [r3, #2]
1000510e:	8319      	strh	r1, [r3, #24]
10005110:	7058      	strb	r0, [r3, #1]
10005112:	70df      	strb	r7, [r3, #3]
10005114:	00d3      	lsls	r3, r2, #3
10005116:	bb8d      	cbnz	r5, 1000517c <dcd_edpt_open+0xac>
10005118:	4829      	ldr	r0, [pc, #164]	@ (100051c0 <dcd_edpt_open+0xf0>)
1000511a:	3304      	adds	r3, #4
1000511c:	eb04 1c82 	add.w	ip, r4, r2, lsl #6
10005120:	eb03 0800 	add.w	r8, r3, r0
10005124:	f8cc 8008 	str.w	r8, [ip, #8]
10005128:	501f      	str	r7, [r3, r0]
1000512a:	b382      	cbz	r2, 1000518e <dcd_edpt_open+0xbe>
1000512c:	4b25      	ldr	r3, [pc, #148]	@ (100051c4 <dcd_edpt_open+0xf4>)
1000512e:	00d2      	lsls	r2, r2, #3
10005130:	4413      	add	r3, r2
10005132:	f8cc 3004 	str.w	r3, [ip, #4]
10005136:	4b24      	ldr	r3, [pc, #144]	@ (100051c8 <dcd_edpt_open+0xf8>)
10005138:	313f      	adds	r1, #63	@ 0x3f
1000513a:	681a      	ldr	r2, [r3, #0]
1000513c:	f021 013f 	bic.w	r1, r1, #63	@ 0x3f
10005140:	f1be 0f02 	cmp.w	lr, #2
10005144:	bf08      	it	eq
10005146:	0049      	lsleq	r1, r1, #1
10005148:	4411      	add	r1, r2
1000514a:	6019      	str	r1, [r3, #0]
1000514c:	4b1f      	ldr	r3, [pc, #124]	@ (100051cc <dcd_edpt_open+0xfc>)
1000514e:	1977      	adds	r7, r6, r5
10005150:	eb04 1747 	add.w	r7, r4, r7, lsl #5
10005154:	4299      	cmp	r1, r3
10005156:	60fa      	str	r2, [r7, #12]
10005158:	d82b      	bhi.n	100051b2 <dcd_edpt_open+0xe2>
1000515a:	442e      	add	r6, r5
1000515c:	eb04 1346 	add.w	r3, r4, r6, lsl #5
10005160:	7ed9      	ldrb	r1, [r3, #27]
10005162:	f082 42a0 	eor.w	r2, r2, #1342177280	@ 0x50000000
10005166:	f482 1280 	eor.w	r2, r2, #1048576	@ 0x100000
1000516a:	685b      	ldr	r3, [r3, #4]
1000516c:	ea42 6281 	orr.w	r2, r2, r1, lsl #26
10005170:	f042 4200 	orr.w	r2, r2, #2147483648	@ 0x80000000
10005174:	601a      	str	r2, [r3, #0]
10005176:	2001      	movs	r0, #1
10005178:	e8bd 81f0 	ldmia.w	sp!, {r4, r5, r6, r7, r8, pc}
1000517c:	4810      	ldr	r0, [pc, #64]	@ (100051c0 <dcd_edpt_open+0xf0>)
1000517e:	eb04 1c82 	add.w	ip, r4, r2, lsl #6
10005182:	4403      	add	r3, r0
10005184:	f8cc 3028 	str.w	r3, [ip, #40]	@ 0x28
10005188:	f840 7032 	str.w	r7, [r0, r2, lsl #3]
1000518c:	b94a      	cbnz	r2, 100051a2 <dcd_edpt_open+0xd2>
1000518e:	2200      	movs	r2, #0
10005190:	490f      	ldr	r1, [pc, #60]	@ (100051d0 <dcd_edpt_open+0x100>)
10005192:	eb04 1345 	add.w	r3, r4, r5, lsl #5
10005196:	60d9      	str	r1, [r3, #12]
10005198:	605a      	str	r2, [r3, #4]
1000519a:	e7ec      	b.n	10005176 <dcd_edpt_open+0xa6>
1000519c:	2000      	movs	r0, #0
1000519e:	e8bd 81f0 	ldmia.w	sp!, {r4, r5, r6, r7, r8, pc}
100051a2:	00d2      	lsls	r2, r2, #3
100051a4:	f102 42a0 	add.w	r2, r2, #1342177280	@ 0x50000000
100051a8:	f502 1280 	add.w	r2, r2, #1048576	@ 0x100000
100051ac:	f8cc 2024 	str.w	r2, [ip, #36]	@ 0x24
100051b0:	e7c1      	b.n	10005136 <dcd_edpt_open+0x66>
100051b2:	f7ff f8e3 	bl	1000437c <hard_assertion_failure>
100051b6:	68fa      	ldr	r2, [r7, #12]
100051b8:	e7cf      	b.n	1000515a <dcd_edpt_open+0x8a>
100051ba:	bf00      	nop
100051bc:	20001aa8 	.word	0x20001aa8
100051c0:	50100080 	.word	0x50100080
100051c4:	50100004 	.word	0x50100004
100051c8:	20001eb0 	.word	0x20001eb0
100051cc:	50100fff 	.word	0x50100fff
100051d0:	50100100 	.word	0x50100100

100051d4 <dcd_edpt_close_all>:
100051d4:	f002 b804 	b.w	100071e0 <__reset_non_control_endpoints_veneer>

100051d8 <dcd_edpt_xfer>:
100051d8:	468c      	mov	ip, r1
100051da:	b508      	push	{r3, lr}
100051dc:	4611      	mov	r1, r2
100051de:	4807      	ldr	r0, [pc, #28]	@ (100051fc <dcd_edpt_xfer+0x24>)
100051e0:	461a      	mov	r2, r3
100051e2:	f00c 037f 	and.w	r3, ip, #127	@ 0x7f
100051e6:	ea4f 1cdc 	mov.w	ip, ip, lsr #7
100051ea:	eb0c 0c43 	add.w	ip, ip, r3, lsl #1
100051ee:	eb00 104c 	add.w	r0, r0, ip, lsl #5
100051f2:	f000 f84f 	bl	10005294 <hw_endpoint_xfer_start>
100051f6:	2001      	movs	r0, #1
100051f8:	bd08      	pop	{r3, pc}
100051fa:	bf00      	nop
100051fc:	20001aa8 	.word	0x20001aa8

10005200 <dcd_edpt_stall>:
10005200:	f011 027f 	ands.w	r2, r1, #127	@ 0x7f
10005204:	d105      	bne.n	10005212 <dcd_edpt_stall+0x12>
10005206:	2900      	cmp	r1, #0
10005208:	bf0c      	ite	eq
1000520a:	2002      	moveq	r0, #2
1000520c:	2001      	movne	r0, #1
1000520e:	4b06      	ldr	r3, [pc, #24]	@ (10005228 <dcd_edpt_stall+0x28>)
10005210:	6698      	str	r0, [r3, #104]	@ 0x68
10005212:	09c9      	lsrs	r1, r1, #7
10005214:	4b05      	ldr	r3, [pc, #20]	@ (1000522c <dcd_edpt_stall+0x2c>)
10005216:	eb01 0042 	add.w	r0, r1, r2, lsl #1
1000521a:	eb03 1040 	add.w	r0, r3, r0, lsl #5
1000521e:	f44f 6200 	mov.w	r2, #2048	@ 0x800
10005222:	2100      	movs	r1, #0
10005224:	f001 bfd0 	b.w	100071c8 <___hw_endpoint_buffer_control_update32_veneer>
10005228:	50112000 	.word	0x50112000
1000522c:	20001aa8 	.word	0x20001aa8

10005230 <dcd_edpt_clear_stall>:
10005230:	f011 037f 	ands.w	r3, r1, #127	@ 0x7f
10005234:	d100      	bne.n	10005238 <dcd_edpt_clear_stall+0x8>
10005236:	4770      	bx	lr
10005238:	2200      	movs	r2, #0
1000523a:	4805      	ldr	r0, [pc, #20]	@ (10005250 <dcd_edpt_clear_stall+0x20>)
1000523c:	005b      	lsls	r3, r3, #1
1000523e:	eb03 13d1 	add.w	r3, r3, r1, lsr #7
10005242:	eb00 1043 	add.w	r0, r0, r3, lsl #5
10005246:	f46f 6100 	mvn.w	r1, #2048	@ 0x800
1000524a:	70c2      	strb	r2, [r0, #3]
1000524c:	f001 bfbc 	b.w	100071c8 <___hw_endpoint_buffer_control_update32_veneer>
10005250:	20001aa8 	.word	0x20001aa8

10005254 <rp2040_usb_init>:
10005254:	f04f 5280 	mov.w	r2, #268435456	@ 0x10000000
10005258:	4809      	ldr	r0, [pc, #36]	@ (10005280 <rp2040_usb_init+0x2c>)
1000525a:	490a      	ldr	r1, [pc, #40]	@ (10005284 <rp2040_usb_init+0x30>)
1000525c:	b508      	push	{r3, lr}
1000525e:	4b0a      	ldr	r3, [pc, #40]	@ (10005288 <rp2040_usb_init+0x34>)
10005260:	6002      	str	r2, [r0, #0]
10005262:	600a      	str	r2, [r1, #0]
10005264:	6899      	ldr	r1, [r3, #8]
10005266:	43c9      	mvns	r1, r1
10005268:	f011 5180 	ands.w	r1, r1, #268435456	@ 0x10000000
1000526c:	d1fa      	bne.n	10005264 <rp2040_usb_init+0x10>
1000526e:	f44f 5280 	mov.w	r2, #4096	@ 0x1000
10005272:	4806      	ldr	r0, [pc, #24]	@ (1000528c <rp2040_usb_init+0x38>)
10005274:	f001 fe9a 	bl	10006fac <memset>
10005278:	2209      	movs	r2, #9
1000527a:	4b05      	ldr	r3, [pc, #20]	@ (10005290 <rp2040_usb_init+0x3c>)
1000527c:	675a      	str	r2, [r3, #116]	@ 0x74
1000527e:	bd08      	pop	{r3, pc}
10005280:	40022000 	.word	0x40022000
10005284:	40023000 	.word	0x40023000
10005288:	40020000 	.word	0x40020000
1000528c:	50100000 	.word	0x50100000
10005290:	50110000 	.word	0x50110000

10005294 <hw_endpoint_xfer_start>:
10005294:	2300      	movs	r3, #0
10005296:	f04f 0c01 	mov.w	ip, #1
1000529a:	b510      	push	{r4, lr}
1000529c:	f880 c01a 	strb.w	ip, [r0, #26]
100052a0:	8282      	strh	r2, [r0, #20]
100052a2:	82c3      	strh	r3, [r0, #22]
100052a4:	6101      	str	r1, [r0, #16]
100052a6:	4604      	mov	r4, r0
100052a8:	f001 ff82 	bl	100071b0 <__e15_is_bulkin_ep_veneer>
100052ac:	b120      	cbz	r0, 100052b8 <hw_endpoint_xfer_start+0x24>
100052ae:	f44f 3200 	mov.w	r2, #131072	@ 0x20000
100052b2:	4b07      	ldr	r3, [pc, #28]	@ (100052d0 <hw_endpoint_xfer_start+0x3c>)
100052b4:	f8c3 2090 	str.w	r2, [r3, #144]	@ 0x90
100052b8:	4620      	mov	r0, r4
100052ba:	f001 ff75 	bl	100071a8 <__e15_is_critical_frame_period_veneer>
100052be:	b110      	cbz	r0, 100052c6 <hw_endpoint_xfer_start+0x32>
100052c0:	2301      	movs	r3, #1
100052c2:	7723      	strb	r3, [r4, #28]
100052c4:	bd10      	pop	{r4, pc}
100052c6:	4620      	mov	r0, r4
100052c8:	e8bd 4010 	ldmia.w	sp!, {r4, lr}
100052cc:	f001 bf68 	b.w	100071a0 <__hw_endpoint_start_next_buffer_veneer>
100052d0:	50112000 	.word	0x50112000

100052d4 <configuration_reset>:
100052d4:	e92d 41f0 	stmdb	sp!, {r4, r5, r6, r7, r8, lr}
100052d8:	2400      	movs	r4, #0
100052da:	4e1d      	ldr	r6, [pc, #116]	@ (10005350 <configuration_reset+0x7c>)
100052dc:	4605      	mov	r5, r0
100052de:	4623      	mov	r3, r4
100052e0:	7832      	ldrb	r2, [r6, #0]
100052e2:	f8df 8078 	ldr.w	r8, [pc, #120]	@ 1000535c <configuration_reset+0x88>
100052e6:	4f1b      	ldr	r7, [pc, #108]	@ (10005354 <configuration_reset+0x80>)
100052e8:	e00d      	b.n	10005306 <configuration_reset+0x32>
100052ea:	683b      	ldr	r3, [r7, #0]
100052ec:	eb13 1344 	adds.w	r3, r3, r4, lsl #5
100052f0:	d024      	beq.n	1000533c <configuration_reset+0x68>
100052f2:	68db      	ldr	r3, [r3, #12]
100052f4:	4628      	mov	r0, r5
100052f6:	4798      	blx	r3
100052f8:	7832      	ldrb	r2, [r6, #0]
100052fa:	3401      	adds	r4, #1
100052fc:	b2e4      	uxtb	r4, r4
100052fe:	1c51      	adds	r1, r2, #1
10005300:	42a1      	cmp	r1, r4
10005302:	4623      	mov	r3, r4
10005304:	db06      	blt.n	10005314 <configuration_reset+0x40>
10005306:	42a2      	cmp	r2, r4
10005308:	eba3 0302 	sub.w	r3, r3, r2
1000530c:	d8ed      	bhi.n	100052ea <configuration_reset+0x16>
1000530e:	eb08 1343 	add.w	r3, r8, r3, lsl #5
10005312:	e7ee      	b.n	100052f2 <configuration_reset+0x1e>
10005314:	2254      	movs	r2, #84	@ 0x54
10005316:	2100      	movs	r1, #0
10005318:	480f      	ldr	r0, [pc, #60]	@ (10005358 <configuration_reset+0x84>)
1000531a:	f001 fe47 	bl	10006fac <memset>
1000531e:	f04f 33ff 	mov.w	r3, #4294967295	@ 0xffffffff
10005322:	480d      	ldr	r0, [pc, #52]	@ (10005358 <configuration_reset+0x84>)
10005324:	2220      	movs	r2, #32
10005326:	1d04      	adds	r4, r0, #4
10005328:	6043      	str	r3, [r0, #4]
1000532a:	e9c4 3301 	strd	r3, r3, [r4, #4]
1000532e:	60e3      	str	r3, [r4, #12]
10005330:	21ff      	movs	r1, #255	@ 0xff
10005332:	e8bd 41f0 	ldmia.w	sp!, {r4, r5, r6, r7, r8, lr}
10005336:	3014      	adds	r0, #20
10005338:	f001 be38 	b.w	10006fac <memset>
1000533c:	f04f 23e0 	mov.w	r3, #3758153728	@ 0xe000e000
10005340:	f8d3 3df0 	ldr.w	r3, [r3, #3568]	@ 0xdf0
10005344:	07db      	lsls	r3, r3, #31
10005346:	d500      	bpl.n	1000534a <configuration_reset+0x76>
10005348:	be00      	bkpt	0x0000
1000534a:	e8bd 81f0 	ldmia.w	sp!, {r4, r5, r6, r7, r8, pc}
1000534e:	bf00      	nop
10005350:	200222b8 	.word	0x200222b8
10005354:	20001480 	.word	0x20001480
10005358:	20001650 	.word	0x20001650
1000535c:	100075ac 	.word	0x100075ac

10005360 <tud_event_hook_cb>:
10005360:	4770      	bx	lr
10005362:	bf00      	nop

10005364 <tud_sof_cb>:
10005364:	4770      	bx	lr
10005366:	bf00      	nop

10005368 <tud_descriptor_device_qualifier_cb>:
10005368:	2000      	movs	r0, #0
1000536a:	4770      	bx	lr

1000536c <tud_descriptor_other_speed_configuration_cb>:
1000536c:	2000      	movs	r0, #0
1000536e:	4770      	bx	lr

10005370 <tud_mount_cb>:
10005370:	4770      	bx	lr
10005372:	bf00      	nop

10005374 <tud_umount_cb>:
10005374:	4770      	bx	lr
10005376:	bf00      	nop

10005378 <tud_suspend_cb>:
10005378:	4770      	bx	lr
1000537a:	bf00      	nop

1000537c <tud_resume_cb>:
1000537c:	4770      	bx	lr
1000537e:	bf00      	nop

10005380 <tud_mounted>:
10005380:	4b02      	ldr	r3, [pc, #8]	@ (1000538c <tud_mounted+0xc>)
10005382:	7858      	ldrb	r0, [r3, #1]
10005384:	3800      	subs	r0, #0
10005386:	bf18      	it	ne
10005388:	2001      	movne	r0, #1
1000538a:	4770      	bx	lr
1000538c:	20001650 	.word	0x20001650

10005390 <tud_suspended>:
10005390:	4b02      	ldr	r3, [pc, #8]	@ (1000539c <tud_suspended+0xc>)
10005392:	7818      	ldrb	r0, [r3, #0]
10005394:	f3c0 0080 	ubfx	r0, r0, #2, #1
10005398:	4770      	bx	lr
1000539a:	bf00      	nop
1000539c:	20001650 	.word	0x20001650

100053a0 <tud_rhport_init>:
100053a0:	e92d 47f0 	stmdb	sp!, {r4, r5, r6, r7, r8, r9, sl, lr}
100053a4:	f8df a0e4 	ldr.w	sl, [pc, #228]	@ 1000548c <tud_rhport_init+0xec>
100053a8:	f89a 3000 	ldrb.w	r3, [sl]
100053ac:	2bff      	cmp	r3, #255	@ 0xff
100053ae:	d156      	bne.n	1000545e <tud_rhport_init+0xbe>
100053b0:	460e      	mov	r6, r1
100053b2:	2900      	cmp	r1, #0
100053b4:	d03e      	beq.n	10005434 <tud_rhport_init+0x94>
100053b6:	2100      	movs	r1, #0
100053b8:	2254      	movs	r2, #84	@ 0x54
100053ba:	4607      	mov	r7, r0
100053bc:	4829      	ldr	r0, [pc, #164]	@ (10005464 <tud_rhport_init+0xc4>)
100053be:	f001 fdf5 	bl	10006fac <memset>
100053c2:	2200      	movs	r2, #0
100053c4:	4c28      	ldr	r4, [pc, #160]	@ (10005468 <tud_rhport_init+0xc8>)
100053c6:	4b29      	ldr	r3, [pc, #164]	@ (1000546c <tud_rhport_init+0xcc>)
100053c8:	4620      	mov	r0, r4
100053ca:	701a      	strb	r2, [r3, #0]
100053cc:	f7fe f904 	bl	100035d8 <mutex_init>
100053d0:	4b27      	ldr	r3, [pc, #156]	@ (10005470 <tud_rhport_init+0xd0>)
100053d2:	4828      	ldr	r0, [pc, #160]	@ (10005474 <tud_rhport_init+0xd4>)
100053d4:	601c      	str	r4, [r3, #0]
100053d6:	4c28      	ldr	r4, [pc, #160]	@ (10005478 <tud_rhport_init+0xd8>)
100053d8:	f7fe f90c 	bl	100035f4 <critical_section_init>
100053dc:	4620      	mov	r0, r4
100053de:	f001 fdab 	bl	10006f38 <tu_fifo_clear>
100053e2:	4a26      	ldr	r2, [pc, #152]	@ (1000547c <tud_rhport_init+0xdc>)
100053e4:	4b26      	ldr	r3, [pc, #152]	@ (10005480 <tud_rhport_init+0xe0>)
100053e6:	6014      	str	r4, [r2, #0]
100053e8:	b123      	cbz	r3, 100053f4 <tud_rhport_init+0x54>
100053ea:	4826      	ldr	r0, [pc, #152]	@ (10005484 <tud_rhport_init+0xe4>)
100053ec:	f7ff fac4 	bl	10004978 <usbd_app_driver_get_cb>
100053f0:	4b25      	ldr	r3, [pc, #148]	@ (10005488 <tud_rhport_init+0xe8>)
100053f2:	6018      	str	r0, [r3, #0]
100053f4:	2400      	movs	r4, #0
100053f6:	4d23      	ldr	r5, [pc, #140]	@ (10005484 <tud_rhport_init+0xe4>)
100053f8:	4623      	mov	r3, r4
100053fa:	782a      	ldrb	r2, [r5, #0]
100053fc:	f8df 9090 	ldr.w	r9, [pc, #144]	@ 10005490 <tud_rhport_init+0xf0>
10005400:	f8df 8084 	ldr.w	r8, [pc, #132]	@ 10005488 <tud_rhport_init+0xe8>
10005404:	e00e      	b.n	10005424 <tud_rhport_init+0x84>
10005406:	f8d8 3000 	ldr.w	r3, [r8]
1000540a:	eb13 1344 	adds.w	r3, r3, r4, lsl #5
1000540e:	d011      	beq.n	10005434 <tud_rhport_init+0x94>
10005410:	685b      	ldr	r3, [r3, #4]
10005412:	b17b      	cbz	r3, 10005434 <tud_rhport_init+0x94>
10005414:	4798      	blx	r3
10005416:	782a      	ldrb	r2, [r5, #0]
10005418:	3401      	adds	r4, #1
1000541a:	b2e4      	uxtb	r4, r4
1000541c:	1c51      	adds	r1, r2, #1
1000541e:	42a1      	cmp	r1, r4
10005420:	4623      	mov	r3, r4
10005422:	db11      	blt.n	10005448 <tud_rhport_init+0xa8>
10005424:	42a2      	cmp	r2, r4
10005426:	d8ee      	bhi.n	10005406 <tud_rhport_init+0x66>
10005428:	1a9b      	subs	r3, r3, r2
1000542a:	eb09 1343 	add.w	r3, r9, r3, lsl #5
1000542e:	685b      	ldr	r3, [r3, #4]
10005430:	2b00      	cmp	r3, #0
10005432:	d1ef      	bne.n	10005414 <tud_rhport_init+0x74>
10005434:	f04f 23e0 	mov.w	r3, #3758153728	@ 0xe000e000
10005438:	f8d3 3df0 	ldr.w	r3, [r3, #3568]	@ 0xdf0
1000543c:	07db      	lsls	r3, r3, #31
1000543e:	d500      	bpl.n	10005442 <tud_rhport_init+0xa2>
10005440:	be00      	bkpt	0x0000
10005442:	2000      	movs	r0, #0
10005444:	e8bd 87f0 	ldmia.w	sp!, {r4, r5, r6, r7, r8, r9, sl, pc}
10005448:	4631      	mov	r1, r6
1000544a:	4638      	mov	r0, r7
1000544c:	f88a 7000 	strb.w	r7, [sl]
10005450:	f7ff fdd0 	bl	10004ff4 <dcd_init>
10005454:	2800      	cmp	r0, #0
10005456:	d0ed      	beq.n	10005434 <tud_rhport_init+0x94>
10005458:	4638      	mov	r0, r7
1000545a:	f7ff fe11 	bl	10005080 <dcd_int_enable>
1000545e:	2001      	movs	r0, #1
10005460:	e8bd 87f0 	ldmia.w	sp!, {r4, r5, r6, r7, r8, r9, sl, pc}
10005464:	20001650 	.word	0x20001650
10005468:	20001648 	.word	0x20001648
1000546c:	200222ba 	.word	0x200222ba
10005470:	200016a4 	.word	0x200016a4
10005474:	20001298 	.word	0x20001298
10005478:	20001284 	.word	0x20001284
1000547c:	200016a8 	.word	0x200016a8
10005480:	10004979 	.word	0x10004979
10005484:	200222b8 	.word	0x200222b8
10005488:	20001480 	.word	0x20001480
1000548c:	200012a0 	.word	0x200012a0
10005490:	100075ac 	.word	0x100075ac

10005494 <tud_task_ext>:
10005494:	e92d 4ff0 	stmdb	sp!, {r4, r5, r6, r7, r8, r9, sl, fp, lr}
10005498:	f8df 92c8 	ldr.w	r9, [pc, #712]	@ 10005764 <tud_task_ext+0x2d0>
1000549c:	b08b      	sub	sp, #44	@ 0x2c
1000549e:	f899 3000 	ldrb.w	r3, [r9]
100054a2:	2bff      	cmp	r3, #255	@ 0xff
100054a4:	f000 80f1 	beq.w	1000568a <tud_task_ext+0x1f6>
100054a8:	4ca8      	ldr	r4, [pc, #672]	@ (1000574c <tud_task_ext+0x2b8>)
100054aa:	4da9      	ldr	r5, [pc, #676]	@ (10005750 <tud_task_ext+0x2bc>)
100054ac:	f8df a2b0 	ldr.w	sl, [pc, #688]	@ 10005760 <tud_task_ext+0x2cc>
100054b0:	f8df b2b4 	ldr.w	fp, [pc, #692]	@ 10005768 <tud_task_ext+0x2d4>
100054b4:	6826      	ldr	r6, [r4, #0]
100054b6:	6973      	ldr	r3, [r6, #20]
100054b8:	f3ef 8210 	mrs	r2, PRIMASK
100054bc:	b672      	cpsid	i
100054be:	e8d3 0fcf 	ldaexb	r0, [r3]
100054c2:	2101      	movs	r1, #1
100054c4:	2800      	cmp	r0, #0
100054c6:	d1fa      	bne.n	100054be <tud_task_ext+0x2a>
100054c8:	e8c3 1f40 	strexb	r0, r1, [r3]
100054cc:	2800      	cmp	r0, #0
100054ce:	d1f6      	bne.n	100054be <tud_task_ext+0x2a>
100054d0:	f3bf 8f5f 	dmb	sy
100054d4:	61b2      	str	r2, [r6, #24]
100054d6:	4630      	mov	r0, r6
100054d8:	a907      	add	r1, sp, #28
100054da:	f001 fb77 	bl	10006bcc <tu_fifo_read>
100054de:	2300      	movs	r3, #0
100054e0:	6972      	ldr	r2, [r6, #20]
100054e2:	e8c2 3f8f 	stlb	r3, [r2]
100054e6:	69b3      	ldr	r3, [r6, #24]
100054e8:	f383 8810 	msr	PRIMASK, r3
100054ec:	2800      	cmp	r0, #0
100054ee:	f000 80cc 	beq.w	1000568a <tud_task_ext+0x1f6>
100054f2:	f89d 301d 	ldrb.w	r3, [sp, #29]
100054f6:	3b01      	subs	r3, #1
100054f8:	2b07      	cmp	r3, #7
100054fa:	f200 837d 	bhi.w	10005bf8 <tud_task_ext+0x764>
100054fe:	e8df f003 	tbb	[pc, r3]
10005502:	b1a7      	.short	0xb1a7
10005504:	358e9d95 	.word	0x358e9d95
10005508:	040a      	.short	0x040a
1000550a:	9b08      	ldr	r3, [sp, #32]
1000550c:	2b00      	cmp	r3, #0
1000550e:	d0d1      	beq.n	100054b4 <tud_task_ext+0x20>
10005510:	9809      	ldr	r0, [sp, #36]	@ 0x24
10005512:	4798      	blx	r3
10005514:	e7ce      	b.n	100054b4 <tud_task_ext+0x20>
10005516:	f89d 1020 	ldrb.w	r1, [sp, #32]
1000551a:	f001 067f 	and.w	r6, r1, #127	@ 0x7f
1000551e:	eb05 0046 	add.w	r0, r5, r6, lsl #1
10005522:	eb00 10d1 	add.w	r0, r0, r1, lsr #7
10005526:	f890 3034 	ldrb.w	r3, [r0, #52]	@ 0x34
1000552a:	f023 0301 	bic.w	r3, r3, #1
1000552e:	f880 3034 	strb.w	r3, [r0, #52]	@ 0x34
10005532:	f890 3034 	ldrb.w	r3, [r0, #52]	@ 0x34
10005536:	f023 0304 	bic.w	r3, r3, #4
1000553a:	f880 3034 	strb.w	r3, [r0, #52]	@ 0x34
1000553e:	2e00      	cmp	r6, #0
10005540:	f000 80a6 	beq.w	10005690 <tud_task_ext+0x1fc>
10005544:	7d03      	ldrb	r3, [r0, #20]
10005546:	f89a 2000 	ldrb.w	r2, [sl]
1000554a:	4293      	cmp	r3, r2
1000554c:	f080 8093 	bcs.w	10005676 <tud_task_ext+0x1e2>
10005550:	4a80      	ldr	r2, [pc, #512]	@ (10005754 <tud_task_ext+0x2c0>)
10005552:	6812      	ldr	r2, [r2, #0]
10005554:	eb12 1343 	adds.w	r3, r2, r3, lsl #5
10005558:	f000 8090 	beq.w	1000567c <tud_task_ext+0x1e8>
1000555c:	699e      	ldr	r6, [r3, #24]
1000555e:	f89d 2021 	ldrb.w	r2, [sp, #33]	@ 0x21
10005562:	9b09      	ldr	r3, [sp, #36]	@ 0x24
10005564:	f89d 001c 	ldrb.w	r0, [sp, #28]
10005568:	47b0      	blx	r6
1000556a:	e7a3      	b.n	100054b4 <tud_task_ext+0x20>
1000556c:	f89b 3000 	ldrb.w	r3, [fp]
10005570:	2b00      	cmp	r3, #0
10005572:	f000 8083 	beq.w	1000567c <tud_task_ext+0x1e8>
10005576:	f89b 3000 	ldrb.w	r3, [fp]
1000557a:	3b01      	subs	r3, #1
1000557c:	b2db      	uxtb	r3, r3
1000557e:	f88b 3000 	strb.w	r3, [fp]
10005582:	f89b 3000 	ldrb.w	r3, [fp]
10005586:	f003 00ff 	and.w	r0, r3, #255	@ 0xff
1000558a:	2b00      	cmp	r3, #0
1000558c:	d192      	bne.n	100054b4 <tud_task_ext+0x20>
1000558e:	4f70      	ldr	r7, [pc, #448]	@ (10005750 <tud_task_ext+0x2bc>)
10005590:	f89d 801c 	ldrb.w	r8, [sp, #28]
10005594:	783b      	ldrb	r3, [r7, #0]
10005596:	f043 0301 	orr.w	r3, r3, #1
1000559a:	703b      	strb	r3, [r7, #0]
1000559c:	f897 3034 	ldrb.w	r3, [r7, #52]	@ 0x34
100055a0:	f360 0300 	bfi	r3, r0, #0, #1
100055a4:	f887 3034 	strb.w	r3, [r7, #52]	@ 0x34
100055a8:	f897 3034 	ldrb.w	r3, [r7, #52]	@ 0x34
100055ac:	f360 0382 	bfi	r3, r0, #2, #1
100055b0:	f887 3034 	strb.w	r3, [r7, #52]	@ 0x34
100055b4:	f897 3035 	ldrb.w	r3, [r7, #53]	@ 0x35
100055b8:	f360 0300 	bfi	r3, r0, #0, #1
100055bc:	f887 3035 	strb.w	r3, [r7, #53]	@ 0x35
100055c0:	f897 3035 	ldrb.w	r3, [r7, #53]	@ 0x35
100055c4:	f360 0382 	bfi	r3, r0, #2, #1
100055c8:	f887 3035 	strb.w	r3, [r7, #53]	@ 0x35
100055cc:	f000 fc6c 	bl	10005ea8 <usbd_control_set_complete_callback>
100055d0:	f89d 3020 	ldrb.w	r3, [sp, #32]
100055d4:	f003 0260 	and.w	r2, r3, #96	@ 0x60
100055d8:	2a60      	cmp	r2, #96	@ 0x60
100055da:	d06c      	beq.n	100056b6 <tud_task_ext+0x222>
100055dc:	2a40      	cmp	r2, #64	@ 0x40
100055de:	d07c      	beq.n	100056da <tud_task_ext+0x246>
100055e0:	f003 031f 	and.w	r3, r3, #31
100055e4:	2b01      	cmp	r3, #1
100055e6:	f000 80c1 	beq.w	1000576c <tud_task_ext+0x2d8>
100055ea:	2b02      	cmp	r3, #2
100055ec:	f000 8081 	beq.w	100056f2 <tud_task_ext+0x25e>
100055f0:	2b00      	cmp	r3, #0
100055f2:	d160      	bne.n	100056b6 <tud_task_ext+0x222>
100055f4:	2a20      	cmp	r2, #32
100055f6:	f000 81e9 	beq.w	100059cc <tud_task_ext+0x538>
100055fa:	2a00      	cmp	r2, #0
100055fc:	d15b      	bne.n	100056b6 <tud_task_ext+0x222>
100055fe:	f89d 3021 	ldrb.w	r3, [sp, #33]	@ 0x21
10005602:	2b09      	cmp	r3, #9
10005604:	d857      	bhi.n	100056b6 <tud_task_ext+0x222>
10005606:	e8df f013 	tbh	[pc, r3, lsl #1]
1000560a:	01b0      	.short	0x01b0
1000560c:	005601a2 	.word	0x005601a2
10005610:	005601c1 	.word	0x005601c1
10005614:	016b0195 	.word	0x016b0195
10005618:	01600056 	.word	0x01600056
1000561c:	00f4      	.short	0x00f4
1000561e:	782b      	ldrb	r3, [r5, #0]
10005620:	07d9      	lsls	r1, r3, #31
10005622:	f57f af47 	bpl.w	100054b4 <tud_task_ext+0x20>
10005626:	f7ff fea9 	bl	1000537c <tud_resume_cb>
1000562a:	e743      	b.n	100054b4 <tud_task_ext+0x20>
1000562c:	78eb      	ldrb	r3, [r5, #3]
1000562e:	07da      	lsls	r2, r3, #31
10005630:	f57f af40 	bpl.w	100054b4 <tud_task_ext+0x20>
10005634:	9808      	ldr	r0, [sp, #32]
10005636:	f7ff fe95 	bl	10005364 <tud_sof_cb>
1000563a:	e73b      	b.n	100054b4 <tud_task_ext+0x20>
1000563c:	782b      	ldrb	r3, [r5, #0]
1000563e:	07d8      	lsls	r0, r3, #31
10005640:	f57f af38 	bpl.w	100054b4 <tud_task_ext+0x20>
10005644:	7828      	ldrb	r0, [r5, #0]
10005646:	f3c0 00c0 	ubfx	r0, r0, #3, #1
1000564a:	f7ff fe95 	bl	10005378 <tud_suspend_cb>
1000564e:	e731      	b.n	100054b4 <tud_task_ext+0x20>
10005650:	f89d 001c 	ldrb.w	r0, [sp, #28]
10005654:	f7ff fe3e 	bl	100052d4 <configuration_reset>
10005658:	f000 fc1c 	bl	10005e94 <usbd_control_reset>
1000565c:	f89d 3020 	ldrb.w	r3, [sp, #32]
10005660:	70ab      	strb	r3, [r5, #2]
10005662:	e727      	b.n	100054b4 <tud_task_ext+0x20>
10005664:	f89d 001c 	ldrb.w	r0, [sp, #28]
10005668:	f7ff fe34 	bl	100052d4 <configuration_reset>
1000566c:	f000 fc12 	bl	10005e94 <usbd_control_reset>
10005670:	f7ff fe80 	bl	10005374 <tud_umount_cb>
10005674:	e71e      	b.n	100054b4 <tud_task_ext+0x20>
10005676:	1c50      	adds	r0, r2, #1
10005678:	4298      	cmp	r0, r3
1000567a:	da11      	bge.n	100056a0 <tud_task_ext+0x20c>
1000567c:	f04f 23e0 	mov.w	r3, #3758153728	@ 0xe000e000
10005680:	f8d3 3df0 	ldr.w	r3, [r3, #3568]	@ 0xdf0
10005684:	07dc      	lsls	r4, r3, #31
10005686:	d500      	bpl.n	1000568a <tud_task_ext+0x1f6>
10005688:	be00      	bkpt	0x0000
1000568a:	b00b      	add	sp, #44	@ 0x2c
1000568c:	e8bd 8ff0 	ldmia.w	sp!, {r4, r5, r6, r7, r8, r9, sl, fp, pc}
10005690:	9b09      	ldr	r3, [sp, #36]	@ 0x24
10005692:	f89d 2021 	ldrb.w	r2, [sp, #33]	@ 0x21
10005696:	f89d 001c 	ldrb.w	r0, [sp, #28]
1000569a:	f000 fc19 	bl	10005ed0 <usbd_control_xfer_cb>
1000569e:	e709      	b.n	100054b4 <tud_task_ext+0x20>
100056a0:	1a9b      	subs	r3, r3, r2
100056a2:	4a2d      	ldr	r2, [pc, #180]	@ (10005758 <tud_task_ext+0x2c4>)
100056a4:	eb02 1343 	add.w	r3, r2, r3, lsl #5
100056a8:	e758      	b.n	1000555c <tud_task_ext+0xc8>
100056aa:	f7ff fb8d 	bl	10004dc8 <tud_descriptor_configuration_cb>
100056ae:	4602      	mov	r2, r0
100056b0:	2800      	cmp	r0, #0
100056b2:	f040 8182 	bne.w	100059ba <tud_task_ext+0x526>
100056b6:	f04f 23e0 	mov.w	r3, #3758153728	@ 0xe000e000
100056ba:	f8d3 3df0 	ldr.w	r3, [r3, #3568]	@ 0xdf0
100056be:	07de      	lsls	r6, r3, #31
100056c0:	d500      	bpl.n	100056c4 <tud_task_ext+0x230>
100056c2:	be00      	bkpt	0x0000
100056c4:	f89d 001c 	ldrb.w	r0, [sp, #28]
100056c8:	2100      	movs	r1, #0
100056ca:	f7ff fd99 	bl	10005200 <dcd_edpt_stall>
100056ce:	2180      	movs	r1, #128	@ 0x80
100056d0:	f89d 001c 	ldrb.w	r0, [sp, #28]
100056d4:	f7ff fd94 	bl	10005200 <dcd_edpt_stall>
100056d8:	e6ec      	b.n	100054b4 <tud_task_ext+0x20>
100056da:	4820      	ldr	r0, [pc, #128]	@ (1000575c <tud_task_ext+0x2c8>)
100056dc:	f000 fbe4 	bl	10005ea8 <usbd_control_set_complete_callback>
100056e0:	2101      	movs	r1, #1
100056e2:	4640      	mov	r0, r8
100056e4:	aa08      	add	r2, sp, #32
100056e6:	f7ff f933 	bl	10004950 <tud_vendor_control_xfer_cb>
100056ea:	2800      	cmp	r0, #0
100056ec:	f47f aee2 	bne.w	100054b4 <tud_task_ext+0x20>
100056f0:	e7e8      	b.n	100056c4 <tud_task_ext+0x230>
100056f2:	f89d 1024 	ldrb.w	r1, [sp, #36]	@ 0x24
100056f6:	f011 0f70 	tst.w	r1, #112	@ 0x70
100056fa:	d1dc      	bne.n	100056b6 <tud_task_ext+0x222>
100056fc:	f001 067f 	and.w	r6, r1, #127	@ 0x7f
10005700:	eb07 0046 	add.w	r0, r7, r6, lsl #1
10005704:	4b16      	ldr	r3, [pc, #88]	@ (10005760 <tud_task_ext+0x2cc>)
10005706:	eb00 10d1 	add.w	r0, r0, r1, lsr #7
1000570a:	781b      	ldrb	r3, [r3, #0]
1000570c:	7d00      	ldrb	r0, [r0, #20]
1000570e:	0076      	lsls	r6, r6, #1
10005710:	9601      	str	r6, [sp, #4]
10005712:	4298      	cmp	r0, r3
10005714:	ea4f 16d1 	mov.w	r6, r1, lsr #7
10005718:	9600      	str	r6, [sp, #0]
1000571a:	d359      	bcc.n	100057d0 <tud_task_ext+0x33c>
1000571c:	1c5e      	adds	r6, r3, #1
1000571e:	4286      	cmp	r6, r0
10005720:	f2c0 8166 	blt.w	100059f0 <tud_task_ext+0x55c>
10005724:	1ac0      	subs	r0, r0, r3
10005726:	4b0c      	ldr	r3, [pc, #48]	@ (10005758 <tud_task_ext+0x2c4>)
10005728:	eb03 1640 	add.w	r6, r3, r0, lsl #5
1000572c:	2a00      	cmp	r2, #0
1000572e:	f000 8163 	beq.w	100059f8 <tud_task_ext+0x564>
10005732:	6970      	ldr	r0, [r6, #20]
10005734:	f000 fbb8 	bl	10005ea8 <usbd_control_set_complete_callback>
10005738:	2101      	movs	r1, #1
1000573a:	4640      	mov	r0, r8
1000573c:	6973      	ldr	r3, [r6, #20]
1000573e:	aa08      	add	r2, sp, #32
10005740:	4798      	blx	r3
10005742:	2800      	cmp	r0, #0
10005744:	f47f aeb6 	bne.w	100054b4 <tud_task_ext+0x20>
10005748:	e7bc      	b.n	100056c4 <tud_task_ext+0x230>
1000574a:	bf00      	nop
1000574c:	200016a8 	.word	0x200016a8
10005750:	20001650 	.word	0x20001650
10005754:	20001480 	.word	0x20001480
10005758:	100075ac 	.word	0x100075ac
1000575c:	10004951 	.word	0x10004951
10005760:	200222b8 	.word	0x200222b8
10005764:	200012a0 	.word	0x200012a0
10005768:	200222ba 	.word	0x200222ba
1000576c:	f89d 3024 	ldrb.w	r3, [sp, #36]	@ 0x24
10005770:	2b0f      	cmp	r3, #15
10005772:	d8a7      	bhi.n	100056c4 <tud_task_ext+0x230>
10005774:	4aae      	ldr	r2, [pc, #696]	@ (10005a30 <tud_task_ext+0x59c>)
10005776:	443b      	add	r3, r7
10005778:	791b      	ldrb	r3, [r3, #4]
1000577a:	7812      	ldrb	r2, [r2, #0]
1000577c:	4293      	cmp	r3, r2
1000577e:	d332      	bcc.n	100057e6 <tud_task_ext+0x352>
10005780:	1c51      	adds	r1, r2, #1
10005782:	4299      	cmp	r1, r3
10005784:	db9e      	blt.n	100056c4 <tud_task_ext+0x230>
10005786:	4eab      	ldr	r6, [pc, #684]	@ (10005a34 <tud_task_ext+0x5a0>)
10005788:	1a9b      	subs	r3, r3, r2
1000578a:	eb06 1643 	add.w	r6, r6, r3, lsl #5
1000578e:	6970      	ldr	r0, [r6, #20]
10005790:	f000 fb8a 	bl	10005ea8 <usbd_control_set_complete_callback>
10005794:	2101      	movs	r1, #1
10005796:	4640      	mov	r0, r8
10005798:	6973      	ldr	r3, [r6, #20]
1000579a:	aa08      	add	r2, sp, #32
1000579c:	4798      	blx	r3
1000579e:	2800      	cmp	r0, #0
100057a0:	f47f ae88 	bne.w	100054b4 <tud_task_ext+0x20>
100057a4:	f89d 3020 	ldrb.w	r3, [sp, #32]
100057a8:	f013 0660 	ands.w	r6, r3, #96	@ 0x60
100057ac:	d18a      	bne.n	100056c4 <tud_task_ext+0x230>
100057ae:	f89d 3021 	ldrb.w	r3, [sp, #33]	@ 0x21
100057b2:	3b0a      	subs	r3, #10
100057b4:	2b01      	cmp	r3, #1
100057b6:	d885      	bhi.n	100056c4 <tud_task_ext+0x230>
100057b8:	f000 fb76 	bl	10005ea8 <usbd_control_set_complete_callback>
100057bc:	f89d 3021 	ldrb.w	r3, [sp, #33]	@ 0x21
100057c0:	2b0a      	cmp	r3, #10
100057c2:	f000 81f2 	beq.w	10005baa <tud_task_ext+0x716>
100057c6:	4640      	mov	r0, r8
100057c8:	a908      	add	r1, sp, #32
100057ca:	f000 faf1 	bl	10005db0 <tud_control_status>
100057ce:	e671      	b.n	100054b4 <tud_task_ext+0x20>
100057d0:	4b99      	ldr	r3, [pc, #612]	@ (10005a38 <tud_task_ext+0x5a4>)
100057d2:	681b      	ldr	r3, [r3, #0]
100057d4:	eb03 1640 	add.w	r6, r3, r0, lsl #5
100057d8:	2a00      	cmp	r2, #0
100057da:	f000 810d 	beq.w	100059f8 <tud_task_ext+0x564>
100057de:	2e00      	cmp	r6, #0
100057e0:	f43f af70 	beq.w	100056c4 <tud_task_ext+0x230>
100057e4:	e7a5      	b.n	10005732 <tud_task_ext+0x29e>
100057e6:	4a94      	ldr	r2, [pc, #592]	@ (10005a38 <tud_task_ext+0x5a4>)
100057e8:	6816      	ldr	r6, [r2, #0]
100057ea:	eb16 1643 	adds.w	r6, r6, r3, lsl #5
100057ee:	d1ce      	bne.n	1000578e <tud_task_ext+0x2fa>
100057f0:	e768      	b.n	100056c4 <tud_task_ext+0x230>
100057f2:	787b      	ldrb	r3, [r7, #1]
100057f4:	f89d 6022 	ldrb.w	r6, [sp, #34]	@ 0x22
100057f8:	429e      	cmp	r6, r3
100057fa:	f000 814f 	beq.w	10005a9c <tud_task_ext+0x608>
100057fe:	787b      	ldrb	r3, [r7, #1]
10005800:	2b00      	cmp	r3, #0
10005802:	f040 81be 	bne.w	10005b82 <tud_task_ext+0x6ee>
10005806:	707e      	strb	r6, [r7, #1]
10005808:	2e00      	cmp	r6, #0
1000580a:	f000 8145 	beq.w	10005a98 <tud_task_ext+0x604>
1000580e:	1e70      	subs	r0, r6, #1
10005810:	b2c0      	uxtb	r0, r0
10005812:	f7ff fad9 	bl	10004dc8 <tud_descriptor_configuration_cb>
10005816:	4603      	mov	r3, r0
10005818:	2800      	cmp	r0, #0
1000581a:	f000 815f 	beq.w	10005adc <tud_task_ext+0x648>
1000581e:	7842      	ldrb	r2, [r0, #1]
10005820:	2a02      	cmp	r2, #2
10005822:	f040 815b 	bne.w	10005adc <tud_task_ext+0x648>
10005826:	79c1      	ldrb	r1, [r0, #7]
10005828:	f103 0609 	add.w	r6, r3, #9
1000582c:	f3c1 1240 	ubfx	r2, r1, #5, #1
10005830:	0112      	lsls	r2, r2, #4
10005832:	f3c1 1180 	ubfx	r1, r1, #6, #1
10005836:	ea42 1241 	orr.w	r2, r2, r1, lsl #5
1000583a:	4631      	mov	r1, r6
1000583c:	7838      	ldrb	r0, [r7, #0]
1000583e:	f020 0030 	bic.w	r0, r0, #48	@ 0x30
10005842:	4302      	orrs	r2, r0
10005844:	703a      	strb	r2, [r7, #0]
10005846:	885a      	ldrh	r2, [r3, #2]
10005848:	f8cd 800c 	str.w	r8, [sp, #12]
1000584c:	189a      	adds	r2, r3, r2
1000584e:	9201      	str	r2, [sp, #4]
10005850:	9b01      	ldr	r3, [sp, #4]
10005852:	428b      	cmp	r3, r1
10005854:	f240 81a4 	bls.w	10005ba0 <tud_task_ext+0x70c>
10005858:	784a      	ldrb	r2, [r1, #1]
1000585a:	2a0b      	cmp	r2, #11
1000585c:	f000 81af 	beq.w	10005bbe <tud_task_ext+0x72a>
10005860:	2301      	movs	r3, #1
10005862:	2a04      	cmp	r2, #4
10005864:	f040 813a 	bne.w	10005adc <tud_task_ext+0x648>
10005868:	2600      	movs	r6, #0
1000586a:	9a01      	ldr	r2, [sp, #4]
1000586c:	9600      	str	r6, [sp, #0]
1000586e:	1a52      	subs	r2, r2, r1
10005870:	b292      	uxth	r2, r2
10005872:	9202      	str	r2, [sp, #8]
10005874:	4a6e      	ldr	r2, [pc, #440]	@ (10005a30 <tud_task_ext+0x59c>)
10005876:	9304      	str	r3, [sp, #16]
10005878:	7812      	ldrb	r2, [r2, #0]
1000587a:	e01d      	b.n	100058b8 <tud_task_ext+0x424>
1000587c:	4b6e      	ldr	r3, [pc, #440]	@ (10005a38 <tud_task_ext+0x5a4>)
1000587e:	681b      	ldr	r3, [r3, #0]
10005880:	eb13 1846 	adds.w	r8, r3, r6, lsl #5
10005884:	f000 812a 	beq.w	10005adc <tud_task_ext+0x648>
10005888:	9a02      	ldr	r2, [sp, #8]
1000588a:	f8d8 3010 	ldr.w	r3, [r8, #16]
1000588e:	9803      	ldr	r0, [sp, #12]
10005890:	9105      	str	r1, [sp, #20]
10005892:	4798      	blx	r3
10005894:	2808      	cmp	r0, #8
10005896:	4602      	mov	r2, r0
10005898:	9905      	ldr	r1, [sp, #20]
1000589a:	f106 0301 	add.w	r3, r6, #1
1000589e:	d903      	bls.n	100058a8 <tud_task_ext+0x414>
100058a0:	9802      	ldr	r0, [sp, #8]
100058a2:	4290      	cmp	r0, r2
100058a4:	f080 80ff 	bcs.w	10005aa6 <tud_task_ext+0x612>
100058a8:	b2de      	uxtb	r6, r3
100058aa:	4b61      	ldr	r3, [pc, #388]	@ (10005a30 <tud_task_ext+0x59c>)
100058ac:	9600      	str	r6, [sp, #0]
100058ae:	781a      	ldrb	r2, [r3, #0]
100058b0:	1c53      	adds	r3, r2, #1
100058b2:	429e      	cmp	r6, r3
100058b4:	f300 8112 	bgt.w	10005adc <tud_task_ext+0x648>
100058b8:	9b00      	ldr	r3, [sp, #0]
100058ba:	42b2      	cmp	r2, r6
100058bc:	eba3 0202 	sub.w	r2, r3, r2
100058c0:	d8dc      	bhi.n	1000587c <tud_task_ext+0x3e8>
100058c2:	4b5c      	ldr	r3, [pc, #368]	@ (10005a34 <tud_task_ext+0x5a0>)
100058c4:	eb03 1842 	add.w	r8, r3, r2, lsl #5
100058c8:	e7de      	b.n	10005888 <tud_task_ext+0x3f4>
100058ca:	787b      	ldrb	r3, [r7, #1]
100058cc:	4640      	mov	r0, r8
100058ce:	f88d 301a 	strb.w	r3, [sp, #26]
100058d2:	f10d 021a 	add.w	r2, sp, #26
100058d6:	2301      	movs	r3, #1
100058d8:	a908      	add	r1, sp, #32
100058da:	f000 fa83 	bl	10005de4 <tud_control_xfer>
100058de:	e5e9      	b.n	100054b4 <tud_task_ext+0x20>
100058e0:	f8bd 0022 	ldrh.w	r0, [sp, #34]	@ 0x22
100058e4:	0a03      	lsrs	r3, r0, #8
100058e6:	3b01      	subs	r3, #1
100058e8:	0a02      	lsrs	r2, r0, #8
100058ea:	b2c0      	uxtb	r0, r0
100058ec:	2b0e      	cmp	r3, #14
100058ee:	f63f aee9 	bhi.w	100056c4 <tud_task_ext+0x230>
100058f2:	a101      	add	r1, pc, #4	@ (adr r1, 100058f8 <tud_task_ext+0x464>)
100058f4:	f851 f023 	ldr.w	pc, [r1, r3, lsl #2]
100058f8:	10005b0d 	.word	0x10005b0d
100058fc:	100059a9 	.word	0x100059a9
10005900:	10005b49 	.word	0x10005b49
10005904:	100056c5 	.word	0x100056c5
10005908:	100056c5 	.word	0x100056c5
1000590c:	10005b2b 	.word	0x10005b2b
10005910:	100059a9 	.word	0x100059a9
10005914:	100056c5 	.word	0x100056c5
10005918:	100056c5 	.word	0x100056c5
1000591c:	100056c5 	.word	0x100056c5
10005920:	100056c5 	.word	0x100056c5
10005924:	100056c5 	.word	0x100056c5
10005928:	100056c5 	.word	0x100056c5
1000592c:	100056c5 	.word	0x100056c5
10005930:	10005aff 	.word	0x10005aff
10005934:	a808      	add	r0, sp, #32
10005936:	f000 fabd 	bl	10005eb4 <usbd_control_set_request>
1000593a:	4640      	mov	r0, r8
1000593c:	f89d 1022 	ldrb.w	r1, [sp, #34]	@ 0x22
10005940:	f7ff fba2 	bl	10005088 <dcd_set_address>
10005944:	783b      	ldrb	r3, [r7, #0]
10005946:	f043 0302 	orr.w	r3, r3, #2
1000594a:	703b      	strb	r3, [r7, #0]
1000594c:	e5b2      	b.n	100054b4 <tud_task_ext+0x20>
1000594e:	f8bd 3022 	ldrh.w	r3, [sp, #34]	@ 0x22
10005952:	2b01      	cmp	r3, #1
10005954:	f47f aeb6 	bne.w	100056c4 <tud_task_ext+0x230>
10005958:	783b      	ldrb	r3, [r7, #0]
1000595a:	4640      	mov	r0, r8
1000595c:	f023 0308 	bic.w	r3, r3, #8
10005960:	a908      	add	r1, sp, #32
10005962:	703b      	strb	r3, [r7, #0]
10005964:	f000 fa24 	bl	10005db0 <tud_control_status>
10005968:	e5a4      	b.n	100054b4 <tud_task_ext+0x20>
1000596a:	4640      	mov	r0, r8
1000596c:	783b      	ldrb	r3, [r7, #0]
1000596e:	089a      	lsrs	r2, r3, #2
10005970:	f002 0202 	and.w	r2, r2, #2
10005974:	f3c3 1340 	ubfx	r3, r3, #5, #1
10005978:	4313      	orrs	r3, r2
1000597a:	f8ad 301a 	strh.w	r3, [sp, #26]
1000597e:	f10d 021a 	add.w	r2, sp, #26
10005982:	2302      	movs	r3, #2
10005984:	a908      	add	r1, sp, #32
10005986:	f000 fa2d 	bl	10005de4 <tud_control_xfer>
1000598a:	e593      	b.n	100054b4 <tud_task_ext+0x20>
1000598c:	f8bd 3022 	ldrh.w	r3, [sp, #34]	@ 0x22
10005990:	2b01      	cmp	r3, #1
10005992:	f47f ae97 	bne.w	100056c4 <tud_task_ext+0x230>
10005996:	783b      	ldrb	r3, [r7, #0]
10005998:	4640      	mov	r0, r8
1000599a:	f043 0308 	orr.w	r3, r3, #8
1000599e:	a908      	add	r1, sp, #32
100059a0:	703b      	strb	r3, [r7, #0]
100059a2:	f000 fa05 	bl	10005db0 <tud_control_status>
100059a6:	e585      	b.n	100054b4 <tud_task_ext+0x20>
100059a8:	2a02      	cmp	r2, #2
100059aa:	f43f ae7e 	beq.w	100056aa <tud_task_ext+0x216>
100059ae:	f7ff fcdd 	bl	1000536c <tud_descriptor_other_speed_configuration_cb>
100059b2:	4602      	mov	r2, r0
100059b4:	2800      	cmp	r0, #0
100059b6:	f43f ae85 	beq.w	100056c4 <tud_task_ext+0x230>
100059ba:	4640      	mov	r0, r8
100059bc:	8853      	ldrh	r3, [r2, #2]
100059be:	a908      	add	r1, sp, #32
100059c0:	f000 fa10 	bl	10005de4 <tud_control_xfer>
100059c4:	2800      	cmp	r0, #0
100059c6:	f47f ad75 	bne.w	100054b4 <tud_task_ext+0x20>
100059ca:	e67b      	b.n	100056c4 <tud_task_ext+0x230>
100059cc:	f89d 3024 	ldrb.w	r3, [sp, #36]	@ 0x24
100059d0:	2b0f      	cmp	r3, #15
100059d2:	f63f ae77 	bhi.w	100056c4 <tud_task_ext+0x230>
100059d6:	4a16      	ldr	r2, [pc, #88]	@ (10005a30 <tud_task_ext+0x59c>)
100059d8:	443b      	add	r3, r7
100059da:	791b      	ldrb	r3, [r3, #4]
100059dc:	7812      	ldrb	r2, [r2, #0]
100059de:	4293      	cmp	r3, r2
100059e0:	d21d      	bcs.n	10005a1e <tud_task_ext+0x58a>
100059e2:	4a15      	ldr	r2, [pc, #84]	@ (10005a38 <tud_task_ext+0x5a4>)
100059e4:	6816      	ldr	r6, [r2, #0]
100059e6:	eb16 1643 	adds.w	r6, r6, r3, lsl #5
100059ea:	f47f aea2 	bne.w	10005732 <tud_task_ext+0x29e>
100059ee:	e669      	b.n	100056c4 <tud_task_ext+0x230>
100059f0:	2a00      	cmp	r2, #0
100059f2:	f47f ae67 	bne.w	100056c4 <tud_task_ext+0x230>
100059f6:	2600      	movs	r6, #0
100059f8:	f89d 2021 	ldrb.w	r2, [sp, #33]	@ 0x21
100059fc:	f002 03fd 	and.w	r3, r2, #253	@ 0xfd
10005a00:	2b01      	cmp	r3, #1
10005a02:	d01b      	beq.n	10005a3c <tud_task_ext+0x5a8>
10005a04:	2a00      	cmp	r2, #0
10005a06:	f47f ae56 	bne.w	100056b6 <tud_task_ext+0x222>
10005a0a:	9b01      	ldr	r3, [sp, #4]
10005a0c:	9a00      	ldr	r2, [sp, #0]
10005a0e:	443b      	add	r3, r7
10005a10:	4413      	add	r3, r2
10005a12:	f893 3034 	ldrb.w	r3, [r3, #52]	@ 0x34
10005a16:	4640      	mov	r0, r8
10005a18:	f3c3 0340 	ubfx	r3, r3, #1, #1
10005a1c:	e7ad      	b.n	1000597a <tud_task_ext+0x4e6>
10005a1e:	1c51      	adds	r1, r2, #1
10005a20:	4299      	cmp	r1, r3
10005a22:	f6ff ae4f 	blt.w	100056c4 <tud_task_ext+0x230>
10005a26:	4e03      	ldr	r6, [pc, #12]	@ (10005a34 <tud_task_ext+0x5a0>)
10005a28:	1a9b      	subs	r3, r3, r2
10005a2a:	eb06 1643 	add.w	r6, r6, r3, lsl #5
10005a2e:	e680      	b.n	10005732 <tud_task_ext+0x29e>
10005a30:	200222b8 	.word	0x200222b8
10005a34:	100075ac 	.word	0x100075ac
10005a38:	20001480 	.word	0x20001480
10005a3c:	f8bd 3022 	ldrh.w	r3, [sp, #34]	@ 0x22
10005a40:	b9b3      	cbnz	r3, 10005a70 <tud_task_ext+0x5dc>
10005a42:	2a01      	cmp	r2, #1
10005a44:	f899 0000 	ldrb.w	r0, [r9]
10005a48:	f000 8086 	beq.w	10005b58 <tud_task_ext+0x6c4>
10005a4c:	f7ff fbd8 	bl	10005200 <dcd_edpt_stall>
10005a50:	9b01      	ldr	r3, [sp, #4]
10005a52:	9a00      	ldr	r2, [sp, #0]
10005a54:	443b      	add	r3, r7
10005a56:	4413      	add	r3, r2
10005a58:	f893 2034 	ldrb.w	r2, [r3, #52]	@ 0x34
10005a5c:	f042 0202 	orr.w	r2, r2, #2
10005a60:	f883 2034 	strb.w	r2, [r3, #52]	@ 0x34
10005a64:	f893 2034 	ldrb.w	r2, [r3, #52]	@ 0x34
10005a68:	f042 0201 	orr.w	r2, r2, #1
10005a6c:	f883 2034 	strb.w	r2, [r3, #52]	@ 0x34
10005a70:	2e00      	cmp	r6, #0
10005a72:	f43f ad1f 	beq.w	100054b4 <tud_task_ext+0x20>
10005a76:	6970      	ldr	r0, [r6, #20]
10005a78:	f000 fa16 	bl	10005ea8 <usbd_control_set_complete_callback>
10005a7c:	6973      	ldr	r3, [r6, #20]
10005a7e:	2101      	movs	r1, #1
10005a80:	aa08      	add	r2, sp, #32
10005a82:	4640      	mov	r0, r8
10005a84:	4798      	blx	r3
10005a86:	2000      	movs	r0, #0
10005a88:	f000 fa0e 	bl	10005ea8 <usbd_control_set_complete_callback>
10005a8c:	f897 3035 	ldrb.w	r3, [r7, #53]	@ 0x35
10005a90:	07df      	lsls	r7, r3, #31
10005a92:	f53f ad0f 	bmi.w	100054b4 <tud_task_ext+0x20>
10005a96:	e696      	b.n	100057c6 <tud_task_ext+0x332>
10005a98:	f7ff fc6c 	bl	10005374 <tud_umount_cb>
10005a9c:	4640      	mov	r0, r8
10005a9e:	a908      	add	r1, sp, #32
10005aa0:	f000 f986 	bl	10005db0 <tud_control_status>
10005aa4:	e506      	b.n	100054b4 <tud_task_ext+0x20>
10005aa6:	9b04      	ldr	r3, [sp, #16]
10005aa8:	2b01      	cmp	r3, #1
10005aaa:	f000 809e 	beq.w	10005bea <tud_task_ext+0x756>
10005aae:	2b00      	cmp	r3, #0
10005ab0:	f000 808a 	beq.w	10005bc8 <tud_task_ext+0x734>
10005ab4:	2000      	movs	r0, #0
10005ab6:	f891 8002 	ldrb.w	r8, [r1, #2]
10005aba:	e005      	b.n	10005ac8 <tud_task_ext+0x634>
10005abc:	f88c 6004 	strb.w	r6, [ip, #4]
10005ac0:	fa5f fc80 	uxtb.w	ip, r0
10005ac4:	4563      	cmp	r3, ip
10005ac6:	d97f      	bls.n	10005bc8 <tud_task_ext+0x734>
10005ac8:	eb08 0c00 	add.w	ip, r8, r0
10005acc:	fa57 fc8c 	uxtab	ip, r7, ip
10005ad0:	f89c e004 	ldrb.w	lr, [ip, #4]
10005ad4:	3001      	adds	r0, #1
10005ad6:	f1be 0fff 	cmp.w	lr, #255	@ 0xff
10005ada:	d0ef      	beq.n	10005abc <tud_task_ext+0x628>
10005adc:	f04f 23e0 	mov.w	r3, #3758153728	@ 0xe000e000
10005ae0:	f8d3 3df0 	ldr.w	r3, [r3, #3568]	@ 0xdf0
10005ae4:	07da      	lsls	r2, r3, #31
10005ae6:	d500      	bpl.n	10005aea <tud_task_ext+0x656>
10005ae8:	be00      	bkpt	0x0000
10005aea:	f04f 23e0 	mov.w	r3, #3758153728	@ 0xe000e000
10005aee:	f8d3 3df0 	ldr.w	r3, [r3, #3568]	@ 0xdf0
10005af2:	07db      	lsls	r3, r3, #31
10005af4:	d500      	bpl.n	10005af8 <tud_task_ext+0x664>
10005af6:	be00      	bkpt	0x0000
10005af8:	2300      	movs	r3, #0
10005afa:	707b      	strb	r3, [r7, #1]
10005afc:	e5e2      	b.n	100056c4 <tud_task_ext+0x230>
10005afe:	f7fe ff23 	bl	10004948 <tud_descriptor_bos_cb>
10005b02:	4602      	mov	r2, r0
10005b04:	2800      	cmp	r0, #0
10005b06:	f47f af58 	bne.w	100059ba <tud_task_ext+0x526>
10005b0a:	e5db      	b.n	100056c4 <tud_task_ext+0x230>
10005b0c:	f7ff f958 	bl	10004dc0 <tud_descriptor_device_cb>
10005b10:	4602      	mov	r2, r0
10005b12:	2800      	cmp	r0, #0
10005b14:	f43f adcf 	beq.w	100056b6 <tud_task_ext+0x222>
10005b18:	4640      	mov	r0, r8
10005b1a:	2312      	movs	r3, #18
10005b1c:	a908      	add	r1, sp, #32
10005b1e:	f000 f961 	bl	10005de4 <tud_control_xfer>
10005b22:	2800      	cmp	r0, #0
10005b24:	f47f acc6 	bne.w	100054b4 <tud_task_ext+0x20>
10005b28:	e5cc      	b.n	100056c4 <tud_task_ext+0x230>
10005b2a:	f7ff fc1d 	bl	10005368 <tud_descriptor_device_qualifier_cb>
10005b2e:	4602      	mov	r2, r0
10005b30:	2800      	cmp	r0, #0
10005b32:	f43f adc7 	beq.w	100056c4 <tud_task_ext+0x230>
10005b36:	4640      	mov	r0, r8
10005b38:	7813      	ldrb	r3, [r2, #0]
10005b3a:	a908      	add	r1, sp, #32
10005b3c:	f000 f952 	bl	10005de4 <tud_control_xfer>
10005b40:	2800      	cmp	r0, #0
10005b42:	f47f acb7 	bne.w	100054b4 <tud_task_ext+0x20>
10005b46:	e5bd      	b.n	100056c4 <tud_task_ext+0x230>
10005b48:	f8bd 1024 	ldrh.w	r1, [sp, #36]	@ 0x24
10005b4c:	f7ff f940 	bl	10004dd0 <tud_descriptor_string_cb>
10005b50:	4602      	mov	r2, r0
10005b52:	2800      	cmp	r0, #0
10005b54:	d1ef      	bne.n	10005b36 <tud_task_ext+0x6a2>
10005b56:	e5b5      	b.n	100056c4 <tud_task_ext+0x230>
10005b58:	9302      	str	r3, [sp, #8]
10005b5a:	f7ff fb69 	bl	10005230 <dcd_edpt_clear_stall>
10005b5e:	9a01      	ldr	r2, [sp, #4]
10005b60:	9b00      	ldr	r3, [sp, #0]
10005b62:	443a      	add	r2, r7
10005b64:	441a      	add	r2, r3
10005b66:	f892 1034 	ldrb.w	r1, [r2, #52]	@ 0x34
10005b6a:	9b02      	ldr	r3, [sp, #8]
10005b6c:	f363 0141 	bfi	r1, r3, #1, #1
10005b70:	f882 1034 	strb.w	r1, [r2, #52]	@ 0x34
10005b74:	f892 1034 	ldrb.w	r1, [r2, #52]	@ 0x34
10005b78:	f363 0100 	bfi	r1, r3, #0, #1
10005b7c:	f882 1034 	strb.w	r1, [r2, #52]	@ 0x34
10005b80:	e776      	b.n	10005a70 <tud_task_ext+0x5dc>
10005b82:	2100      	movs	r1, #0
10005b84:	4640      	mov	r0, r8
10005b86:	f7ff fa87 	bl	10005098 <dcd_sof_enable>
10005b8a:	4640      	mov	r0, r8
10005b8c:	f7ff fb22 	bl	100051d4 <dcd_edpt_close_all>
10005b90:	78bb      	ldrb	r3, [r7, #2]
10005b92:	4640      	mov	r0, r8
10005b94:	9300      	str	r3, [sp, #0]
10005b96:	f7ff fb9d 	bl	100052d4 <configuration_reset>
10005b9a:	9b00      	ldr	r3, [sp, #0]
10005b9c:	70bb      	strb	r3, [r7, #2]
10005b9e:	e632      	b.n	10005806 <tud_task_ext+0x372>
10005ba0:	f8dd 800c 	ldr.w	r8, [sp, #12]
10005ba4:	f7ff fbe4 	bl	10005370 <tud_mount_cb>
10005ba8:	e778      	b.n	10005a9c <tud_task_ext+0x608>
10005baa:	4640      	mov	r0, r8
10005bac:	2301      	movs	r3, #1
10005bae:	a908      	add	r1, sp, #32
10005bb0:	f10d 021a 	add.w	r2, sp, #26
10005bb4:	f88d 601a 	strb.w	r6, [sp, #26]
10005bb8:	f000 f914 	bl	10005de4 <tud_control_xfer>
10005bbc:	e47a      	b.n	100054b4 <tud_task_ext+0x20>
10005bbe:	780a      	ldrb	r2, [r1, #0]
10005bc0:	78cb      	ldrb	r3, [r1, #3]
10005bc2:	4411      	add	r1, r2
10005bc4:	784a      	ldrb	r2, [r1, #1]
10005bc6:	e64c      	b.n	10005862 <tud_task_ext+0x3ce>
10005bc8:	4633      	mov	r3, r6
10005bca:	4810      	ldr	r0, [pc, #64]	@ (10005c0c <tud_task_ext+0x778>)
10005bcc:	9204      	str	r2, [sp, #16]
10005bce:	9102      	str	r1, [sp, #8]
10005bd0:	f000 fe76 	bl	100068c0 <tu_edpt_bind_driver>
10005bd4:	4b0e      	ldr	r3, [pc, #56]	@ (10005c10 <tud_task_ext+0x77c>)
10005bd6:	9a04      	ldr	r2, [sp, #16]
10005bd8:	9902      	ldr	r1, [sp, #8]
10005bda:	781b      	ldrb	r3, [r3, #0]
10005bdc:	4411      	add	r1, r2
10005bde:	9a00      	ldr	r2, [sp, #0]
10005be0:	3301      	adds	r3, #1
10005be2:	4293      	cmp	r3, r2
10005be4:	f6bf ae34 	bge.w	10005850 <tud_task_ext+0x3bc>
10005be8:	e778      	b.n	10005adc <tud_task_ext+0x648>
10005bea:	f8d8 c010 	ldr.w	ip, [r8, #16]
10005bee:	4809      	ldr	r0, [pc, #36]	@ (10005c14 <tud_task_ext+0x780>)
10005bf0:	4584      	cmp	ip, r0
10005bf2:	bf08      	it	eq
10005bf4:	2302      	moveq	r3, #2
10005bf6:	e75d      	b.n	10005ab4 <tud_task_ext+0x620>
10005bf8:	f04f 23e0 	mov.w	r3, #3758153728	@ 0xe000e000
10005bfc:	f8d3 3df0 	ldr.w	r3, [r3, #3568]	@ 0xdf0
10005c00:	07db      	lsls	r3, r3, #31
10005c02:	f57f ac57 	bpl.w	100054b4 <tud_task_ext+0x20>
10005c06:	be00      	bkpt	0x0000
10005c08:	e454      	b.n	100054b4 <tud_task_ext+0x20>
10005c0a:	bf00      	nop
10005c0c:	20001664 	.word	0x20001664
10005c10:	200222b8 	.word	0x200222b8
10005c14:	100062e1 	.word	0x100062e1

10005c18 <usbd_open_edpt_pair>:
10005c18:	e92d 4ff8 	stmdb	sp!, {r3, r4, r5, r6, r7, r8, r9, sl, fp, lr}
10005c1c:	9f0a      	ldr	r7, [sp, #40]	@ 0x28
10005c1e:	2a00      	cmp	r2, #0
10005c20:	d040      	beq.n	10005ca4 <usbd_open_edpt_pair+0x8c>
10005c22:	460c      	mov	r4, r1
10005c24:	461e      	mov	r6, r3
10005c26:	4615      	mov	r5, r2
10005c28:	f04f 0a00 	mov.w	sl, #0
10005c2c:	f8df 907c 	ldr.w	r9, [pc, #124]	@ 10005cac <usbd_open_edpt_pair+0x94>
10005c30:	f8df 807c 	ldr.w	r8, [pc, #124]	@ 10005cb0 <usbd_open_edpt_pair+0x98>
10005c34:	e018      	b.n	10005c68 <usbd_open_edpt_pair+0x50>
10005c36:	4620      	mov	r0, r4
10005c38:	f898 1002 	ldrb.w	r1, [r8, #2]
10005c3c:	f899 b000 	ldrb.w	fp, [r9]
10005c40:	f000 fe0e 	bl	10006860 <tu_edpt_validate>
10005c44:	b1e0      	cbz	r0, 10005c80 <usbd_open_edpt_pair+0x68>
10005c46:	4621      	mov	r1, r4
10005c48:	4658      	mov	r0, fp
10005c4a:	f7ff fa41 	bl	100050d0 <dcd_edpt_open>
10005c4e:	b1f0      	cbz	r0, 10005c8e <usbd_open_edpt_pair+0x76>
10005c50:	78a2      	ldrb	r2, [r4, #2]
10005c52:	f10a 0a01 	add.w	sl, sl, #1
10005c56:	09d1      	lsrs	r1, r2, #7
10005c58:	bf16      	itet	ne
10005c5a:	9b0b      	ldrne	r3, [sp, #44]	@ 0x2c
10005c5c:	703a      	strbeq	r2, [r7, #0]
10005c5e:	701a      	strbne	r2, [r3, #0]
10005c60:	7822      	ldrb	r2, [r4, #0]
10005c62:	45aa      	cmp	sl, r5
10005c64:	4414      	add	r4, r2
10005c66:	d01d      	beq.n	10005ca4 <usbd_open_edpt_pair+0x8c>
10005c68:	7862      	ldrb	r2, [r4, #1]
10005c6a:	2a05      	cmp	r2, #5
10005c6c:	d10f      	bne.n	10005c8e <usbd_open_edpt_pair+0x76>
10005c6e:	78e1      	ldrb	r1, [r4, #3]
10005c70:	f001 0103 	and.w	r1, r1, #3
10005c74:	42b1      	cmp	r1, r6
10005c76:	d10a      	bne.n	10005c8e <usbd_open_edpt_pair+0x76>
10005c78:	78a2      	ldrb	r2, [r4, #2]
10005c7a:	f012 0f70 	tst.w	r2, #112	@ 0x70
10005c7e:	d0da      	beq.n	10005c36 <usbd_open_edpt_pair+0x1e>
10005c80:	f04f 23e0 	mov.w	r3, #3758153728	@ 0xe000e000
10005c84:	f8d3 3df0 	ldr.w	r3, [r3, #3568]	@ 0xdf0
10005c88:	07da      	lsls	r2, r3, #31
10005c8a:	d500      	bpl.n	10005c8e <usbd_open_edpt_pair+0x76>
10005c8c:	be00      	bkpt	0x0000
10005c8e:	f04f 23e0 	mov.w	r3, #3758153728	@ 0xe000e000
10005c92:	f8d3 3df0 	ldr.w	r3, [r3, #3568]	@ 0xdf0
10005c96:	07db      	lsls	r3, r3, #31
10005c98:	d402      	bmi.n	10005ca0 <usbd_open_edpt_pair+0x88>
10005c9a:	2000      	movs	r0, #0
10005c9c:	e8bd 8ff8 	ldmia.w	sp!, {r3, r4, r5, r6, r7, r8, r9, sl, fp, pc}
10005ca0:	be00      	bkpt	0x0000
10005ca2:	e7fa      	b.n	10005c9a <usbd_open_edpt_pair+0x82>
10005ca4:	2001      	movs	r0, #1
10005ca6:	e8bd 8ff8 	ldmia.w	sp!, {r3, r4, r5, r6, r7, r8, r9, sl, fp, pc}
10005caa:	bf00      	nop
10005cac:	200012a0 	.word	0x200012a0
10005cb0:	20001650 	.word	0x20001650

10005cb4 <usbd_edpt_open>:
10005cb4:	b538      	push	{r3, r4, r5, lr}
10005cb6:	788b      	ldrb	r3, [r1, #2]
10005cb8:	f013 0f70 	tst.w	r3, #112	@ 0x70
10005cbc:	d008      	beq.n	10005cd0 <usbd_edpt_open+0x1c>
10005cbe:	f04f 23e0 	mov.w	r3, #3758153728	@ 0xe000e000
10005cc2:	f8d3 3df0 	ldr.w	r3, [r3, #3568]	@ 0xdf0
10005cc6:	07db      	lsls	r3, r3, #31
10005cc8:	d500      	bpl.n	10005ccc <usbd_edpt_open+0x18>
10005cca:	be00      	bkpt	0x0000
10005ccc:	2000      	movs	r0, #0
10005cce:	bd38      	pop	{r3, r4, r5, pc}
10005cd0:	4a07      	ldr	r2, [pc, #28]	@ (10005cf0 <usbd_edpt_open+0x3c>)
10005cd2:	4b08      	ldr	r3, [pc, #32]	@ (10005cf4 <usbd_edpt_open+0x40>)
10005cd4:	460c      	mov	r4, r1
10005cd6:	4608      	mov	r0, r1
10005cd8:	7891      	ldrb	r1, [r2, #2]
10005cda:	781d      	ldrb	r5, [r3, #0]
10005cdc:	f000 fdc0 	bl	10006860 <tu_edpt_validate>
10005ce0:	2800      	cmp	r0, #0
10005ce2:	d0ec      	beq.n	10005cbe <usbd_edpt_open+0xa>
10005ce4:	4621      	mov	r1, r4
10005ce6:	4628      	mov	r0, r5
10005ce8:	e8bd 4038 	ldmia.w	sp!, {r3, r4, r5, lr}
10005cec:	f7ff b9f0 	b.w	100050d0 <dcd_edpt_open>
10005cf0:	20001650 	.word	0x20001650
10005cf4:	200012a0 	.word	0x200012a0

10005cf8 <usbd_edpt_claim>:
10005cf8:	460b      	mov	r3, r1
10005cfa:	4a06      	ldr	r2, [pc, #24]	@ (10005d14 <usbd_edpt_claim+0x1c>)
10005cfc:	4806      	ldr	r0, [pc, #24]	@ (10005d18 <usbd_edpt_claim+0x20>)
10005cfe:	6811      	ldr	r1, [r2, #0]
10005d00:	09da      	lsrs	r2, r3, #7
10005d02:	3234      	adds	r2, #52	@ 0x34
10005d04:	f003 037f 	and.w	r3, r3, #127	@ 0x7f
10005d08:	eb02 0343 	add.w	r3, r2, r3, lsl #1
10005d0c:	4418      	add	r0, r3
10005d0e:	f000 bd61 	b.w	100067d4 <tu_edpt_claim>
10005d12:	bf00      	nop
10005d14:	200016a4 	.word	0x200016a4
10005d18:	20001650 	.word	0x20001650

10005d1c <usbd_edpt_release>:
10005d1c:	460b      	mov	r3, r1
10005d1e:	4a06      	ldr	r2, [pc, #24]	@ (10005d38 <usbd_edpt_release+0x1c>)
10005d20:	4806      	ldr	r0, [pc, #24]	@ (10005d3c <usbd_edpt_release+0x20>)
10005d22:	6811      	ldr	r1, [r2, #0]
10005d24:	09da      	lsrs	r2, r3, #7
10005d26:	3234      	adds	r2, #52	@ 0x34
10005d28:	f003 037f 	and.w	r3, r3, #127	@ 0x7f
10005d2c:	eb02 0343 	add.w	r3, r2, r3, lsl #1
10005d30:	4418      	add	r0, r3
10005d32:	f000 bd79 	b.w	10006828 <tu_edpt_release>
10005d36:	bf00      	nop
10005d38:	200016a4 	.word	0x200016a4
10005d3c:	20001650 	.word	0x20001650

10005d40 <usbd_edpt_xfer>:
10005d40:	b510      	push	{r4, lr}
10005d42:	4819      	ldr	r0, [pc, #100]	@ (10005da8 <usbd_edpt_xfer+0x68>)
10005d44:	f001 0c7f 	and.w	ip, r1, #127	@ 0x7f
10005d48:	eb00 004c 	add.w	r0, r0, ip, lsl #1
10005d4c:	eb00 10d1 	add.w	r0, r0, r1, lsr #7
10005d50:	f890 c034 	ldrb.w	ip, [r0, #52]	@ 0x34
10005d54:	f01c 0f01 	tst.w	ip, #1
10005d58:	d008      	beq.n	10005d6c <usbd_edpt_xfer+0x2c>
10005d5a:	f04f 23e0 	mov.w	r3, #3758153728	@ 0xe000e000
10005d5e:	f8d3 3df0 	ldr.w	r3, [r3, #3568]	@ 0xdf0
10005d62:	07da      	lsls	r2, r3, #31
10005d64:	d500      	bpl.n	10005d68 <usbd_edpt_xfer+0x28>
10005d66:	be00      	bkpt	0x0000
10005d68:	2000      	movs	r0, #0
10005d6a:	bd10      	pop	{r4, pc}
10005d6c:	f100 0430 	add.w	r4, r0, #48	@ 0x30
10005d70:	f894 c004 	ldrb.w	ip, [r4, #4]
10005d74:	480d      	ldr	r0, [pc, #52]	@ (10005dac <usbd_edpt_xfer+0x6c>)
10005d76:	f04c 0c01 	orr.w	ip, ip, #1
10005d7a:	7800      	ldrb	r0, [r0, #0]
10005d7c:	f884 c004 	strb.w	ip, [r4, #4]
10005d80:	f7ff fa2a 	bl	100051d8 <dcd_edpt_xfer>
10005d84:	2800      	cmp	r0, #0
10005d86:	d1f0      	bne.n	10005d6a <usbd_edpt_xfer+0x2a>
10005d88:	f04f 21e0 	mov.w	r1, #3758153728	@ 0xe000e000
10005d8c:	7922      	ldrb	r2, [r4, #4]
10005d8e:	f360 0200 	bfi	r2, r0, #0, #1
10005d92:	7122      	strb	r2, [r4, #4]
10005d94:	7922      	ldrb	r2, [r4, #4]
10005d96:	f360 0282 	bfi	r2, r0, #2, #1
10005d9a:	7122      	strb	r2, [r4, #4]
10005d9c:	f8d1 3df0 	ldr.w	r3, [r1, #3568]	@ 0xdf0
10005da0:	07db      	lsls	r3, r3, #31
10005da2:	d5e1      	bpl.n	10005d68 <usbd_edpt_xfer+0x28>
10005da4:	be00      	bkpt	0x0000
10005da6:	e7df      	b.n	10005d68 <usbd_edpt_xfer+0x28>
10005da8:	20001650 	.word	0x20001650
10005dac:	200012a0 	.word	0x200012a0

10005db0 <tud_control_status>:
10005db0:	b530      	push	{r4, r5, lr}
10005db2:	4c0b      	ldr	r4, [pc, #44]	@ (10005de0 <tud_control_status+0x30>)
10005db4:	468c      	mov	ip, r1
10005db6:	46a6      	mov	lr, r4
10005db8:	4605      	mov	r5, r0
10005dba:	6808      	ldr	r0, [r1, #0]
10005dbc:	6849      	ldr	r1, [r1, #4]
10005dbe:	2300      	movs	r3, #0
10005dc0:	e8ae 0003 	stmia.w	lr!, {r0, r1}
10005dc4:	f89c 1000 	ldrb.w	r1, [ip]
10005dc8:	4628      	mov	r0, r5
10005dca:	43c9      	mvns	r1, r1
10005dcc:	e9c4 3302 	strd	r3, r3, [r4, #8]
10005dd0:	e8bd 4030 	ldmia.w	sp!, {r4, r5, lr}
10005dd4:	461a      	mov	r2, r3
10005dd6:	f001 0180 	and.w	r1, r1, #128	@ 0x80
10005dda:	f7ff bfb1 	b.w	10005d40 <usbd_edpt_xfer>
10005dde:	bf00      	nop
10005de0:	20001610 	.word	0x20001610

10005de4 <tud_control_xfer>:
10005de4:	e92d 41f0 	stmdb	sp!, {r4, r5, r6, r7, r8, lr}
10005de8:	4f28      	ldr	r7, [pc, #160]	@ (10005e8c <tud_control_xfer+0xa8>)
10005dea:	f04f 0800 	mov.w	r8, #0
10005dee:	46be      	mov	lr, r7
10005df0:	468c      	mov	ip, r1
10005df2:	4606      	mov	r6, r0
10005df4:	6808      	ldr	r0, [r1, #0]
10005df6:	6849      	ldr	r1, [r1, #4]
10005df8:	60ba      	str	r2, [r7, #8]
10005dfa:	e8ae 0003 	stmia.w	lr!, {r0, r1}
10005dfe:	f8a7 800e 	strh.w	r8, [r7, #14]
10005e02:	4615      	mov	r5, r2
10005e04:	f8bc 2006 	ldrh.w	r2, [ip, #6]
10005e08:	4293      	cmp	r3, r2
10005e0a:	bf28      	it	cs
10005e0c:	4613      	movcs	r3, r2
10005e0e:	81bb      	strh	r3, [r7, #12]
10005e10:	b19a      	cbz	r2, 10005e3a <tud_control_xfer+0x56>
10005e12:	461c      	mov	r4, r3
10005e14:	b333      	cbz	r3, 10005e64 <tud_control_xfer+0x80>
10005e16:	b1dd      	cbz	r5, 10005e50 <tud_control_xfer+0x6c>
10005e18:	f997 3000 	ldrsb.w	r3, [r7]
10005e1c:	2c40      	cmp	r4, #64	@ 0x40
10005e1e:	bf28      	it	cs
10005e20:	2440      	movcs	r4, #64	@ 0x40
10005e22:	2b00      	cmp	r3, #0
10005e24:	db29      	blt.n	10005e7a <tud_control_xfer+0x96>
10005e26:	4641      	mov	r1, r8
10005e28:	4623      	mov	r3, r4
10005e2a:	4630      	mov	r0, r6
10005e2c:	4a18      	ldr	r2, [pc, #96]	@ (10005e90 <tud_control_xfer+0xac>)
10005e2e:	f7ff ff87 	bl	10005d40 <usbd_edpt_xfer>
10005e32:	b168      	cbz	r0, 10005e50 <tud_control_xfer+0x6c>
10005e34:	2001      	movs	r0, #1
10005e36:	e8bd 81f0 	ldmia.w	sp!, {r4, r5, r6, r7, r8, pc}
10005e3a:	f89c 1000 	ldrb.w	r1, [ip]
10005e3e:	4613      	mov	r3, r2
10005e40:	43c9      	mvns	r1, r1
10005e42:	4630      	mov	r0, r6
10005e44:	f001 0180 	and.w	r1, r1, #128	@ 0x80
10005e48:	f7ff ff7a 	bl	10005d40 <usbd_edpt_xfer>
10005e4c:	2800      	cmp	r0, #0
10005e4e:	d1f1      	bne.n	10005e34 <tud_control_xfer+0x50>
10005e50:	f04f 23e0 	mov.w	r3, #3758153728	@ 0xe000e000
10005e54:	f8d3 3df0 	ldr.w	r3, [r3, #3568]	@ 0xdf0
10005e58:	07db      	lsls	r3, r3, #31
10005e5a:	d500      	bpl.n	10005e5e <tud_control_xfer+0x7a>
10005e5c:	be00      	bkpt	0x0000
10005e5e:	2000      	movs	r0, #0
10005e60:	e8bd 81f0 	ldmia.w	sp!, {r4, r5, r6, r7, r8, pc}
10005e64:	461a      	mov	r2, r3
10005e66:	7839      	ldrb	r1, [r7, #0]
10005e68:	f001 0180 	and.w	r1, r1, #128	@ 0x80
10005e6c:	4623      	mov	r3, r4
10005e6e:	4630      	mov	r0, r6
10005e70:	f7ff ff66 	bl	10005d40 <usbd_edpt_xfer>
10005e74:	2800      	cmp	r0, #0
10005e76:	d1dd      	bne.n	10005e34 <tud_control_xfer+0x50>
10005e78:	e7ea      	b.n	10005e50 <tud_control_xfer+0x6c>
10005e7a:	4622      	mov	r2, r4
10005e7c:	4629      	mov	r1, r5
10005e7e:	4804      	ldr	r0, [pc, #16]	@ (10005e90 <tud_control_xfer+0xac>)
10005e80:	f001 f8e2 	bl	10007048 <memcpy>
10005e84:	2180      	movs	r1, #128	@ 0x80
10005e86:	4a02      	ldr	r2, [pc, #8]	@ (10005e90 <tud_control_xfer+0xac>)
10005e88:	e7f0      	b.n	10005e6c <tud_control_xfer+0x88>
10005e8a:	bf00      	nop
10005e8c:	20001610 	.word	0x20001610
10005e90:	200015d0 	.word	0x200015d0

10005e94 <usbd_control_reset>:
10005e94:	2200      	movs	r2, #0
10005e96:	4b03      	ldr	r3, [pc, #12]	@ (10005ea4 <usbd_control_reset+0x10>)
10005e98:	e9c3 2200 	strd	r2, r2, [r3]
10005e9c:	e9c3 2202 	strd	r2, r2, [r3, #8]
10005ea0:	611a      	str	r2, [r3, #16]
10005ea2:	4770      	bx	lr
10005ea4:	20001610 	.word	0x20001610

10005ea8 <usbd_control_set_complete_callback>:
10005ea8:	4b01      	ldr	r3, [pc, #4]	@ (10005eb0 <usbd_control_set_complete_callback+0x8>)
10005eaa:	6118      	str	r0, [r3, #16]
10005eac:	4770      	bx	lr
10005eae:	bf00      	nop
10005eb0:	20001610 	.word	0x20001610

10005eb4 <usbd_control_set_request>:
10005eb4:	b430      	push	{r4, r5}
10005eb6:	4602      	mov	r2, r0
10005eb8:	4c04      	ldr	r4, [pc, #16]	@ (10005ecc <usbd_control_set_request+0x18>)
10005eba:	2500      	movs	r5, #0
10005ebc:	4623      	mov	r3, r4
10005ebe:	6800      	ldr	r0, [r0, #0]
10005ec0:	6851      	ldr	r1, [r2, #4]
10005ec2:	e9c4 5502 	strd	r5, r5, [r4, #8]
10005ec6:	bc30      	pop	{r4, r5}
10005ec8:	c303      	stmia	r3!, {r0, r1}
10005eca:	4770      	bx	lr
10005ecc:	20001610 	.word	0x20001610

10005ed0 <usbd_control_xfer_cb>:
10005ed0:	b570      	push	{r4, r5, r6, lr}
10005ed2:	4c3d      	ldr	r4, [pc, #244]	@ (10005fc8 <usbd_control_xfer_cb+0xf8>)
10005ed4:	09c9      	lsrs	r1, r1, #7
10005ed6:	7822      	ldrb	r2, [r4, #0]
10005ed8:	4606      	mov	r6, r0
10005eda:	ebb1 1fd2 	cmp.w	r1, r2, lsr #7
10005ede:	461d      	mov	r5, r3
10005ee0:	b082      	sub	sp, #8
10005ee2:	d017      	beq.n	10005f14 <usbd_control_xfer_cb+0x44>
10005ee4:	b153      	cbz	r3, 10005efc <usbd_control_xfer_cb+0x2c>
10005ee6:	f04f 23e0 	mov.w	r3, #3758153728	@ 0xe000e000
10005eea:	f8d3 3df0 	ldr.w	r3, [r3, #3568]	@ 0xdf0
10005eee:	07db      	lsls	r3, r3, #31
10005ef0:	d402      	bmi.n	10005ef8 <usbd_control_xfer_cb+0x28>
10005ef2:	2000      	movs	r0, #0
10005ef4:	b002      	add	sp, #8
10005ef6:	bd70      	pop	{r4, r5, r6, pc}
10005ef8:	be00      	bkpt	0x0000
10005efa:	e7fa      	b.n	10005ef2 <usbd_control_xfer_cb+0x22>
10005efc:	4621      	mov	r1, r4
10005efe:	f7ff f8d9 	bl	100050b4 <dcd_edpt0_status_complete>
10005f02:	6923      	ldr	r3, [r4, #16]
10005f04:	b11b      	cbz	r3, 10005f0e <usbd_control_xfer_cb+0x3e>
10005f06:	4622      	mov	r2, r4
10005f08:	2103      	movs	r1, #3
10005f0a:	4630      	mov	r0, r6
10005f0c:	4798      	blx	r3
10005f0e:	2001      	movs	r0, #1
10005f10:	b002      	add	sp, #8
10005f12:	bd70      	pop	{r4, r5, r6, pc}
10005f14:	f994 3000 	ldrsb.w	r3, [r4]
10005f18:	2b00      	cmp	r3, #0
10005f1a:	db06      	blt.n	10005f2a <usbd_control_xfer_cb+0x5a>
10005f1c:	68a0      	ldr	r0, [r4, #8]
10005f1e:	2800      	cmp	r0, #0
10005f20:	d0e7      	beq.n	10005ef2 <usbd_control_xfer_cb+0x22>
10005f22:	462a      	mov	r2, r5
10005f24:	4929      	ldr	r1, [pc, #164]	@ (10005fcc <usbd_control_xfer_cb+0xfc>)
10005f26:	f001 f88f 	bl	10007048 <memcpy>
10005f2a:	89e0      	ldrh	r0, [r4, #14]
10005f2c:	68a1      	ldr	r1, [r4, #8]
10005f2e:	88e3      	ldrh	r3, [r4, #6]
10005f30:	4428      	add	r0, r5
10005f32:	b280      	uxth	r0, r0
10005f34:	4429      	add	r1, r5
10005f36:	4283      	cmp	r3, r0
10005f38:	81e0      	strh	r0, [r4, #14]
10005f3a:	60a1      	str	r1, [r4, #8]
10005f3c:	d016      	beq.n	10005f6c <usbd_control_xfer_cb+0x9c>
10005f3e:	2d3f      	cmp	r5, #63	@ 0x3f
10005f40:	d914      	bls.n	10005f6c <usbd_control_xfer_cb+0x9c>
10005f42:	89a2      	ldrh	r2, [r4, #12]
10005f44:	f994 4000 	ldrsb.w	r4, [r4]
10005f48:	1a13      	subs	r3, r2, r0
10005f4a:	b29b      	uxth	r3, r3
10005f4c:	2b40      	cmp	r3, #64	@ 0x40
10005f4e:	bf28      	it	cs
10005f50:	2340      	movcs	r3, #64	@ 0x40
10005f52:	2c00      	cmp	r4, #0
10005f54:	db27      	blt.n	10005fa6 <usbd_control_xfer_cb+0xd6>
10005f56:	4290      	cmp	r0, r2
10005f58:	f04f 0100 	mov.w	r1, #0
10005f5c:	d031      	beq.n	10005fc2 <usbd_control_xfer_cb+0xf2>
10005f5e:	4a1b      	ldr	r2, [pc, #108]	@ (10005fcc <usbd_control_xfer_cb+0xfc>)
10005f60:	4630      	mov	r0, r6
10005f62:	f7ff feed 	bl	10005d40 <usbd_edpt_xfer>
10005f66:	2800      	cmp	r0, #0
10005f68:	d1d1      	bne.n	10005f0e <usbd_control_xfer_cb+0x3e>
10005f6a:	e7bc      	b.n	10005ee6 <usbd_control_xfer_cb+0x16>
10005f6c:	6923      	ldr	r3, [r4, #16]
10005f6e:	b123      	cbz	r3, 10005f7a <usbd_control_xfer_cb+0xaa>
10005f70:	2102      	movs	r1, #2
10005f72:	4630      	mov	r0, r6
10005f74:	4a14      	ldr	r2, [pc, #80]	@ (10005fc8 <usbd_control_xfer_cb+0xf8>)
10005f76:	4798      	blx	r3
10005f78:	b160      	cbz	r0, 10005f94 <usbd_control_xfer_cb+0xc4>
10005f7a:	7821      	ldrb	r1, [r4, #0]
10005f7c:	2300      	movs	r3, #0
10005f7e:	43c9      	mvns	r1, r1
10005f80:	4630      	mov	r0, r6
10005f82:	461a      	mov	r2, r3
10005f84:	f001 0180 	and.w	r1, r1, #128	@ 0x80
10005f88:	f7ff feda 	bl	10005d40 <usbd_edpt_xfer>
10005f8c:	2800      	cmp	r0, #0
10005f8e:	d0aa      	beq.n	10005ee6 <usbd_control_xfer_cb+0x16>
10005f90:	2001      	movs	r0, #1
10005f92:	e7bd      	b.n	10005f10 <usbd_control_xfer_cb+0x40>
10005f94:	4601      	mov	r1, r0
10005f96:	4630      	mov	r0, r6
10005f98:	f7ff f932 	bl	10005200 <dcd_edpt_stall>
10005f9c:	2180      	movs	r1, #128	@ 0x80
10005f9e:	4630      	mov	r0, r6
10005fa0:	f7ff f92e 	bl	10005200 <dcd_edpt_stall>
10005fa4:	e7b3      	b.n	10005f0e <usbd_control_xfer_cb+0x3e>
10005fa6:	4290      	cmp	r0, r2
10005fa8:	d008      	beq.n	10005fbc <usbd_control_xfer_cb+0xec>
10005faa:	461a      	mov	r2, r3
10005fac:	4807      	ldr	r0, [pc, #28]	@ (10005fcc <usbd_control_xfer_cb+0xfc>)
10005fae:	9301      	str	r3, [sp, #4]
10005fb0:	f001 f84a 	bl	10007048 <memcpy>
10005fb4:	2180      	movs	r1, #128	@ 0x80
10005fb6:	4a05      	ldr	r2, [pc, #20]	@ (10005fcc <usbd_control_xfer_cb+0xfc>)
10005fb8:	9b01      	ldr	r3, [sp, #4]
10005fba:	e7d1      	b.n	10005f60 <usbd_control_xfer_cb+0x90>
10005fbc:	2180      	movs	r1, #128	@ 0x80
10005fbe:	2200      	movs	r2, #0
10005fc0:	e7ce      	b.n	10005f60 <usbd_control_xfer_cb+0x90>
10005fc2:	460a      	mov	r2, r1
10005fc4:	e7cc      	b.n	10005f60 <usbd_control_xfer_cb+0x90>
10005fc6:	bf00      	nop
10005fc8:	20001610 	.word	0x20001610
10005fcc:	200015d0 	.word	0x200015d0

10005fd0 <_prep_out_transaction.isra.0>:
10005fd0:	e92d 41f0 	stmdb	sp!, {r4, r5, r6, r7, r8, lr}
10005fd4:	4604      	mov	r4, r0
10005fd6:	f7ff f9d3 	bl	10005380 <tud_mounted>
10005fda:	b908      	cbnz	r0, 10005fe0 <_prep_out_transaction.isra.0+0x10>
10005fdc:	e8bd 81f0 	ldmia.w	sp!, {r4, r5, r6, r7, r8, pc}
10005fe0:	f7ff f9d6 	bl	10005390 <tud_suspended>
10005fe4:	4605      	mov	r5, r0
10005fe6:	2800      	cmp	r0, #0
10005fe8:	d1f8      	bne.n	10005fdc <_prep_out_transaction.isra.0+0xc>
10005fea:	23c8      	movs	r3, #200	@ 0xc8
10005fec:	fb04 f303 	mul.w	r3, r4, r3
10005ff0:	4e12      	ldr	r6, [pc, #72]	@ (1000603c <_prep_out_transaction.isra.0+0x6c>)
10005ff2:	18f7      	adds	r7, r6, r3
10005ff4:	78f9      	ldrb	r1, [r7, #3]
10005ff6:	2900      	cmp	r1, #0
10005ff8:	d0f0      	beq.n	10005fdc <_prep_out_transaction.isra.0+0xc>
10005ffa:	3310      	adds	r3, #16
10005ffc:	441e      	add	r6, r3
10005ffe:	4630      	mov	r0, r6
10006000:	f000 fdd2 	bl	10006ba8 <tu_fifo_remaining>
10006004:	283f      	cmp	r0, #63	@ 0x3f
10006006:	d9e9      	bls.n	10005fdc <_prep_out_transaction.isra.0+0xc>
10006008:	4628      	mov	r0, r5
1000600a:	78f9      	ldrb	r1, [r7, #3]
1000600c:	f7ff fe74 	bl	10005cf8 <usbd_edpt_claim>
10006010:	2800      	cmp	r0, #0
10006012:	d0e3      	beq.n	10005fdc <_prep_out_transaction.isra.0+0xc>
10006014:	4630      	mov	r0, r6
10006016:	f000 fdc7 	bl	10006ba8 <tu_fifo_remaining>
1000601a:	283f      	cmp	r0, #63	@ 0x3f
1000601c:	78f9      	ldrb	r1, [r7, #3]
1000601e:	d908      	bls.n	10006032 <_prep_out_transaction.isra.0+0x62>
10006020:	4a07      	ldr	r2, [pc, #28]	@ (10006040 <_prep_out_transaction.isra.0+0x70>)
10006022:	4628      	mov	r0, r5
10006024:	eb02 12c4 	add.w	r2, r2, r4, lsl #7
10006028:	2340      	movs	r3, #64	@ 0x40
1000602a:	e8bd 41f0 	ldmia.w	sp!, {r4, r5, r6, r7, r8, lr}
1000602e:	f7ff be87 	b.w	10005d40 <usbd_edpt_xfer>
10006032:	4628      	mov	r0, r5
10006034:	e8bd 41f0 	ldmia.w	sp!, {r4, r5, r6, r7, r8, lr}
10006038:	f7ff be70 	b.w	10005d1c <usbd_edpt_release>
1000603c:	20001508 	.word	0x20001508
10006040:	20001484 	.word	0x20001484

10006044 <tud_cdc_n_connected>:
10006044:	b510      	push	{r4, lr}
10006046:	4604      	mov	r4, r0
10006048:	f7ff f99a 	bl	10005380 <tud_mounted>
1000604c:	b908      	cbnz	r0, 10006052 <tud_cdc_n_connected+0xe>
1000604e:	2000      	movs	r0, #0
10006050:	bd10      	pop	{r4, pc}
10006052:	f7ff f99d 	bl	10005390 <tud_suspended>
10006056:	2800      	cmp	r0, #0
10006058:	d1f9      	bne.n	1000604e <tud_cdc_n_connected+0xa>
1000605a:	22c8      	movs	r2, #200	@ 0xc8
1000605c:	4b03      	ldr	r3, [pc, #12]	@ (1000606c <tud_cdc_n_connected+0x28>)
1000605e:	fb02 3304 	mla	r3, r2, r4, r3
10006062:	7918      	ldrb	r0, [r3, #4]
10006064:	f000 0001 	and.w	r0, r0, #1
10006068:	bd10      	pop	{r4, pc}
1000606a:	bf00      	nop
1000606c:	20001508 	.word	0x20001508

10006070 <tud_cdc_n_available>:
10006070:	22c8      	movs	r2, #200	@ 0xc8
10006072:	b508      	push	{r3, lr}
10006074:	4b02      	ldr	r3, [pc, #8]	@ (10006080 <tud_cdc_n_available+0x10>)
10006076:	fb02 3000 	mla	r0, r2, r0, r3
1000607a:	f000 fd7b 	bl	10006b74 <tu_fifo_count>
1000607e:	bd08      	pop	{r3, pc}
10006080:	20001518 	.word	0x20001518

10006084 <tud_cdc_n_read>:
10006084:	e92d 43f8 	stmdb	sp!, {r3, r4, r5, r6, r7, r8, r9, lr}
10006088:	f64f 73ff 	movw	r3, #65535	@ 0xffff
1000608c:	24c8      	movs	r4, #200	@ 0xc8
1000608e:	429a      	cmp	r2, r3
10006090:	bf28      	it	cs
10006092:	461a      	movcs	r2, r3
10006094:	fb00 f404 	mul.w	r4, r0, r4
10006098:	f8df 8074 	ldr.w	r8, [pc, #116]	@ 10006110 <tud_cdc_n_read+0x8c>
1000609c:	f104 0510 	add.w	r5, r4, #16
100060a0:	4445      	add	r5, r8
100060a2:	4606      	mov	r6, r0
100060a4:	b292      	uxth	r2, r2
100060a6:	4628      	mov	r0, r5
100060a8:	f000 fdda 	bl	10006c60 <tu_fifo_read_n>
100060ac:	4607      	mov	r7, r0
100060ae:	f7ff f967 	bl	10005380 <tud_mounted>
100060b2:	b910      	cbnz	r0, 100060ba <tud_cdc_n_read+0x36>
100060b4:	4638      	mov	r0, r7
100060b6:	e8bd 83f8 	ldmia.w	sp!, {r3, r4, r5, r6, r7, r8, r9, pc}
100060ba:	f7ff f969 	bl	10005390 <tud_suspended>
100060be:	4681      	mov	r9, r0
100060c0:	2800      	cmp	r0, #0
100060c2:	d1f7      	bne.n	100060b4 <tud_cdc_n_read+0x30>
100060c4:	44a0      	add	r8, r4
100060c6:	f898 3003 	ldrb.w	r3, [r8, #3]
100060ca:	2b00      	cmp	r3, #0
100060cc:	d0f2      	beq.n	100060b4 <tud_cdc_n_read+0x30>
100060ce:	4628      	mov	r0, r5
100060d0:	f000 fd6a 	bl	10006ba8 <tu_fifo_remaining>
100060d4:	283f      	cmp	r0, #63	@ 0x3f
100060d6:	d9ed      	bls.n	100060b4 <tud_cdc_n_read+0x30>
100060d8:	4648      	mov	r0, r9
100060da:	f898 1003 	ldrb.w	r1, [r8, #3]
100060de:	f7ff fe0b 	bl	10005cf8 <usbd_edpt_claim>
100060e2:	2800      	cmp	r0, #0
100060e4:	d0e6      	beq.n	100060b4 <tud_cdc_n_read+0x30>
100060e6:	4628      	mov	r0, r5
100060e8:	f000 fd5e 	bl	10006ba8 <tu_fifo_remaining>
100060ec:	283f      	cmp	r0, #63	@ 0x3f
100060ee:	f898 1003 	ldrb.w	r1, [r8, #3]
100060f2:	d907      	bls.n	10006104 <tud_cdc_n_read+0x80>
100060f4:	4a05      	ldr	r2, [pc, #20]	@ (1000610c <tud_cdc_n_read+0x88>)
100060f6:	4648      	mov	r0, r9
100060f8:	2340      	movs	r3, #64	@ 0x40
100060fa:	eb02 12c6 	add.w	r2, r2, r6, lsl #7
100060fe:	f7ff fe1f 	bl	10005d40 <usbd_edpt_xfer>
10006102:	e7d7      	b.n	100060b4 <tud_cdc_n_read+0x30>
10006104:	4648      	mov	r0, r9
10006106:	f7ff fe09 	bl	10005d1c <usbd_edpt_release>
1000610a:	e7d3      	b.n	100060b4 <tud_cdc_n_read+0x30>
1000610c:	20001484 	.word	0x20001484
10006110:	20001508 	.word	0x20001508

10006114 <tud_cdc_n_write_flush>:
10006114:	e92d 41f0 	stmdb	sp!, {r4, r5, r6, r7, r8, lr}
10006118:	4604      	mov	r4, r0
1000611a:	f7ff f931 	bl	10005380 <tud_mounted>
1000611e:	b910      	cbnz	r0, 10006126 <tud_cdc_n_write_flush+0x12>
10006120:	2000      	movs	r0, #0
10006122:	e8bd 81f0 	ldmia.w	sp!, {r4, r5, r6, r7, r8, pc}
10006126:	f7ff f933 	bl	10005390 <tud_suspended>
1000612a:	4605      	mov	r5, r0
1000612c:	2800      	cmp	r0, #0
1000612e:	d1f7      	bne.n	10006120 <tud_cdc_n_write_flush+0xc>
10006130:	26c8      	movs	r6, #200	@ 0xc8
10006132:	fb04 f606 	mul.w	r6, r4, r6
10006136:	f8df 8064 	ldr.w	r8, [pc, #100]	@ 1000619c <tud_cdc_n_write_flush+0x88>
1000613a:	f106 0724 	add.w	r7, r6, #36	@ 0x24
1000613e:	4447      	add	r7, r8
10006140:	4638      	mov	r0, r7
10006142:	f000 fd17 	bl	10006b74 <tu_fifo_count>
10006146:	2800      	cmp	r0, #0
10006148:	d0ea      	beq.n	10006120 <tud_cdc_n_write_flush+0xc>
1000614a:	44b0      	add	r8, r6
1000614c:	4628      	mov	r0, r5
1000614e:	f898 1002 	ldrb.w	r1, [r8, #2]
10006152:	f7ff fdd1 	bl	10005cf8 <usbd_edpt_claim>
10006156:	2800      	cmp	r0, #0
10006158:	d0e2      	beq.n	10006120 <tud_cdc_n_write_flush+0xc>
1000615a:	4e0f      	ldr	r6, [pc, #60]	@ (10006198 <tud_cdc_n_write_flush+0x84>)
1000615c:	4638      	mov	r0, r7
1000615e:	eb06 16c4 	add.w	r6, r6, r4, lsl #7
10006162:	4631      	mov	r1, r6
10006164:	2240      	movs	r2, #64	@ 0x40
10006166:	f000 fd7b 	bl	10006c60 <tu_fifo_read_n>
1000616a:	f898 1002 	ldrb.w	r1, [r8, #2]
1000616e:	4604      	mov	r4, r0
10006170:	b168      	cbz	r0, 1000618e <tud_cdc_n_write_flush+0x7a>
10006172:	4603      	mov	r3, r0
10006174:	4632      	mov	r2, r6
10006176:	4628      	mov	r0, r5
10006178:	f7ff fde2 	bl	10005d40 <usbd_edpt_xfer>
1000617c:	b950      	cbnz	r0, 10006194 <tud_cdc_n_write_flush+0x80>
1000617e:	f04f 23e0 	mov.w	r3, #3758153728	@ 0xe000e000
10006182:	f8d3 3df0 	ldr.w	r3, [r3, #3568]	@ 0xdf0
10006186:	07db      	lsls	r3, r3, #31
10006188:	d5ca      	bpl.n	10006120 <tud_cdc_n_write_flush+0xc>
1000618a:	be00      	bkpt	0x0000
1000618c:	e7c8      	b.n	10006120 <tud_cdc_n_write_flush+0xc>
1000618e:	f7ff fdc5 	bl	10005d1c <usbd_edpt_release>
10006192:	e7c5      	b.n	10006120 <tud_cdc_n_write_flush+0xc>
10006194:	4620      	mov	r0, r4
10006196:	e7c4      	b.n	10006122 <tud_cdc_n_write_flush+0xe>
10006198:	200014c4 	.word	0x200014c4
1000619c:	20001508 	.word	0x20001508

100061a0 <tud_cdc_n_write>:
100061a0:	b538      	push	{r3, r4, r5, lr}
100061a2:	f64f 75ff 	movw	r5, #65535	@ 0xffff
100061a6:	23c8      	movs	r3, #200	@ 0xc8
100061a8:	42aa      	cmp	r2, r5
100061aa:	bf28      	it	cs
100061ac:	462a      	movcs	r2, r5
100061ae:	4c0b      	ldr	r4, [pc, #44]	@ (100061dc <tud_cdc_n_write+0x3c>)
100061b0:	b292      	uxth	r2, r2
100061b2:	fb03 4400 	mla	r4, r3, r0, r4
100061b6:	4605      	mov	r5, r0
100061b8:	4620      	mov	r0, r4
100061ba:	f000 fe0f 	bl	10006ddc <tu_fifo_write_n>
100061be:	4603      	mov	r3, r0
100061c0:	4620      	mov	r0, r4
100061c2:	461c      	mov	r4, r3
100061c4:	f000 fcd6 	bl	10006b74 <tu_fifo_count>
100061c8:	283f      	cmp	r0, #63	@ 0x3f
100061ca:	d801      	bhi.n	100061d0 <tud_cdc_n_write+0x30>
100061cc:	4620      	mov	r0, r4
100061ce:	bd38      	pop	{r3, r4, r5, pc}
100061d0:	4628      	mov	r0, r5
100061d2:	f7ff ff9f 	bl	10006114 <tud_cdc_n_write_flush>
100061d6:	4620      	mov	r0, r4
100061d8:	bd38      	pop	{r3, r4, r5, pc}
100061da:	bf00      	nop
100061dc:	2000152c 	.word	0x2000152c

100061e0 <tud_cdc_n_write_available>:
100061e0:	22c8      	movs	r2, #200	@ 0xc8
100061e2:	b508      	push	{r3, lr}
100061e4:	4b02      	ldr	r3, [pc, #8]	@ (100061f0 <tud_cdc_n_write_available+0x10>)
100061e6:	fb02 3000 	mla	r0, r2, r0, r3
100061ea:	f000 fcdd 	bl	10006ba8 <tu_fifo_remaining>
100061ee:	bd08      	pop	{r3, pc}
100061f0:	2000152c 	.word	0x2000152c

100061f4 <cdcd_init>:
100061f4:	b5f0      	push	{r4, r5, r6, r7, lr}
100061f6:	2400      	movs	r4, #0
100061f8:	b083      	sub	sp, #12
100061fa:	22c8      	movs	r2, #200	@ 0xc8
100061fc:	2100      	movs	r1, #0
100061fe:	4817      	ldr	r0, [pc, #92]	@ (1000625c <cdcd_init+0x68>)
10006200:	f000 fed4 	bl	10006fac <memset>
10006204:	23ff      	movs	r3, #255	@ 0xff
10006206:	f44f 31e1 	mov.w	r1, #115200	@ 0x1c200
1000620a:	2208      	movs	r2, #8
1000620c:	4814      	ldr	r0, [pc, #80]	@ (10006260 <cdcd_init+0x6c>)
1000620e:	7004      	strb	r4, [r0, #0]
10006210:	4812      	ldr	r0, [pc, #72]	@ (1000625c <cdcd_init+0x68>)
10006212:	9400      	str	r4, [sp, #0]
10006214:	4607      	mov	r7, r0
10006216:	7143      	strb	r3, [r0, #5]
10006218:	6081      	str	r1, [r0, #8]
1000621a:	7382      	strb	r2, [r0, #14]
1000621c:	f100 0138 	add.w	r1, r0, #56	@ 0x38
10006220:	2301      	movs	r3, #1
10006222:	2240      	movs	r2, #64	@ 0x40
10006224:	3010      	adds	r0, #16
10006226:	f000 fc75 	bl	10006b14 <tu_fifo_config>
1000622a:	2301      	movs	r3, #1
1000622c:	2240      	movs	r2, #64	@ 0x40
1000622e:	f107 0178 	add.w	r1, r7, #120	@ 0x78
10006232:	9300      	str	r3, [sp, #0]
10006234:	f107 06b8 	add.w	r6, r7, #184	@ 0xb8
10006238:	f107 0024 	add.w	r0, r7, #36	@ 0x24
1000623c:	f000 fc6a 	bl	10006b14 <tu_fifo_config>
10006240:	f107 05c0 	add.w	r5, r7, #192	@ 0xc0
10006244:	4630      	mov	r0, r6
10006246:	f7fd f9c7 	bl	100035d8 <mutex_init>
1000624a:	4628      	mov	r0, r5
1000624c:	f7fd f9c4 	bl	100035d8 <mutex_init>
10006250:	e9c7 4607 	strd	r4, r6, [r7, #28]
10006254:	e9c7 540c 	strd	r5, r4, [r7, #48]	@ 0x30
10006258:	b003      	add	sp, #12
1000625a:	bdf0      	pop	{r4, r5, r6, r7, pc}
1000625c:	20001508 	.word	0x20001508
10006260:	20001504 	.word	0x20001504

10006264 <cdcd_deinit>:
10006264:	4a0a      	ldr	r2, [pc, #40]	@ (10006290 <cdcd_deinit+0x2c>)
10006266:	6b11      	ldr	r1, [r2, #48]	@ 0x30
10006268:	6a13      	ldr	r3, [r2, #32]
1000626a:	b161      	cbz	r1, 10006286 <cdcd_deinit+0x22>
1000626c:	b13b      	cbz	r3, 1000627e <cdcd_deinit+0x1a>
1000626e:	2300      	movs	r3, #0
10006270:	e9c2 330c 	strd	r3, r3, [r2, #48]	@ 0x30
10006274:	61d3      	str	r3, [r2, #28]
10006276:	2300      	movs	r3, #0
10006278:	6213      	str	r3, [r2, #32]
1000627a:	2001      	movs	r0, #1
1000627c:	4770      	bx	lr
1000627e:	2001      	movs	r0, #1
10006280:	e9c2 330c 	strd	r3, r3, [r2, #48]	@ 0x30
10006284:	4770      	bx	lr
10006286:	2b00      	cmp	r3, #0
10006288:	d0f7      	beq.n	1000627a <cdcd_deinit+0x16>
1000628a:	61d1      	str	r1, [r2, #28]
1000628c:	e7f3      	b.n	10006276 <cdcd_deinit+0x12>
1000628e:	bf00      	nop
10006290:	20001508 	.word	0x20001508

10006294 <cdcd_reset>:
10006294:	2200      	movs	r2, #0
10006296:	b510      	push	{r4, lr}
10006298:	4c0e      	ldr	r4, [pc, #56]	@ (100062d4 <cdcd_reset+0x40>)
1000629a:	480f      	ldr	r0, [pc, #60]	@ (100062d8 <cdcd_reset+0x44>)
1000629c:	7823      	ldrb	r3, [r4, #0]
1000629e:	6002      	str	r2, [r0, #0]
100062a0:	7102      	strb	r2, [r0, #4]
100062a2:	07da      	lsls	r2, r3, #31
100062a4:	d507      	bpl.n	100062b6 <cdcd_reset+0x22>
100062a6:	079b      	lsls	r3, r3, #30
100062a8:	d50b      	bpl.n	100062c2 <cdcd_reset+0x2e>
100062aa:	e8bd 4010 	ldmia.w	sp!, {r4, lr}
100062ae:	2101      	movs	r1, #1
100062b0:	480a      	ldr	r0, [pc, #40]	@ (100062dc <cdcd_reset+0x48>)
100062b2:	f000 be5d 	b.w	10006f70 <tu_fifo_set_overwritable>
100062b6:	3010      	adds	r0, #16
100062b8:	f000 fe3e 	bl	10006f38 <tu_fifo_clear>
100062bc:	7823      	ldrb	r3, [r4, #0]
100062be:	079b      	lsls	r3, r3, #30
100062c0:	d4f3      	bmi.n	100062aa <cdcd_reset+0x16>
100062c2:	4806      	ldr	r0, [pc, #24]	@ (100062dc <cdcd_reset+0x48>)
100062c4:	f000 fe38 	bl	10006f38 <tu_fifo_clear>
100062c8:	e8bd 4010 	ldmia.w	sp!, {r4, lr}
100062cc:	2101      	movs	r1, #1
100062ce:	4803      	ldr	r0, [pc, #12]	@ (100062dc <cdcd_reset+0x48>)
100062d0:	f000 be4e 	b.w	10006f70 <tu_fifo_set_overwritable>
100062d4:	20001504 	.word	0x20001504
100062d8:	20001508 	.word	0x20001508
100062dc:	2000152c 	.word	0x2000152c

100062e0 <cdcd_open>:
100062e0:	b5f0      	push	{r4, r5, r6, r7, lr}
100062e2:	794b      	ldrb	r3, [r1, #5]
100062e4:	b083      	sub	sp, #12
100062e6:	2b02      	cmp	r3, #2
100062e8:	d102      	bne.n	100062f0 <cdcd_open+0x10>
100062ea:	798b      	ldrb	r3, [r1, #6]
100062ec:	2b02      	cmp	r3, #2
100062ee:	d003      	beq.n	100062f8 <cdcd_open+0x18>
100062f0:	2500      	movs	r5, #0
100062f2:	4628      	mov	r0, r5
100062f4:	b003      	add	sp, #12
100062f6:	bdf0      	pop	{r4, r5, r6, r7, pc}
100062f8:	4f27      	ldr	r7, [pc, #156]	@ (10006398 <cdcd_open+0xb8>)
100062fa:	78bb      	ldrb	r3, [r7, #2]
100062fc:	b13b      	cbz	r3, 1000630e <cdcd_open+0x2e>
100062fe:	f04f 23e0 	mov.w	r3, #3758153728	@ 0xe000e000
10006302:	f8d3 3df0 	ldr.w	r3, [r3, #3568]	@ 0xdf0
10006306:	07db      	lsls	r3, r3, #31
10006308:	d5f2      	bpl.n	100062f0 <cdcd_open+0x10>
1000630a:	be00      	bkpt	0x0000
1000630c:	e7f0      	b.n	100062f0 <cdcd_open+0x10>
1000630e:	788b      	ldrb	r3, [r1, #2]
10006310:	4606      	mov	r6, r0
10006312:	703b      	strb	r3, [r7, #0]
10006314:	780b      	ldrb	r3, [r1, #0]
10006316:	18cc      	adds	r4, r1, r3
10006318:	7861      	ldrb	r1, [r4, #1]
1000631a:	2924      	cmp	r1, #36	@ 0x24
1000631c:	bf08      	it	eq
1000631e:	2509      	moveq	r5, #9
10006320:	d007      	beq.n	10006332 <cdcd_open+0x52>
10006322:	e036      	b.n	10006392 <cdcd_open+0xb2>
10006324:	7823      	ldrb	r3, [r4, #0]
10006326:	441c      	add	r4, r3
10006328:	7861      	ldrb	r1, [r4, #1]
1000632a:	442b      	add	r3, r5
1000632c:	2924      	cmp	r1, #36	@ 0x24
1000632e:	b29d      	uxth	r5, r3
10006330:	d107      	bne.n	10006342 <cdcd_open+0x62>
10006332:	42aa      	cmp	r2, r5
10006334:	d2f6      	bcs.n	10006324 <cdcd_open+0x44>
10006336:	2000      	movs	r0, #0
10006338:	f7ff fe4a 	bl	10005fd0 <_prep_out_transaction.isra.0>
1000633c:	4628      	mov	r0, r5
1000633e:	b003      	add	sp, #12
10006340:	bdf0      	pop	{r4, r5, r6, r7, pc}
10006342:	460b      	mov	r3, r1
10006344:	2905      	cmp	r1, #5
10006346:	d016      	beq.n	10006376 <cdcd_open+0x96>
10006348:	2b04      	cmp	r3, #4
1000634a:	d1f4      	bne.n	10006336 <cdcd_open+0x56>
1000634c:	7963      	ldrb	r3, [r4, #5]
1000634e:	2b0a      	cmp	r3, #10
10006350:	d1f1      	bne.n	10006336 <cdcd_open+0x56>
10006352:	4b12      	ldr	r3, [pc, #72]	@ (1000639c <cdcd_open+0xbc>)
10006354:	7827      	ldrb	r7, [r4, #0]
10006356:	9301      	str	r3, [sp, #4]
10006358:	3301      	adds	r3, #1
1000635a:	9300      	str	r3, [sp, #0]
1000635c:	2302      	movs	r3, #2
1000635e:	4630      	mov	r0, r6
10006360:	461a      	mov	r2, r3
10006362:	19e1      	adds	r1, r4, r7
10006364:	f7ff fc58 	bl	10005c18 <usbd_open_edpt_pair>
10006368:	2800      	cmp	r0, #0
1000636a:	d0c8      	beq.n	100062fe <cdcd_open+0x1e>
1000636c:	350e      	adds	r5, #14
1000636e:	fa17 f585 	uxtah	r5, r7, r5
10006372:	b2ad      	uxth	r5, r5
10006374:	e7df      	b.n	10006336 <cdcd_open+0x56>
10006376:	4621      	mov	r1, r4
10006378:	4630      	mov	r0, r6
1000637a:	f7ff fc9b 	bl	10005cb4 <usbd_edpt_open>
1000637e:	2800      	cmp	r0, #0
10006380:	d0bd      	beq.n	100062fe <cdcd_open+0x1e>
10006382:	78a3      	ldrb	r3, [r4, #2]
10006384:	707b      	strb	r3, [r7, #1]
10006386:	7823      	ldrb	r3, [r4, #0]
10006388:	195a      	adds	r2, r3, r5
1000638a:	441c      	add	r4, r3
1000638c:	7863      	ldrb	r3, [r4, #1]
1000638e:	b295      	uxth	r5, r2
10006390:	e7da      	b.n	10006348 <cdcd_open+0x68>
10006392:	460b      	mov	r3, r1
10006394:	2509      	movs	r5, #9
10006396:	e7d5      	b.n	10006344 <cdcd_open+0x64>
10006398:	20001508 	.word	0x20001508
1000639c:	2000150a 	.word	0x2000150a

100063a0 <cdcd_control_xfer_cb>:
100063a0:	7813      	ldrb	r3, [r2, #0]
100063a2:	f003 0360 	and.w	r3, r3, #96	@ 0x60
100063a6:	2b20      	cmp	r3, #32
100063a8:	d108      	bne.n	100063bc <cdcd_control_xfer_cb+0x1c>
100063aa:	b570      	push	{r4, r5, r6, lr}
100063ac:	4c26      	ldr	r4, [pc, #152]	@ (10006448 <cdcd_control_xfer_cb+0xa8>)
100063ae:	8893      	ldrh	r3, [r2, #4]
100063b0:	f894 c000 	ldrb.w	ip, [r4]
100063b4:	459c      	cmp	ip, r3
100063b6:	d003      	beq.n	100063c0 <cdcd_control_xfer_cb+0x20>
100063b8:	2000      	movs	r0, #0
100063ba:	bd70      	pop	{r4, r5, r6, pc}
100063bc:	2000      	movs	r0, #0
100063be:	4770      	bx	lr
100063c0:	7853      	ldrb	r3, [r2, #1]
100063c2:	3b20      	subs	r3, #32
100063c4:	2b03      	cmp	r3, #3
100063c6:	d8f7      	bhi.n	100063b8 <cdcd_control_xfer_cb+0x18>
100063c8:	e8df f003 	tbb	[pc, r3]
100063cc:	020d2327 	.word	0x020d2327
100063d0:	2901      	cmp	r1, #1
100063d2:	d02e      	beq.n	10006432 <cdcd_control_xfer_cb+0x92>
100063d4:	2903      	cmp	r1, #3
100063d6:	d11e      	bne.n	10006416 <cdcd_control_xfer_cb+0x76>
100063d8:	4b1c      	ldr	r3, [pc, #112]	@ (1000644c <cdcd_control_xfer_cb+0xac>)
100063da:	b1e3      	cbz	r3, 10006416 <cdcd_control_xfer_cb+0x76>
100063dc:	2000      	movs	r0, #0
100063de:	8851      	ldrh	r1, [r2, #2]
100063e0:	f3af 8000 	nop.w
100063e4:	e017      	b.n	10006416 <cdcd_control_xfer_cb+0x76>
100063e6:	2901      	cmp	r1, #1
100063e8:	d023      	beq.n	10006432 <cdcd_control_xfer_cb+0x92>
100063ea:	2903      	cmp	r1, #3
100063ec:	d113      	bne.n	10006416 <cdcd_control_xfer_cb+0x76>
100063ee:	8855      	ldrh	r5, [r2, #2]
100063f0:	4817      	ldr	r0, [pc, #92]	@ (10006450 <cdcd_control_xfer_cb+0xb0>)
100063f2:	f005 0601 	and.w	r6, r5, #1
100063f6:	f086 0101 	eor.w	r1, r6, #1
100063fa:	7125      	strb	r5, [r4, #4]
100063fc:	f000 fdb8 	bl	10006f70 <tu_fifo_set_overwritable>
10006400:	4b14      	ldr	r3, [pc, #80]	@ (10006454 <cdcd_control_xfer_cb+0xb4>)
10006402:	b143      	cbz	r3, 10006416 <cdcd_control_xfer_cb+0x76>
10006404:	4631      	mov	r1, r6
10006406:	2000      	movs	r0, #0
10006408:	f3c5 0240 	ubfx	r2, r5, #1, #1
1000640c:	f3af 8000 	nop.w
10006410:	e001      	b.n	10006416 <cdcd_control_xfer_cb+0x76>
10006412:	2901      	cmp	r1, #1
10006414:	d011      	beq.n	1000643a <cdcd_control_xfer_cb+0x9a>
10006416:	2001      	movs	r0, #1
10006418:	bd70      	pop	{r4, r5, r6, pc}
1000641a:	2901      	cmp	r1, #1
1000641c:	d00d      	beq.n	1000643a <cdcd_control_xfer_cb+0x9a>
1000641e:	2903      	cmp	r1, #3
10006420:	d1f9      	bne.n	10006416 <cdcd_control_xfer_cb+0x76>
10006422:	4b0d      	ldr	r3, [pc, #52]	@ (10006458 <cdcd_control_xfer_cb+0xb8>)
10006424:	2b00      	cmp	r3, #0
10006426:	d0f6      	beq.n	10006416 <cdcd_control_xfer_cb+0x76>
10006428:	2000      	movs	r0, #0
1000642a:	490c      	ldr	r1, [pc, #48]	@ (1000645c <cdcd_control_xfer_cb+0xbc>)
1000642c:	f7fe faac 	bl	10004988 <tud_cdc_line_coding_cb>
10006430:	e7f1      	b.n	10006416 <cdcd_control_xfer_cb+0x76>
10006432:	4611      	mov	r1, r2
10006434:	f7ff fcbc 	bl	10005db0 <tud_control_status>
10006438:	e7ed      	b.n	10006416 <cdcd_control_xfer_cb+0x76>
1000643a:	4611      	mov	r1, r2
1000643c:	2307      	movs	r3, #7
1000643e:	4a07      	ldr	r2, [pc, #28]	@ (1000645c <cdcd_control_xfer_cb+0xbc>)
10006440:	f7ff fcd0 	bl	10005de4 <tud_control_xfer>
10006444:	e7e7      	b.n	10006416 <cdcd_control_xfer_cb+0x76>
10006446:	bf00      	nop
10006448:	20001508 	.word	0x20001508
1000644c:	00000000 	.word	0x00000000
10006450:	2000152c 	.word	0x2000152c
10006454:	00000000 	.word	0x00000000
10006458:	10004989 	.word	0x10004989
1000645c:	20001510 	.word	0x20001510

10006460 <cdcd_xfer_cb>:
10006460:	e92d 43f8 	stmdb	sp!, {r3, r4, r5, r6, r7, r8, r9, lr}
10006464:	4e35      	ldr	r6, [pc, #212]	@ (1000653c <cdcd_xfer_cb+0xdc>)
10006466:	460c      	mov	r4, r1
10006468:	78f2      	ldrb	r2, [r6, #3]
1000646a:	4607      	mov	r7, r0
1000646c:	428a      	cmp	r2, r1
1000646e:	461d      	mov	r5, r3
10006470:	d03d      	beq.n	100064ee <cdcd_xfer_cb+0x8e>
10006472:	78b3      	ldrb	r3, [r6, #2]
10006474:	428b      	cmp	r3, r1
10006476:	d012      	beq.n	1000649e <cdcd_xfer_cb+0x3e>
10006478:	f04f 23e0 	mov.w	r3, #3758153728	@ 0xe000e000
1000647c:	f8d3 3df0 	ldr.w	r3, [r3, #3568]	@ 0xdf0
10006480:	07db      	lsls	r3, r3, #31
10006482:	d432      	bmi.n	100064ea <cdcd_xfer_cb+0x8a>
10006484:	2000      	movs	r0, #0
10006486:	e8bd 83f8 	ldmia.w	sp!, {r3, r4, r5, r6, r7, r8, r9, pc}
1000648a:	4b2d      	ldr	r3, [pc, #180]	@ (10006540 <cdcd_xfer_cb+0xe0>)
1000648c:	b123      	cbz	r3, 10006498 <cdcd_xfer_cb+0x38>
1000648e:	482d      	ldr	r0, [pc, #180]	@ (10006544 <cdcd_xfer_cb+0xe4>)
10006490:	f000 fb80 	bl	10006b94 <tu_fifo_empty>
10006494:	2800      	cmp	r0, #0
10006496:	d04d      	beq.n	10006534 <cdcd_xfer_cb+0xd4>
10006498:	2000      	movs	r0, #0
1000649a:	f7ff fd99 	bl	10005fd0 <_prep_out_transaction.isra.0>
1000649e:	78b3      	ldrb	r3, [r6, #2]
100064a0:	42a3      	cmp	r3, r4
100064a2:	d001      	beq.n	100064a8 <cdcd_xfer_cb+0x48>
100064a4:	2001      	movs	r0, #1
100064a6:	e7ee      	b.n	10006486 <cdcd_xfer_cb+0x26>
100064a8:	4b27      	ldr	r3, [pc, #156]	@ (10006548 <cdcd_xfer_cb+0xe8>)
100064aa:	b113      	cbz	r3, 100064b2 <cdcd_xfer_cb+0x52>
100064ac:	2000      	movs	r0, #0
100064ae:	f3af 8000 	nop.w
100064b2:	2000      	movs	r0, #0
100064b4:	f7ff fe2e 	bl	10006114 <tud_cdc_n_write_flush>
100064b8:	2800      	cmp	r0, #0
100064ba:	d1f3      	bne.n	100064a4 <cdcd_xfer_cb+0x44>
100064bc:	4823      	ldr	r0, [pc, #140]	@ (1000654c <cdcd_xfer_cb+0xec>)
100064be:	f000 fb59 	bl	10006b74 <tu_fifo_count>
100064c2:	2800      	cmp	r0, #0
100064c4:	d1ee      	bne.n	100064a4 <cdcd_xfer_cb+0x44>
100064c6:	2d00      	cmp	r5, #0
100064c8:	d0ec      	beq.n	100064a4 <cdcd_xfer_cb+0x44>
100064ca:	f015 053f 	ands.w	r5, r5, #63	@ 0x3f
100064ce:	d1e9      	bne.n	100064a4 <cdcd_xfer_cb+0x44>
100064d0:	4638      	mov	r0, r7
100064d2:	78b1      	ldrb	r1, [r6, #2]
100064d4:	f7ff fc10 	bl	10005cf8 <usbd_edpt_claim>
100064d8:	2800      	cmp	r0, #0
100064da:	d0e3      	beq.n	100064a4 <cdcd_xfer_cb+0x44>
100064dc:	462b      	mov	r3, r5
100064de:	462a      	mov	r2, r5
100064e0:	4638      	mov	r0, r7
100064e2:	78b1      	ldrb	r1, [r6, #2]
100064e4:	f7ff fc2c 	bl	10005d40 <usbd_edpt_xfer>
100064e8:	e7dc      	b.n	100064a4 <cdcd_xfer_cb+0x44>
100064ea:	be00      	bkpt	0x0000
100064ec:	e7ca      	b.n	10006484 <cdcd_xfer_cb+0x24>
100064ee:	b29a      	uxth	r2, r3
100064f0:	4917      	ldr	r1, [pc, #92]	@ (10006550 <cdcd_xfer_cb+0xf0>)
100064f2:	f106 0010 	add.w	r0, r6, #16
100064f6:	f000 fc71 	bl	10006ddc <tu_fifo_write_n>
100064fa:	4b16      	ldr	r3, [pc, #88]	@ (10006554 <cdcd_xfer_cb+0xf4>)
100064fc:	2b00      	cmp	r3, #0
100064fe:	d0c4      	beq.n	1000648a <cdcd_xfer_cb+0x2a>
10006500:	7973      	ldrb	r3, [r6, #5]
10006502:	2bff      	cmp	r3, #255	@ 0xff
10006504:	d0c1      	beq.n	1000648a <cdcd_xfer_cb+0x2a>
10006506:	2d00      	cmp	r5, #0
10006508:	d0bf      	beq.n	1000648a <cdcd_xfer_cb+0x2a>
1000650a:	f8df 8044 	ldr.w	r8, [pc, #68]	@ 10006550 <cdcd_xfer_cb+0xf0>
1000650e:	eb08 0905 	add.w	r9, r8, r5
10006512:	e002      	b.n	1000651a <cdcd_xfer_cb+0xba>
10006514:	45c8      	cmp	r8, r9
10006516:	d0b8      	beq.n	1000648a <cdcd_xfer_cb+0x2a>
10006518:	7973      	ldrb	r3, [r6, #5]
1000651a:	f818 2b01 	ldrb.w	r2, [r8], #1
1000651e:	429a      	cmp	r2, r3
10006520:	d1f8      	bne.n	10006514 <cdcd_xfer_cb+0xb4>
10006522:	4808      	ldr	r0, [pc, #32]	@ (10006544 <cdcd_xfer_cb+0xe4>)
10006524:	f000 fb36 	bl	10006b94 <tu_fifo_empty>
10006528:	2800      	cmp	r0, #0
1000652a:	d1f3      	bne.n	10006514 <cdcd_xfer_cb+0xb4>
1000652c:	7971      	ldrb	r1, [r6, #5]
1000652e:	f3af 8000 	nop.w
10006532:	e7ef      	b.n	10006514 <cdcd_xfer_cb+0xb4>
10006534:	f3af 8000 	nop.w
10006538:	e7ae      	b.n	10006498 <cdcd_xfer_cb+0x38>
1000653a:	bf00      	nop
1000653c:	20001508 	.word	0x20001508
10006540:	00000000 	.word	0x00000000
10006544:	20001518 	.word	0x20001518
10006548:	00000000 	.word	0x00000000
1000654c:	2000152c 	.word	0x2000152c
10006550:	20001484 	.word	0x20001484
10006554:	00000000 	.word	0x00000000

10006558 <vendord_init>:
10006558:	b5f0      	push	{r4, r5, r6, r7, lr}
1000655a:	f44f 7213 	mov.w	r2, #588	@ 0x24c
1000655e:	b085      	sub	sp, #20
10006560:	2100      	movs	r1, #0
10006562:	4812      	ldr	r0, [pc, #72]	@ (100065ac <vendord_init+0x54>)
10006564:	f000 fd22 	bl	10006fac <memset>
10006568:	2640      	movs	r6, #64	@ 0x40
1000656a:	2300      	movs	r3, #0
1000656c:	f44f 7580 	mov.w	r5, #256	@ 0x100
10006570:	4f0e      	ldr	r7, [pc, #56]	@ (100065ac <vendord_init+0x54>)
10006572:	4c0f      	ldr	r4, [pc, #60]	@ (100065b0 <vendord_init+0x58>)
10006574:	f507 72a6 	add.w	r2, r7, #332	@ 0x14c
10006578:	4619      	mov	r1, r3
1000657a:	e9cd 4602 	strd	r4, r6, [sp, #8]
1000657e:	9200      	str	r2, [sp, #0]
10006580:	9501      	str	r5, [sp, #4]
10006582:	461a      	mov	r2, r3
10006584:	f507 7094 	add.w	r0, r7, #296	@ 0x128
10006588:	f000 f9c6 	bl	10006918 <tu_edpt_stream_init>
1000658c:	2300      	movs	r3, #0
1000658e:	4638      	mov	r0, r7
10006590:	f107 0128 	add.w	r1, r7, #40	@ 0x28
10006594:	4434      	add	r4, r6
10006596:	9100      	str	r1, [sp, #0]
10006598:	2201      	movs	r2, #1
1000659a:	4619      	mov	r1, r3
1000659c:	e9cd 4602 	strd	r4, r6, [sp, #8]
100065a0:	9501      	str	r5, [sp, #4]
100065a2:	3004      	adds	r0, #4
100065a4:	f000 f9b8 	bl	10006918 <tu_edpt_stream_init>
100065a8:	b005      	add	sp, #20
100065aa:	bdf0      	pop	{r4, r5, r6, r7, pc}
100065ac:	200017ec 	.word	0x200017ec
100065b0:	2000176c 	.word	0x2000176c

100065b4 <vendord_deinit>:
100065b4:	b508      	push	{r3, lr}
100065b6:	4805      	ldr	r0, [pc, #20]	@ (100065cc <vendord_deinit+0x18>)
100065b8:	f000 f9da 	bl	10006970 <tu_edpt_stream_deinit>
100065bc:	4b03      	ldr	r3, [pc, #12]	@ (100065cc <vendord_deinit+0x18>)
100065be:	f5a3 7092 	sub.w	r0, r3, #292	@ 0x124
100065c2:	f000 f9d5 	bl	10006970 <tu_edpt_stream_deinit>
100065c6:	2001      	movs	r0, #1
100065c8:	bd08      	pop	{r3, pc}
100065ca:	bf00      	nop
100065cc:	20001914 	.word	0x20001914

100065d0 <vendord_reset>:
100065d0:	b538      	push	{r3, r4, r5, lr}
100065d2:	2500      	movs	r5, #0
100065d4:	4c06      	ldr	r4, [pc, #24]	@ (100065f0 <vendord_reset+0x20>)
100065d6:	f504 7098 	add.w	r0, r4, #304	@ 0x130
100065da:	7025      	strb	r5, [r4, #0]
100065dc:	f000 fcac 	bl	10006f38 <tu_fifo_clear>
100065e0:	f104 000c 	add.w	r0, r4, #12
100065e4:	f000 fca8 	bl	10006f38 <tu_fifo_clear>
100065e8:	f884 5129 	strb.w	r5, [r4, #297]	@ 0x129
100065ec:	7165      	strb	r5, [r4, #5]
100065ee:	bd38      	pop	{r3, r4, r5, pc}
100065f0:	200017ec 	.word	0x200017ec

100065f4 <vendord_open>:
100065f4:	e92d 43f8 	stmdb	sp!, {r3, r4, r5, r6, r7, r8, r9, lr}
100065f8:	794b      	ldrb	r3, [r1, #5]
100065fa:	2bff      	cmp	r3, #255	@ 0xff
100065fc:	d151      	bne.n	100066a2 <vendord_open+0xae>
100065fe:	4e35      	ldr	r6, [pc, #212]	@ (100066d4 <vendord_open+0xe0>)
10006600:	f896 3129 	ldrb.w	r3, [r6, #297]	@ 0x129
10006604:	2b00      	cmp	r3, #0
10006606:	d14c      	bne.n	100066a2 <vendord_open+0xae>
10006608:	f896 8005 	ldrb.w	r8, [r6, #5]
1000660c:	f1b8 0f00 	cmp.w	r8, #0
10006610:	d147      	bne.n	100066a2 <vendord_open+0xae>
10006612:	788b      	ldrb	r3, [r1, #2]
10006614:	780c      	ldrb	r4, [r1, #0]
10006616:	7033      	strb	r3, [r6, #0]
10006618:	790b      	ldrb	r3, [r1, #4]
1000661a:	460f      	mov	r7, r1
1000661c:	440c      	add	r4, r1
1000661e:	b3ab      	cbz	r3, 1000668c <vendord_open+0x98>
10006620:	4681      	mov	r9, r0
10006622:	18a5      	adds	r5, r4, r2
10006624:	e003      	b.n	1000662e <vendord_open+0x3a>
10006626:	42a5      	cmp	r5, r4
10006628:	d930      	bls.n	1000668c <vendord_open+0x98>
1000662a:	7823      	ldrb	r3, [r4, #0]
1000662c:	441c      	add	r4, r3
1000662e:	7863      	ldrb	r3, [r4, #1]
10006630:	2b05      	cmp	r3, #5
10006632:	d1f8      	bne.n	10006626 <vendord_open+0x32>
10006634:	42ac      	cmp	r4, r5
10006636:	d229      	bcs.n	1000668c <vendord_open+0x98>
10006638:	4621      	mov	r1, r4
1000663a:	4648      	mov	r0, r9
1000663c:	f7ff fb3a 	bl	10005cb4 <usbd_edpt_open>
10006640:	b340      	cbz	r0, 10006694 <vendord_open+0xa0>
10006642:	78a3      	ldrb	r3, [r4, #2]
10006644:	09db      	lsrs	r3, r3, #7
10006646:	d12f      	bne.n	100066a8 <vendord_open+0xb4>
10006648:	4823      	ldr	r0, [pc, #140]	@ (100066d8 <vendord_open+0xe4>)
1000664a:	f000 fc75 	bl	10006f38 <tu_fifo_clear>
1000664e:	78a3      	ldrb	r3, [r4, #2]
10006650:	f896 2128 	ldrb.w	r2, [r6, #296]	@ 0x128
10006654:	f886 3129 	strb.w	r3, [r6, #297]	@ 0x129
10006658:	88a3      	ldrh	r3, [r4, #4]
1000665a:	4648      	mov	r0, r9
1000665c:	f3c3 030a 	ubfx	r3, r3, #0, #11
10006660:	f5a3 7300 	sub.w	r3, r3, #512	@ 0x200
10006664:	fab3 f383 	clz	r3, r3
10006668:	095b      	lsrs	r3, r3, #5
1000666a:	f363 0241 	bfi	r2, r3, #1, #1
1000666e:	491b      	ldr	r1, [pc, #108]	@ (100066dc <vendord_open+0xe8>)
10006670:	f886 2128 	strb.w	r2, [r6, #296]	@ 0x128
10006674:	f000 f9ea 	bl	10006a4c <tu_edpt_stream_read_xfer>
10006678:	b160      	cbz	r0, 10006694 <vendord_open+0xa0>
1000667a:	7823      	ldrb	r3, [r4, #0]
1000667c:	793a      	ldrb	r2, [r7, #4]
1000667e:	f108 0801 	add.w	r8, r8, #1
10006682:	441c      	add	r4, r3
10006684:	fa5f f388 	uxtb.w	r3, r8
10006688:	429a      	cmp	r2, r3
1000668a:	d8d0      	bhi.n	1000662e <vendord_open+0x3a>
1000668c:	1be1      	subs	r1, r4, r7
1000668e:	b288      	uxth	r0, r1
10006690:	e8bd 83f8 	ldmia.w	sp!, {r3, r4, r5, r6, r7, r8, r9, pc}
10006694:	f04f 23e0 	mov.w	r3, #3758153728	@ 0xe000e000
10006698:	f8d3 3df0 	ldr.w	r3, [r3, #3568]	@ 0xdf0
1000669c:	07db      	lsls	r3, r3, #31
1000669e:	d500      	bpl.n	100066a2 <vendord_open+0xae>
100066a0:	be00      	bkpt	0x0000
100066a2:	2000      	movs	r0, #0
100066a4:	e8bd 83f8 	ldmia.w	sp!, {r3, r4, r5, r6, r7, r8, r9, pc}
100066a8:	480d      	ldr	r0, [pc, #52]	@ (100066e0 <vendord_open+0xec>)
100066aa:	f000 fc45 	bl	10006f38 <tu_fifo_clear>
100066ae:	78a3      	ldrb	r3, [r4, #2]
100066b0:	7932      	ldrb	r2, [r6, #4]
100066b2:	7173      	strb	r3, [r6, #5]
100066b4:	88a3      	ldrh	r3, [r4, #4]
100066b6:	490b      	ldr	r1, [pc, #44]	@ (100066e4 <vendord_open+0xf0>)
100066b8:	f3c3 030a 	ubfx	r3, r3, #0, #11
100066bc:	f5a3 7300 	sub.w	r3, r3, #512	@ 0x200
100066c0:	fab3 f383 	clz	r3, r3
100066c4:	095b      	lsrs	r3, r3, #5
100066c6:	f363 0241 	bfi	r2, r3, #1, #1
100066ca:	2000      	movs	r0, #0
100066cc:	7132      	strb	r2, [r6, #4]
100066ce:	f000 f985 	bl	100069dc <tu_edpt_stream_write_xfer>
100066d2:	e7d2      	b.n	1000667a <vendord_open+0x86>
100066d4:	200017ec 	.word	0x200017ec
100066d8:	2000191c 	.word	0x2000191c
100066dc:	20001914 	.word	0x20001914
100066e0:	200017f8 	.word	0x200017f8
100066e4:	200017f0 	.word	0x200017f0

100066e8 <vendord_xfer_cb>:
100066e8:	b570      	push	{r4, r5, r6, lr}
100066ea:	4c1b      	ldr	r4, [pc, #108]	@ (10006758 <vendord_xfer_cb+0x70>)
100066ec:	4606      	mov	r6, r0
100066ee:	f894 c129 	ldrb.w	ip, [r4, #297]	@ 0x129
100066f2:	461d      	mov	r5, r3
100066f4:	458c      	cmp	ip, r1
100066f6:	d011      	beq.n	1000671c <vendord_xfer_cb+0x34>
100066f8:	7963      	ldrb	r3, [r4, #5]
100066fa:	428b      	cmp	r3, r1
100066fc:	d001      	beq.n	10006702 <vendord_xfer_cb+0x1a>
100066fe:	2000      	movs	r0, #0
10006700:	bd70      	pop	{r4, r5, r6, pc}
10006702:	4b16      	ldr	r3, [pc, #88]	@ (1000675c <vendord_xfer_cb+0x74>)
10006704:	b11b      	cbz	r3, 1000670e <vendord_xfer_cb+0x26>
10006706:	2000      	movs	r0, #0
10006708:	b2a9      	uxth	r1, r5
1000670a:	f3af 8000 	nop.w
1000670e:	4630      	mov	r0, r6
10006710:	4913      	ldr	r1, [pc, #76]	@ (10006760 <vendord_xfer_cb+0x78>)
10006712:	f000 f963 	bl	100069dc <tu_edpt_stream_write_xfer>
10006716:	b1c8      	cbz	r0, 1000674c <vendord_xfer_cb+0x64>
10006718:	2001      	movs	r0, #1
1000671a:	bd70      	pop	{r4, r5, r6, pc}
1000671c:	f8b4 3134 	ldrh.w	r3, [r4, #308]	@ 0x134
10006720:	b963      	cbnz	r3, 1000673c <vendord_xfer_cb+0x54>
10006722:	4b10      	ldr	r3, [pc, #64]	@ (10006764 <vendord_xfer_cb+0x7c>)
10006724:	b123      	cbz	r3, 10006730 <vendord_xfer_cb+0x48>
10006726:	2000      	movs	r0, #0
10006728:	490f      	ldr	r1, [pc, #60]	@ (10006768 <vendord_xfer_cb+0x80>)
1000672a:	b2aa      	uxth	r2, r5
1000672c:	f3af 8000 	nop.w
10006730:	4630      	mov	r0, r6
10006732:	490e      	ldr	r1, [pc, #56]	@ (1000676c <vendord_xfer_cb+0x84>)
10006734:	f000 f98a 	bl	10006a4c <tu_edpt_stream_read_xfer>
10006738:	2001      	movs	r0, #1
1000673a:	e7ee      	b.n	1000671a <vendord_xfer_cb+0x32>
1000673c:	f8d4 112c 	ldr.w	r1, [r4, #300]	@ 0x12c
10006740:	b2aa      	uxth	r2, r5
10006742:	f504 7098 	add.w	r0, r4, #304	@ 0x130
10006746:	f000 fb49 	bl	10006ddc <tu_fifo_write_n>
1000674a:	e7ea      	b.n	10006722 <vendord_xfer_cb+0x3a>
1000674c:	462a      	mov	r2, r5
1000674e:	4630      	mov	r0, r6
10006750:	4903      	ldr	r1, [pc, #12]	@ (10006760 <vendord_xfer_cb+0x78>)
10006752:	f000 f90f 	bl	10006974 <tu_edpt_stream_write_zlp_if_needed>
10006756:	e7df      	b.n	10006718 <vendord_xfer_cb+0x30>
10006758:	200017ec 	.word	0x200017ec
1000675c:	00000000 	.word	0x00000000
10006760:	200017f0 	.word	0x200017f0
10006764:	00000000 	.word	0x00000000
10006768:	2000176c 	.word	0x2000176c
1000676c:	20001914 	.word	0x20001914

10006770 <tusb_rhport_init>:
10006770:	b510      	push	{r4, lr}
10006772:	b082      	sub	sp, #8
10006774:	b1c9      	cbz	r1, 100067aa <tusb_rhport_init+0x3a>
10006776:	2801      	cmp	r0, #1
10006778:	d80c      	bhi.n	10006794 <tusb_rhport_init+0x24>
1000677a:	780b      	ldrb	r3, [r1, #0]
1000677c:	b153      	cbz	r3, 10006794 <tusb_rhport_init+0x24>
1000677e:	4c14      	ldr	r4, [pc, #80]	@ (100067d0 <tusb_rhport_init+0x60>)
10006780:	2b01      	cmp	r3, #1
10006782:	5423      	strb	r3, [r4, r0]
10006784:	d002      	beq.n	1000678c <tusb_rhport_init+0x1c>
10006786:	2001      	movs	r0, #1
10006788:	b002      	add	sp, #8
1000678a:	bd10      	pop	{r4, pc}
1000678c:	f7fe fe08 	bl	100053a0 <tud_rhport_init>
10006790:	2800      	cmp	r0, #0
10006792:	d1f8      	bne.n	10006786 <tusb_rhport_init+0x16>
10006794:	f04f 23e0 	mov.w	r3, #3758153728	@ 0xe000e000
10006798:	f8d3 3df0 	ldr.w	r3, [r3, #3568]	@ 0xdf0
1000679c:	07db      	lsls	r3, r3, #31
1000679e:	d402      	bmi.n	100067a6 <tusb_rhport_init+0x36>
100067a0:	2000      	movs	r0, #0
100067a2:	b002      	add	sp, #8
100067a4:	bd10      	pop	{r4, pc}
100067a6:	be00      	bkpt	0x0000
100067a8:	e7fa      	b.n	100067a0 <tusb_rhport_init+0x30>
100067aa:	2401      	movs	r4, #1
100067ac:	4608      	mov	r0, r1
100067ae:	a901      	add	r1, sp, #4
100067b0:	f8ad 4004 	strh.w	r4, [sp, #4]
100067b4:	f7fe fdf4 	bl	100053a0 <tud_rhport_init>
100067b8:	b938      	cbnz	r0, 100067ca <tusb_rhport_init+0x5a>
100067ba:	f04f 23e0 	mov.w	r3, #3758153728	@ 0xe000e000
100067be:	f8d3 3df0 	ldr.w	r3, [r3, #3568]	@ 0xdf0
100067c2:	07da      	lsls	r2, r3, #31
100067c4:	d5ed      	bpl.n	100067a2 <tusb_rhport_init+0x32>
100067c6:	be00      	bkpt	0x0000
100067c8:	e7eb      	b.n	100067a2 <tusb_rhport_init+0x32>
100067ca:	4b01      	ldr	r3, [pc, #4]	@ (100067d0 <tusb_rhport_init+0x60>)
100067cc:	701c      	strb	r4, [r3, #0]
100067ce:	e7e8      	b.n	100067a2 <tusb_rhport_init+0x32>
100067d0:	20001644 	.word	0x20001644

100067d4 <tu_edpt_claim>:
100067d4:	b5f8      	push	{r3, r4, r5, r6, r7, lr}
100067d6:	7803      	ldrb	r3, [r0, #0]
100067d8:	f013 0401 	ands.w	r4, r3, #1
100067dc:	d11a      	bne.n	10006814 <tu_edpt_claim+0x40>
100067de:	7803      	ldrb	r3, [r0, #0]
100067e0:	4605      	mov	r5, r0
100067e2:	075a      	lsls	r2, r3, #29
100067e4:	f3c3 0780 	ubfx	r7, r3, #2, #1
100067e8:	d501      	bpl.n	100067ee <tu_edpt_claim+0x1a>
100067ea:	4620      	mov	r0, r4
100067ec:	bdf8      	pop	{r3, r4, r5, r6, r7, pc}
100067ee:	460e      	mov	r6, r1
100067f0:	f04f 31ff 	mov.w	r1, #4294967295	@ 0xffffffff
100067f4:	4630      	mov	r0, r6
100067f6:	f000 fccf 	bl	10007198 <__mutex_enter_timeout_ms_veneer>
100067fa:	782b      	ldrb	r3, [r5, #0]
100067fc:	f013 0401 	ands.w	r4, r3, #1
10006800:	d10b      	bne.n	1000681a <tu_edpt_claim+0x46>
10006802:	782b      	ldrb	r3, [r5, #0]
10006804:	075b      	lsls	r3, r3, #29
10006806:	d409      	bmi.n	1000681c <tu_edpt_claim+0x48>
10006808:	782b      	ldrb	r3, [r5, #0]
1000680a:	2401      	movs	r4, #1
1000680c:	f043 0304 	orr.w	r3, r3, #4
10006810:	702b      	strb	r3, [r5, #0]
10006812:	e003      	b.n	1000681c <tu_edpt_claim+0x48>
10006814:	2400      	movs	r4, #0
10006816:	4620      	mov	r0, r4
10006818:	bdf8      	pop	{r3, r4, r5, r6, r7, pc}
1000681a:	463c      	mov	r4, r7
1000681c:	4630      	mov	r0, r6
1000681e:	f000 fccb 	bl	100071b8 <__mutex_exit_veneer>
10006822:	4620      	mov	r0, r4
10006824:	bdf8      	pop	{r3, r4, r5, r6, r7, pc}
10006826:	bf00      	nop

10006828 <tu_edpt_release>:
10006828:	b570      	push	{r4, r5, r6, lr}
1000682a:	460c      	mov	r4, r1
1000682c:	4605      	mov	r5, r0
1000682e:	f04f 31ff 	mov.w	r1, #4294967295	@ 0xffffffff
10006832:	4620      	mov	r0, r4
10006834:	f000 fcb0 	bl	10007198 <__mutex_enter_timeout_ms_veneer>
10006838:	782b      	ldrb	r3, [r5, #0]
1000683a:	f3c3 0680 	ubfx	r6, r3, #2, #1
1000683e:	075b      	lsls	r3, r3, #29
10006840:	d508      	bpl.n	10006854 <tu_edpt_release+0x2c>
10006842:	782b      	ldrb	r3, [r5, #0]
10006844:	f013 0301 	ands.w	r3, r3, #1
10006848:	bf11      	iteee	ne
1000684a:	2600      	movne	r6, #0
1000684c:	782a      	ldrbeq	r2, [r5, #0]
1000684e:	f363 0282 	bfieq	r2, r3, #2, #1
10006852:	702a      	strbeq	r2, [r5, #0]
10006854:	4620      	mov	r0, r4
10006856:	f000 fcaf 	bl	100071b8 <__mutex_exit_veneer>
1000685a:	4630      	mov	r0, r6
1000685c:	bd70      	pop	{r4, r5, r6, pc}
1000685e:	bf00      	nop

10006860 <tu_edpt_validate>:
10006860:	78c3      	ldrb	r3, [r0, #3]
10006862:	8882      	ldrh	r2, [r0, #4]
10006864:	f003 0003 	and.w	r0, r3, #3
10006868:	2802      	cmp	r0, #2
1000686a:	f3c2 020a 	ubfx	r2, r2, #0, #11
1000686e:	d015      	beq.n	1000689c <tu_edpt_validate+0x3c>
10006870:	2803      	cmp	r0, #3
10006872:	d00a      	beq.n	1000688a <tu_edpt_validate+0x2a>
10006874:	2801      	cmp	r0, #1
10006876:	d11c      	bne.n	100068b2 <tu_edpt_validate+0x52>
10006878:	2902      	cmp	r1, #2
1000687a:	f240 33ff 	movw	r3, #1023	@ 0x3ff
1000687e:	bf08      	it	eq
10006880:	f44f 6380 	moveq.w	r3, #1024	@ 0x400
10006884:	4293      	cmp	r3, r2
10006886:	d30d      	bcc.n	100068a4 <tu_edpt_validate+0x44>
10006888:	4770      	bx	lr
1000688a:	2902      	cmp	r1, #2
1000688c:	bf14      	ite	ne
1000688e:	2340      	movne	r3, #64	@ 0x40
10006890:	f44f 6380 	moveq.w	r3, #1024	@ 0x400
10006894:	4293      	cmp	r3, r2
10006896:	d305      	bcc.n	100068a4 <tu_edpt_validate+0x44>
10006898:	2001      	movs	r0, #1
1000689a:	4770      	bx	lr
1000689c:	2902      	cmp	r1, #2
1000689e:	d00a      	beq.n	100068b6 <tu_edpt_validate+0x56>
100068a0:	2a40      	cmp	r2, #64	@ 0x40
100068a2:	d9f9      	bls.n	10006898 <tu_edpt_validate+0x38>
100068a4:	f04f 23e0 	mov.w	r3, #3758153728	@ 0xe000e000
100068a8:	f8d3 3df0 	ldr.w	r3, [r3, #3568]	@ 0xdf0
100068ac:	07db      	lsls	r3, r3, #31
100068ae:	d500      	bpl.n	100068b2 <tu_edpt_validate+0x52>
100068b0:	be00      	bkpt	0x0000
100068b2:	2000      	movs	r0, #0
100068b4:	4770      	bx	lr
100068b6:	f5b2 7f00 	cmp.w	r2, #512	@ 0x200
100068ba:	d0ed      	beq.n	10006898 <tu_edpt_validate+0x38>
100068bc:	e7f2      	b.n	100068a4 <tu_edpt_validate+0x44>
100068be:	bf00      	nop

100068c0 <tu_edpt_bind_driver>:
100068c0:	440a      	add	r2, r1
100068c2:	4291      	cmp	r1, r2
100068c4:	d226      	bcs.n	10006914 <tu_edpt_bind_driver+0x54>
100068c6:	f891 c001 	ldrb.w	ip, [r1, #1]
100068ca:	f1bc 0f05 	cmp.w	ip, #5
100068ce:	d005      	beq.n	100068dc <tu_edpt_bind_driver+0x1c>
100068d0:	f891 c000 	ldrb.w	ip, [r1]
100068d4:	4461      	add	r1, ip
100068d6:	428a      	cmp	r2, r1
100068d8:	d8f5      	bhi.n	100068c6 <tu_edpt_bind_driver+0x6>
100068da:	4770      	bx	lr
100068dc:	b500      	push	{lr}
100068de:	f891 c002 	ldrb.w	ip, [r1, #2]
100068e2:	f00c 0e7f 	and.w	lr, ip, #127	@ 0x7f
100068e6:	eb00 0e4e 	add.w	lr, r0, lr, lsl #1
100068ea:	ea4f 1cdc 	mov.w	ip, ip, lsr #7
100068ee:	f80e 300c 	strb.w	r3, [lr, ip]
100068f2:	f891 c000 	ldrb.w	ip, [r1]
100068f6:	4461      	add	r1, ip
100068f8:	428a      	cmp	r2, r1
100068fa:	d909      	bls.n	10006910 <tu_edpt_bind_driver+0x50>
100068fc:	f891 c001 	ldrb.w	ip, [r1, #1]
10006900:	f1bc 0f05 	cmp.w	ip, #5
10006904:	d0eb      	beq.n	100068de <tu_edpt_bind_driver+0x1e>
10006906:	f891 c000 	ldrb.w	ip, [r1]
1000690a:	4461      	add	r1, ip
1000690c:	428a      	cmp	r2, r1
1000690e:	d8f5      	bhi.n	100068fc <tu_edpt_bind_driver+0x3c>
10006910:	f85d fb04 	ldr.w	pc, [sp], #4
10006914:	4770      	bx	lr
10006916:	bf00      	nop

10006918 <tu_edpt_stream_init>:
10006918:	e92d 41f0 	stmdb	sp!, {r4, r5, r6, r7, r8, lr}
1000691c:	468e      	mov	lr, r1
1000691e:	b082      	sub	sp, #8
10006920:	9300      	str	r3, [sp, #0]
10006922:	f890 c000 	ldrb.w	ip, [r0]
10006926:	9e08      	ldr	r6, [sp, #32]
10006928:	f8bd 7024 	ldrh.w	r7, [sp, #36]	@ 0x24
1000692c:	f36e 0c00 	bfi	ip, lr, #0, #1
10006930:	4604      	mov	r4, r0
10006932:	4615      	mov	r5, r2
10006934:	2301      	movs	r3, #1
10006936:	4631      	mov	r1, r6
10006938:	463a      	mov	r2, r7
1000693a:	f800 cb08 	strb.w	ip, [r0], #8
1000693e:	f8bd 802c 	ldrh.w	r8, [sp, #44]	@ 0x2c
10006942:	f000 f8e7 	bl	10006b14 <tu_fifo_config>
10006946:	b106      	cbz	r6, 1000694a <tu_edpt_stream_init+0x32>
10006948:	b93f      	cbnz	r7, 1000695a <tu_edpt_stream_init+0x42>
1000694a:	2001      	movs	r0, #1
1000694c:	9b0a      	ldr	r3, [sp, #40]	@ 0x28
1000694e:	f8a4 8002 	strh.w	r8, [r4, #2]
10006952:	6063      	str	r3, [r4, #4]
10006954:	b002      	add	sp, #8
10006956:	e8bd 81f0 	ldmia.w	sp!, {r4, r5, r6, r7, r8, pc}
1000695a:	f104 061c 	add.w	r6, r4, #28
1000695e:	4630      	mov	r0, r6
10006960:	f7fc fe3a 	bl	100035d8 <mutex_init>
10006964:	b10d      	cbz	r5, 1000696a <tu_edpt_stream_init+0x52>
10006966:	4635      	mov	r5, r6
10006968:	2600      	movs	r6, #0
1000696a:	e9c4 5605 	strd	r5, r6, [r4, #20]
1000696e:	e7ec      	b.n	1000694a <tu_edpt_stream_init+0x32>

10006970 <tu_edpt_stream_deinit>:
10006970:	2001      	movs	r0, #1
10006972:	4770      	bx	lr

10006974 <tu_edpt_stream_write_zlp_if_needed>:
10006974:	b5f8      	push	{r3, r4, r5, r6, r7, lr}
10006976:	4607      	mov	r7, r0
10006978:	4608      	mov	r0, r1
1000697a:	f240 13ff 	movw	r3, #511	@ 0x1ff
1000697e:	4615      	mov	r5, r2
10006980:	f810 2b08 	ldrb.w	r2, [r0], #8
10006984:	460c      	mov	r4, r1
10006986:	f012 0f02 	tst.w	r2, #2
1000698a:	bf0c      	ite	eq
1000698c:	263f      	moveq	r6, #63	@ 0x3f
1000698e:	461e      	movne	r6, r3
10006990:	f000 f8f0 	bl	10006b74 <tu_fifo_count>
10006994:	b928      	cbnz	r0, 100069a2 <tu_edpt_stream_write_zlp_if_needed+0x2e>
10006996:	b125      	cbz	r5, 100069a2 <tu_edpt_stream_write_zlp_if_needed+0x2e>
10006998:	422e      	tst	r6, r5
1000699a:	d102      	bne.n	100069a2 <tu_edpt_stream_write_zlp_if_needed+0x2e>
1000699c:	7823      	ldrb	r3, [r4, #0]
1000699e:	07da      	lsls	r2, r3, #31
100069a0:	d501      	bpl.n	100069a6 <tu_edpt_stream_write_zlp_if_needed+0x32>
100069a2:	2000      	movs	r0, #0
100069a4:	bdf8      	pop	{r3, r4, r5, r6, r7, pc}
100069a6:	4638      	mov	r0, r7
100069a8:	7861      	ldrb	r1, [r4, #1]
100069aa:	f7ff f9a5 	bl	10005cf8 <usbd_edpt_claim>
100069ae:	2800      	cmp	r0, #0
100069b0:	d0f7      	beq.n	100069a2 <tu_edpt_stream_write_zlp_if_needed+0x2e>
100069b2:	7823      	ldrb	r3, [r4, #0]
100069b4:	f013 0301 	ands.w	r3, r3, #1
100069b8:	d007      	beq.n	100069ca <tu_edpt_stream_write_zlp_if_needed+0x56>
100069ba:	f04f 23e0 	mov.w	r3, #3758153728	@ 0xe000e000
100069be:	f8d3 3df0 	ldr.w	r3, [r3, #3568]	@ 0xdf0
100069c2:	07db      	lsls	r3, r3, #31
100069c4:	d5ed      	bpl.n	100069a2 <tu_edpt_stream_write_zlp_if_needed+0x2e>
100069c6:	be00      	bkpt	0x0000
100069c8:	e7eb      	b.n	100069a2 <tu_edpt_stream_write_zlp_if_needed+0x2e>
100069ca:	461a      	mov	r2, r3
100069cc:	4638      	mov	r0, r7
100069ce:	7861      	ldrb	r1, [r4, #1]
100069d0:	f7ff f9b6 	bl	10005d40 <usbd_edpt_xfer>
100069d4:	2800      	cmp	r0, #0
100069d6:	d0f0      	beq.n	100069ba <tu_edpt_stream_write_zlp_if_needed+0x46>
100069d8:	bdf8      	pop	{r3, r4, r5, r6, r7, pc}
100069da:	bf00      	nop

100069dc <tu_edpt_stream_write_xfer>:
100069dc:	b570      	push	{r4, r5, r6, lr}
100069de:	f101 0508 	add.w	r5, r1, #8
100069e2:	4606      	mov	r6, r0
100069e4:	4628      	mov	r0, r5
100069e6:	460c      	mov	r4, r1
100069e8:	f000 f8c4 	bl	10006b74 <tu_fifo_count>
100069ec:	b110      	cbz	r0, 100069f4 <tu_edpt_stream_write_xfer+0x18>
100069ee:	7823      	ldrb	r3, [r4, #0]
100069f0:	07da      	lsls	r2, r3, #31
100069f2:	d501      	bpl.n	100069f8 <tu_edpt_stream_write_xfer+0x1c>
100069f4:	2000      	movs	r0, #0
100069f6:	bd70      	pop	{r4, r5, r6, pc}
100069f8:	4630      	mov	r0, r6
100069fa:	7861      	ldrb	r1, [r4, #1]
100069fc:	f7ff f97c 	bl	10005cf8 <usbd_edpt_claim>
10006a00:	2800      	cmp	r0, #0
10006a02:	d0f7      	beq.n	100069f4 <tu_edpt_stream_write_xfer+0x18>
10006a04:	4628      	mov	r0, r5
10006a06:	8862      	ldrh	r2, [r4, #2]
10006a08:	6861      	ldr	r1, [r4, #4]
10006a0a:	f000 f929 	bl	10006c60 <tu_fifo_read_n>
10006a0e:	7823      	ldrb	r3, [r4, #0]
10006a10:	4605      	mov	r5, r0
10006a12:	f003 0301 	and.w	r3, r3, #1
10006a16:	b140      	cbz	r0, 10006a2a <tu_edpt_stream_write_xfer+0x4e>
10006a18:	b173      	cbz	r3, 10006a38 <tu_edpt_stream_write_xfer+0x5c>
10006a1a:	f04f 23e0 	mov.w	r3, #3758153728	@ 0xe000e000
10006a1e:	f8d3 3df0 	ldr.w	r3, [r3, #3568]	@ 0xdf0
10006a22:	07db      	lsls	r3, r3, #31
10006a24:	d5e6      	bpl.n	100069f4 <tu_edpt_stream_write_xfer+0x18>
10006a26:	be00      	bkpt	0x0000
10006a28:	e7e4      	b.n	100069f4 <tu_edpt_stream_write_xfer+0x18>
10006a2a:	2b00      	cmp	r3, #0
10006a2c:	d1e2      	bne.n	100069f4 <tu_edpt_stream_write_xfer+0x18>
10006a2e:	4630      	mov	r0, r6
10006a30:	7861      	ldrb	r1, [r4, #1]
10006a32:	f7ff f973 	bl	10005d1c <usbd_edpt_release>
10006a36:	e7dd      	b.n	100069f4 <tu_edpt_stream_write_xfer+0x18>
10006a38:	4603      	mov	r3, r0
10006a3a:	6862      	ldr	r2, [r4, #4]
10006a3c:	4630      	mov	r0, r6
10006a3e:	7861      	ldrb	r1, [r4, #1]
10006a40:	f7ff f97e 	bl	10005d40 <usbd_edpt_xfer>
10006a44:	2800      	cmp	r0, #0
10006a46:	d0e8      	beq.n	10006a1a <tu_edpt_stream_write_xfer+0x3e>
10006a48:	4628      	mov	r0, r5
10006a4a:	bd70      	pop	{r4, r5, r6, pc}

10006a4c <tu_edpt_stream_read_xfer>:
10006a4c:	898a      	ldrh	r2, [r1, #12]
10006a4e:	e92d 41f0 	stmdb	sp!, {r4, r5, r6, r7, r8, lr}
10006a52:	780b      	ldrb	r3, [r1, #0]
10006a54:	460c      	mov	r4, r1
10006a56:	4606      	mov	r6, r0
10006a58:	b922      	cbnz	r2, 10006a64 <tu_edpt_stream_read_xfer+0x18>
10006a5a:	07dd      	lsls	r5, r3, #31
10006a5c:	d534      	bpl.n	10006ac8 <tu_edpt_stream_read_xfer+0x7c>
10006a5e:	2000      	movs	r0, #0
10006a60:	e8bd 81f0 	ldmia.w	sp!, {r4, r5, r6, r7, r8, pc}
10006a64:	f104 0708 	add.w	r7, r4, #8
10006a68:	0799      	lsls	r1, r3, #30
10006a6a:	4638      	mov	r0, r7
10006a6c:	bf47      	ittee	mi
10006a6e:	f44f 487e 	movmi.w	r8, #65024	@ 0xfe00
10006a72:	f44f 7500 	movmi.w	r5, #512	@ 0x200
10006a76:	f64f 78c0 	movwpl	r8, #65472	@ 0xffc0
10006a7a:	2540      	movpl	r5, #64	@ 0x40
10006a7c:	f000 f894 	bl	10006ba8 <tu_fifo_remaining>
10006a80:	4285      	cmp	r5, r0
10006a82:	d8ec      	bhi.n	10006a5e <tu_edpt_stream_read_xfer+0x12>
10006a84:	7823      	ldrb	r3, [r4, #0]
10006a86:	07da      	lsls	r2, r3, #31
10006a88:	d4e9      	bmi.n	10006a5e <tu_edpt_stream_read_xfer+0x12>
10006a8a:	4630      	mov	r0, r6
10006a8c:	7861      	ldrb	r1, [r4, #1]
10006a8e:	f7ff f933 	bl	10005cf8 <usbd_edpt_claim>
10006a92:	2800      	cmp	r0, #0
10006a94:	d0e3      	beq.n	10006a5e <tu_edpt_stream_read_xfer+0x12>
10006a96:	4638      	mov	r0, r7
10006a98:	f000 f886 	bl	10006ba8 <tu_fifo_remaining>
10006a9c:	7823      	ldrb	r3, [r4, #0]
10006a9e:	4285      	cmp	r5, r0
10006aa0:	f003 0301 	and.w	r3, r3, #1
10006aa4:	d82d      	bhi.n	10006b02 <tu_edpt_stream_read_xfer+0xb6>
10006aa6:	b9bb      	cbnz	r3, 10006ad8 <tu_edpt_stream_read_xfer+0x8c>
10006aa8:	8865      	ldrh	r5, [r4, #2]
10006aaa:	ea08 0800 	and.w	r8, r8, r0
10006aae:	4545      	cmp	r5, r8
10006ab0:	bf28      	it	cs
10006ab2:	4645      	movcs	r5, r8
10006ab4:	7861      	ldrb	r1, [r4, #1]
10006ab6:	b35d      	cbz	r5, 10006b10 <tu_edpt_stream_read_xfer+0xc4>
10006ab8:	6862      	ldr	r2, [r4, #4]
10006aba:	462b      	mov	r3, r5
10006abc:	4630      	mov	r0, r6
10006abe:	f7ff f93f 	bl	10005d40 <usbd_edpt_xfer>
10006ac2:	b148      	cbz	r0, 10006ad8 <tu_edpt_stream_read_xfer+0x8c>
10006ac4:	4628      	mov	r0, r5
10006ac6:	e7cb      	b.n	10006a60 <tu_edpt_stream_read_xfer+0x14>
10006ac8:	7849      	ldrb	r1, [r1, #1]
10006aca:	f7ff f915 	bl	10005cf8 <usbd_edpt_claim>
10006ace:	2800      	cmp	r0, #0
10006ad0:	d0c5      	beq.n	10006a5e <tu_edpt_stream_read_xfer+0x12>
10006ad2:	7823      	ldrb	r3, [r4, #0]
10006ad4:	07d8      	lsls	r0, r3, #31
10006ad6:	d507      	bpl.n	10006ae8 <tu_edpt_stream_read_xfer+0x9c>
10006ad8:	f04f 23e0 	mov.w	r3, #3758153728	@ 0xe000e000
10006adc:	f8d3 3df0 	ldr.w	r3, [r3, #3568]	@ 0xdf0
10006ae0:	07db      	lsls	r3, r3, #31
10006ae2:	d5bc      	bpl.n	10006a5e <tu_edpt_stream_read_xfer+0x12>
10006ae4:	be00      	bkpt	0x0000
10006ae6:	e7ba      	b.n	10006a5e <tu_edpt_stream_read_xfer+0x12>
10006ae8:	8863      	ldrh	r3, [r4, #2]
10006aea:	7861      	ldrb	r1, [r4, #1]
10006aec:	b13b      	cbz	r3, 10006afe <tu_edpt_stream_read_xfer+0xb2>
10006aee:	6862      	ldr	r2, [r4, #4]
10006af0:	4630      	mov	r0, r6
10006af2:	f7ff f925 	bl	10005d40 <usbd_edpt_xfer>
10006af6:	2800      	cmp	r0, #0
10006af8:	d0ee      	beq.n	10006ad8 <tu_edpt_stream_read_xfer+0x8c>
10006afa:	8860      	ldrh	r0, [r4, #2]
10006afc:	e7b0      	b.n	10006a60 <tu_edpt_stream_read_xfer+0x14>
10006afe:	461a      	mov	r2, r3
10006b00:	e7f6      	b.n	10006af0 <tu_edpt_stream_read_xfer+0xa4>
10006b02:	2b00      	cmp	r3, #0
10006b04:	d1ab      	bne.n	10006a5e <tu_edpt_stream_read_xfer+0x12>
10006b06:	4630      	mov	r0, r6
10006b08:	7861      	ldrb	r1, [r4, #1]
10006b0a:	f7ff f907 	bl	10005d1c <usbd_edpt_release>
10006b0e:	e7a6      	b.n	10006a5e <tu_edpt_stream_read_xfer+0x12>
10006b10:	462a      	mov	r2, r5
10006b12:	e7d2      	b.n	10006aba <tu_edpt_stream_read_xfer+0x6e>

10006b14 <tu_fifo_config>:
10006b14:	e92d 41f0 	stmdb	sp!, {r4, r5, r6, r7, r8, lr}
10006b18:	f5b2 4f00 	cmp.w	r2, #32768	@ 0x8000
10006b1c:	f89d 8018 	ldrb.w	r8, [sp, #24]
10006b20:	d824      	bhi.n	10006b6c <tu_fifo_config+0x58>
10006b22:	4604      	mov	r4, r0
10006b24:	68c0      	ldr	r0, [r0, #12]
10006b26:	4617      	mov	r7, r2
10006b28:	460e      	mov	r6, r1
10006b2a:	461d      	mov	r5, r3
10006b2c:	b118      	cbz	r0, 10006b36 <tu_fifo_config+0x22>
10006b2e:	f04f 31ff 	mov.w	r1, #4294967295	@ 0xffffffff
10006b32:	f000 fb31 	bl	10007198 <__mutex_enter_timeout_ms_veneer>
10006b36:	6920      	ldr	r0, [r4, #16]
10006b38:	b118      	cbz	r0, 10006b42 <tu_fifo_config+0x2e>
10006b3a:	f04f 31ff 	mov.w	r1, #4294967295	@ 0xffffffff
10006b3e:	f000 fb2b 	bl	10007198 <__mutex_enter_timeout_ms_veneer>
10006b42:	2200      	movs	r2, #0
10006b44:	f3c5 030e 	ubfx	r3, r5, #0, #15
10006b48:	68e0      	ldr	r0, [r4, #12]
10006b4a:	ea43 33c8 	orr.w	r3, r3, r8, lsl #15
10006b4e:	8162      	strh	r2, [r4, #10]
10006b50:	6026      	str	r6, [r4, #0]
10006b52:	80a7      	strh	r7, [r4, #4]
10006b54:	80e3      	strh	r3, [r4, #6]
10006b56:	8122      	strh	r2, [r4, #8]
10006b58:	b108      	cbz	r0, 10006b5e <tu_fifo_config+0x4a>
10006b5a:	f000 fb2d 	bl	100071b8 <__mutex_exit_veneer>
10006b5e:	6920      	ldr	r0, [r4, #16]
10006b60:	b108      	cbz	r0, 10006b66 <tu_fifo_config+0x52>
10006b62:	f000 fb29 	bl	100071b8 <__mutex_exit_veneer>
10006b66:	2001      	movs	r0, #1
10006b68:	e8bd 81f0 	ldmia.w	sp!, {r4, r5, r6, r7, r8, pc}
10006b6c:	2000      	movs	r0, #0
10006b6e:	e8bd 81f0 	ldmia.w	sp!, {r4, r5, r6, r7, r8, pc}
10006b72:	bf00      	nop

10006b74 <tu_fifo_count>:
10006b74:	8903      	ldrh	r3, [r0, #8]
10006b76:	8942      	ldrh	r2, [r0, #10]
10006b78:	b29b      	uxth	r3, r3
10006b7a:	b292      	uxth	r2, r2
10006b7c:	8880      	ldrh	r0, [r0, #4]
10006b7e:	4293      	cmp	r3, r2
10006b80:	bf36      	itet	cc
10006b82:	ebc2 0240 	rsbcc	r2, r2, r0, lsl #1
10006b86:	1a9b      	subcs	r3, r3, r2
10006b88:	189b      	addcc	r3, r3, r2
10006b8a:	b29b      	uxth	r3, r3
10006b8c:	4298      	cmp	r0, r3
10006b8e:	bf28      	it	cs
10006b90:	4618      	movcs	r0, r3
10006b92:	4770      	bx	lr

10006b94 <tu_fifo_empty>:
10006b94:	8902      	ldrh	r2, [r0, #8]
10006b96:	8943      	ldrh	r3, [r0, #10]
10006b98:	b290      	uxth	r0, r2
10006b9a:	b29b      	uxth	r3, r3
10006b9c:	1ac0      	subs	r0, r0, r3
10006b9e:	fab0 f080 	clz	r0, r0
10006ba2:	0940      	lsrs	r0, r0, #5
10006ba4:	4770      	bx	lr
10006ba6:	bf00      	nop

10006ba8 <tu_fifo_remaining>:
10006ba8:	8903      	ldrh	r3, [r0, #8]
10006baa:	8942      	ldrh	r2, [r0, #10]
10006bac:	b29b      	uxth	r3, r3
10006bae:	8880      	ldrh	r0, [r0, #4]
10006bb0:	b292      	uxth	r2, r2
10006bb2:	4293      	cmp	r3, r2
10006bb4:	bf36      	itet	cc
10006bb6:	ebc2 0240 	rsbcc	r2, r2, r0, lsl #1
10006bba:	1a9b      	subcs	r3, r3, r2
10006bbc:	189b      	addcc	r3, r3, r2
10006bbe:	b29b      	uxth	r3, r3
10006bc0:	4298      	cmp	r0, r3
10006bc2:	bf86      	itte	hi
10006bc4:	1ac0      	subhi	r0, r0, r3
10006bc6:	b280      	uxthhi	r0, r0
10006bc8:	2000      	movls	r0, #0
10006bca:	4770      	bx	lr

10006bcc <tu_fifo_read>:
10006bcc:	b538      	push	{r3, r4, r5, lr}
10006bce:	4604      	mov	r4, r0
10006bd0:	6900      	ldr	r0, [r0, #16]
10006bd2:	460d      	mov	r5, r1
10006bd4:	b118      	cbz	r0, 10006bde <tu_fifo_read+0x12>
10006bd6:	f04f 31ff 	mov.w	r1, #4294967295	@ 0xffffffff
10006bda:	f000 fadd 	bl	10007198 <__mutex_enter_timeout_ms_veneer>
10006bde:	8921      	ldrh	r1, [r4, #8]
10006be0:	8963      	ldrh	r3, [r4, #10]
10006be2:	b289      	uxth	r1, r1
10006be4:	b29b      	uxth	r3, r3
10006be6:	88a2      	ldrh	r2, [r4, #4]
10006be8:	4299      	cmp	r1, r3
10006bea:	bf36      	itet	cc
10006bec:	ebc3 0042 	rsbcc	r0, r3, r2, lsl #1
10006bf0:	1ac8      	subcs	r0, r1, r3
10006bf2:	1840      	addcc	r0, r0, r1
10006bf4:	b280      	uxth	r0, r0
10006bf6:	b350      	cbz	r0, 10006c4e <tu_fifo_read+0x82>
10006bf8:	4282      	cmp	r2, r0
10006bfa:	d209      	bcs.n	10006c10 <tu_fifo_read+0x44>
10006bfc:	4291      	cmp	r1, r2
10006bfe:	bf2c      	ite	cs
10006c00:	1a89      	subcs	r1, r1, r2
10006c02:	1889      	addcc	r1, r1, r2
10006c04:	b28b      	uxth	r3, r1
10006c06:	429a      	cmp	r2, r3
10006c08:	8163      	strh	r3, [r4, #10]
10006c0a:	d803      	bhi.n	10006c14 <tu_fifo_read+0x48>
10006c0c:	1a9b      	subs	r3, r3, r2
10006c0e:	b29b      	uxth	r3, r3
10006c10:	429a      	cmp	r2, r3
10006c12:	d9fb      	bls.n	10006c0c <tu_fifo_read+0x40>
10006c14:	88e2      	ldrh	r2, [r4, #6]
10006c16:	6821      	ldr	r1, [r4, #0]
10006c18:	f3c2 020e 	ubfx	r2, r2, #0, #15
10006c1c:	fb02 1103 	mla	r1, r2, r3, r1
10006c20:	4628      	mov	r0, r5
10006c22:	f000 fa11 	bl	10007048 <memcpy>
10006c26:	8961      	ldrh	r1, [r4, #10]
10006c28:	2501      	movs	r5, #1
10006c2a:	b289      	uxth	r1, r1
10006c2c:	1c4b      	adds	r3, r1, #1
10006c2e:	b29b      	uxth	r3, r3
10006c30:	4299      	cmp	r1, r3
10006c32:	88a2      	ldrh	r2, [r4, #4]
10006c34:	d90e      	bls.n	10006c54 <tu_fifo_read+0x88>
10006c36:	2300      	movs	r3, #0
10006c38:	fa02 f105 	lsl.w	r1, r2, r5
10006c3c:	1a5b      	subs	r3, r3, r1
10006c3e:	b29b      	uxth	r3, r3
10006c40:	6920      	ldr	r0, [r4, #16]
10006c42:	8163      	strh	r3, [r4, #10]
10006c44:	b108      	cbz	r0, 10006c4a <tu_fifo_read+0x7e>
10006c46:	f000 fab7 	bl	100071b8 <__mutex_exit_veneer>
10006c4a:	4628      	mov	r0, r5
10006c4c:	bd38      	pop	{r3, r4, r5, pc}
10006c4e:	4605      	mov	r5, r0
10006c50:	8963      	ldrh	r3, [r4, #10]
10006c52:	b29b      	uxth	r3, r3
10006c54:	ebb3 0f42 	cmp.w	r3, r2, lsl #1
10006c58:	ea4f 0142 	mov.w	r1, r2, lsl #1
10006c5c:	dbf0      	blt.n	10006c40 <tu_fifo_read+0x74>
10006c5e:	e7ed      	b.n	10006c3c <tu_fifo_read+0x70>

10006c60 <tu_fifo_read_n>:
10006c60:	e92d 47f0 	stmdb	sp!, {r4, r5, r6, r7, r8, r9, sl, lr}
10006c64:	4606      	mov	r6, r0
10006c66:	6900      	ldr	r0, [r0, #16]
10006c68:	4688      	mov	r8, r1
10006c6a:	4691      	mov	r9, r2
10006c6c:	b118      	cbz	r0, 10006c76 <tu_fifo_read_n+0x16>
10006c6e:	f04f 31ff 	mov.w	r1, #4294967295	@ 0xffffffff
10006c72:	f000 fa91 	bl	10007198 <__mutex_enter_timeout_ms_veneer>
10006c76:	8933      	ldrh	r3, [r6, #8]
10006c78:	8974      	ldrh	r4, [r6, #10]
10006c7a:	b29b      	uxth	r3, r3
10006c7c:	b2a4      	uxth	r4, r4
10006c7e:	88b5      	ldrh	r5, [r6, #4]
10006c80:	42a3      	cmp	r3, r4
10006c82:	bf36      	itet	cc
10006c84:	ebc4 0745 	rsbcc	r7, r4, r5, lsl #1
10006c88:	1b1f      	subcs	r7, r3, r4
10006c8a:	18ff      	addcc	r7, r7, r3
10006c8c:	b2bf      	uxth	r7, r7
10006c8e:	2f00      	cmp	r7, #0
10006c90:	d04a      	beq.n	10006d28 <tu_fifo_read_n+0xc8>
10006c92:	42bd      	cmp	r5, r7
10006c94:	d340      	bcc.n	10006d18 <tu_fifo_read_n+0xb8>
10006c96:	45b9      	cmp	r9, r7
10006c98:	bf28      	it	cs
10006c9a:	46b9      	movcs	r9, r7
10006c9c:	42a5      	cmp	r5, r4
10006c9e:	fa1f f789 	uxth.w	r7, r9
10006ca2:	d803      	bhi.n	10006cac <tu_fifo_read_n+0x4c>
10006ca4:	1b64      	subs	r4, r4, r5
10006ca6:	b2a4      	uxth	r4, r4
10006ca8:	42a5      	cmp	r5, r4
10006caa:	d9fb      	bls.n	10006ca4 <tu_fifo_read_n+0x44>
10006cac:	f8b6 a006 	ldrh.w	sl, [r6, #6]
10006cb0:	1b2b      	subs	r3, r5, r4
10006cb2:	6831      	ldr	r1, [r6, #0]
10006cb4:	b29b      	uxth	r3, r3
10006cb6:	f3ca 020e 	ubfx	r2, sl, #0, #15
10006cba:	429f      	cmp	r7, r3
10006cbc:	4692      	mov	sl, r2
10006cbe:	fb02 1104 	mla	r1, r2, r4, r1
10006cc2:	d923      	bls.n	10006d0c <tu_fifo_read_n+0xac>
10006cc4:	fb13 f302 	smulbb	r3, r3, r2
10006cc8:	fa1f f983 	uxth.w	r9, r3
10006ccc:	464a      	mov	r2, r9
10006cce:	4640      	mov	r0, r8
10006cd0:	1b7d      	subs	r5, r7, r5
10006cd2:	f000 f9b9 	bl	10007048 <memcpy>
10006cd6:	1962      	adds	r2, r4, r5
10006cd8:	fb12 f20a 	smulbb	r2, r2, sl
10006cdc:	6831      	ldr	r1, [r6, #0]
10006cde:	eb08 0009 	add.w	r0, r8, r9
10006ce2:	b292      	uxth	r2, r2
10006ce4:	f000 f9b0 	bl	10007048 <memcpy>
10006ce8:	8972      	ldrh	r2, [r6, #10]
10006cea:	88b5      	ldrh	r5, [r6, #4]
10006cec:	b292      	uxth	r2, r2
10006cee:	19d3      	adds	r3, r2, r7
10006cf0:	b29b      	uxth	r3, r3
10006cf2:	429a      	cmp	r2, r3
10006cf4:	d91a      	bls.n	10006d2c <tu_fifo_read_n+0xcc>
10006cf6:	006a      	lsls	r2, r5, #1
10006cf8:	1a9b      	subs	r3, r3, r2
10006cfa:	b29b      	uxth	r3, r3
10006cfc:	6930      	ldr	r0, [r6, #16]
10006cfe:	8173      	strh	r3, [r6, #10]
10006d00:	b108      	cbz	r0, 10006d06 <tu_fifo_read_n+0xa6>
10006d02:	f000 fa59 	bl	100071b8 <__mutex_exit_veneer>
10006d06:	4638      	mov	r0, r7
10006d08:	e8bd 87f0 	ldmia.w	sp!, {r4, r5, r6, r7, r8, r9, sl, pc}
10006d0c:	4640      	mov	r0, r8
10006d0e:	fb07 f202 	mul.w	r2, r7, r2
10006d12:	f000 f999 	bl	10007048 <memcpy>
10006d16:	e7e7      	b.n	10006ce8 <tu_fifo_read_n+0x88>
10006d18:	42ab      	cmp	r3, r5
10006d1a:	bf2c      	ite	cs
10006d1c:	1b5b      	subcs	r3, r3, r5
10006d1e:	195b      	addcc	r3, r3, r5
10006d20:	b29c      	uxth	r4, r3
10006d22:	462f      	mov	r7, r5
10006d24:	8174      	strh	r4, [r6, #10]
10006d26:	e7b6      	b.n	10006c96 <tu_fifo_read_n+0x36>
10006d28:	8973      	ldrh	r3, [r6, #10]
10006d2a:	b29b      	uxth	r3, r3
10006d2c:	ebb3 0f45 	cmp.w	r3, r5, lsl #1
10006d30:	ea4f 0245 	mov.w	r2, r5, lsl #1
10006d34:	dbe2      	blt.n	10006cfc <tu_fifo_read_n+0x9c>
10006d36:	e7df      	b.n	10006cf8 <tu_fifo_read_n+0x98>

10006d38 <tu_fifo_write>:
10006d38:	b5f8      	push	{r3, r4, r5, r6, r7, lr}
10006d3a:	4604      	mov	r4, r0
10006d3c:	68c0      	ldr	r0, [r0, #12]
10006d3e:	460e      	mov	r6, r1
10006d40:	b118      	cbz	r0, 10006d4a <tu_fifo_write+0x12>
10006d42:	f04f 31ff 	mov.w	r1, #4294967295	@ 0xffffffff
10006d46:	f000 fa27 	bl	10007198 <__mutex_enter_timeout_ms_veneer>
10006d4a:	8925      	ldrh	r5, [r4, #8]
10006d4c:	8923      	ldrh	r3, [r4, #8]
10006d4e:	8961      	ldrh	r1, [r4, #10]
10006d50:	b29b      	uxth	r3, r3
10006d52:	b289      	uxth	r1, r1
10006d54:	88a2      	ldrh	r2, [r4, #4]
10006d56:	428b      	cmp	r3, r1
10006d58:	bf36      	itet	cc
10006d5a:	ebc1 0142 	rsbcc	r1, r1, r2, lsl #1
10006d5e:	1a5b      	subcs	r3, r3, r1
10006d60:	185b      	addcc	r3, r3, r1
10006d62:	b29b      	uxth	r3, r3
10006d64:	429a      	cmp	r2, r3
10006d66:	b2ad      	uxth	r5, r5
10006d68:	d808      	bhi.n	10006d7c <tu_fifo_write+0x44>
10006d6a:	79e7      	ldrb	r7, [r4, #7]
10006d6c:	09ff      	lsrs	r7, r7, #7
10006d6e:	d105      	bne.n	10006d7c <tu_fifo_write+0x44>
10006d70:	68e0      	ldr	r0, [r4, #12]
10006d72:	b108      	cbz	r0, 10006d78 <tu_fifo_write+0x40>
10006d74:	f000 fa20 	bl	100071b8 <__mutex_exit_veneer>
10006d78:	4638      	mov	r0, r7
10006d7a:	bdf8      	pop	{r3, r4, r5, r6, r7, pc}
10006d7c:	4295      	cmp	r5, r2
10006d7e:	bf28      	it	cs
10006d80:	462b      	movcs	r3, r5
10006d82:	d318      	bcc.n	10006db6 <tu_fifo_write+0x7e>
10006d84:	1a9b      	subs	r3, r3, r2
10006d86:	b29b      	uxth	r3, r3
10006d88:	4293      	cmp	r3, r2
10006d8a:	d2fb      	bcs.n	10006d84 <tu_fifo_write+0x4c>
10006d8c:	88e2      	ldrh	r2, [r4, #6]
10006d8e:	6820      	ldr	r0, [r4, #0]
10006d90:	f3c2 020e 	ubfx	r2, r2, #0, #15
10006d94:	fb02 0003 	mla	r0, r2, r3, r0
10006d98:	4631      	mov	r1, r6
10006d9a:	f000 f955 	bl	10007048 <memcpy>
10006d9e:	1c6b      	adds	r3, r5, #1
10006da0:	b29b      	uxth	r3, r3
10006da2:	429d      	cmp	r5, r3
10006da4:	88a2      	ldrh	r2, [r4, #4]
10006da6:	d912      	bls.n	10006dce <tu_fifo_write+0x96>
10006da8:	2300      	movs	r3, #0
10006daa:	0051      	lsls	r1, r2, #1
10006dac:	1a5b      	subs	r3, r3, r1
10006dae:	b29b      	uxth	r3, r3
10006db0:	2701      	movs	r7, #1
10006db2:	8123      	strh	r3, [r4, #8]
10006db4:	e7dc      	b.n	10006d70 <tu_fifo_write+0x38>
10006db6:	88e2      	ldrh	r2, [r4, #6]
10006db8:	6820      	ldr	r0, [r4, #0]
10006dba:	f3c2 020e 	ubfx	r2, r2, #0, #15
10006dbe:	fb05 0002 	mla	r0, r5, r2, r0
10006dc2:	4631      	mov	r1, r6
10006dc4:	f000 f940 	bl	10007048 <memcpy>
10006dc8:	3501      	adds	r5, #1
10006dca:	88a2      	ldrh	r2, [r4, #4]
10006dcc:	b2ab      	uxth	r3, r5
10006dce:	ebb3 0f42 	cmp.w	r3, r2, lsl #1
10006dd2:	ea4f 0142 	mov.w	r1, r2, lsl #1
10006dd6:	dbeb      	blt.n	10006db0 <tu_fifo_write+0x78>
10006dd8:	e7e8      	b.n	10006dac <tu_fifo_write+0x74>
10006dda:	bf00      	nop

10006ddc <tu_fifo_write_n>:
10006ddc:	e92d 4ff0 	stmdb	sp!, {r4, r5, r6, r7, r8, r9, sl, fp, lr}
10006de0:	4617      	mov	r7, r2
10006de2:	b083      	sub	sp, #12
10006de4:	2a00      	cmp	r2, #0
10006de6:	d075      	beq.n	10006ed4 <tu_fifo_write_n+0xf8>
10006de8:	4606      	mov	r6, r0
10006dea:	68c0      	ldr	r0, [r0, #12]
10006dec:	4689      	mov	r9, r1
10006dee:	b118      	cbz	r0, 10006df8 <tu_fifo_write_n+0x1c>
10006df0:	f04f 31ff 	mov.w	r1, #4294967295	@ 0xffffffff
10006df4:	f000 f9d0 	bl	10007198 <__mutex_enter_timeout_ms_veneer>
10006df8:	79f3      	ldrb	r3, [r6, #7]
10006dfa:	f8b6 8008 	ldrh.w	r8, [r6, #8]
10006dfe:	8972      	ldrh	r2, [r6, #10]
10006e00:	09db      	lsrs	r3, r3, #7
10006e02:	88b5      	ldrh	r5, [r6, #4]
10006e04:	fa1f f888 	uxth.w	r8, r8
10006e08:	b292      	uxth	r2, r2
10006e0a:	d13c      	bne.n	10006e86 <tu_fifo_write_n+0xaa>
10006e0c:	4590      	cmp	r8, r2
10006e0e:	bf36      	itet	cc
10006e10:	ebc2 0245 	rsbcc	r2, r2, r5, lsl #1
10006e14:	eba8 0202 	subcs.w	r2, r8, r2
10006e18:	4442      	addcc	r2, r8
10006e1a:	b292      	uxth	r2, r2
10006e1c:	42aa      	cmp	r2, r5
10006e1e:	d25e      	bcs.n	10006ede <tu_fifo_write_n+0x102>
10006e20:	1aaa      	subs	r2, r5, r2
10006e22:	b292      	uxth	r2, r2
10006e24:	42ba      	cmp	r2, r7
10006e26:	bf28      	it	cs
10006e28:	463a      	movcs	r2, r7
10006e2a:	f8b6 b006 	ldrh.w	fp, [r6, #6]
10006e2e:	b297      	uxth	r7, r2
10006e30:	1b7b      	subs	r3, r7, r5
10006e32:	eb08 0a07 	add.w	sl, r8, r7
10006e36:	f3cb 0b0e 	ubfx	fp, fp, #0, #15
10006e3a:	b29b      	uxth	r3, r3
10006e3c:	fa1f fa8a 	uxth.w	sl, sl
10006e40:	45a8      	cmp	r8, r5
10006e42:	4644      	mov	r4, r8
10006e44:	d303      	bcc.n	10006e4e <tu_fifo_write_n+0x72>
10006e46:	1b64      	subs	r4, r4, r5
10006e48:	b2a4      	uxth	r4, r4
10006e4a:	42ac      	cmp	r4, r5
10006e4c:	d2fb      	bcs.n	10006e46 <tu_fifo_write_n+0x6a>
10006e4e:	1b2d      	subs	r5, r5, r4
10006e50:	6830      	ldr	r0, [r6, #0]
10006e52:	b2ad      	uxth	r5, r5
10006e54:	42bd      	cmp	r5, r7
10006e56:	fb0b 0004 	mla	r0, fp, r4, r0
10006e5a:	d357      	bcc.n	10006f0c <tu_fifo_write_n+0x130>
10006e5c:	4649      	mov	r1, r9
10006e5e:	fb0b f207 	mul.w	r2, fp, r7
10006e62:	f000 f8f1 	bl	10007048 <memcpy>
10006e66:	88b2      	ldrh	r2, [r6, #4]
10006e68:	45d0      	cmp	r8, sl
10006e6a:	ea4f 0342 	mov.w	r3, r2, lsl #1
10006e6e:	d802      	bhi.n	10006e76 <tu_fifo_write_n+0x9a>
10006e70:	ebba 0f42 	cmp.w	sl, r2, lsl #1
10006e74:	db03      	blt.n	10006e7e <tu_fifo_write_n+0xa2>
10006e76:	ebaa 0303 	sub.w	r3, sl, r3
10006e7a:	fa1f fa83 	uxth.w	sl, r3
10006e7e:	463d      	mov	r5, r7
10006e80:	f8a6 a008 	strh.w	sl, [r6, #8]
10006e84:	e02c      	b.n	10006ee0 <tu_fifo_write_n+0x104>
10006e86:	f8b6 b006 	ldrh.w	fp, [r6, #6]
10006e8a:	42af      	cmp	r7, r5
10006e8c:	f3cb 0b0e 	ubfx	fp, fp, #0, #15
10006e90:	d22f      	bcs.n	10006ef2 <tu_fifo_write_n+0x116>
10006e92:	4590      	cmp	r8, r2
10006e94:	bf36      	itet	cc
10006e96:	ebc2 0145 	rsbcc	r1, r2, r5, lsl #1
10006e9a:	eba8 0102 	subcs.w	r1, r8, r2
10006e9e:	4441      	addcc	r1, r8
10006ea0:	b289      	uxth	r1, r1
10006ea2:	0068      	lsls	r0, r5, #1
10006ea4:	4439      	add	r1, r7
10006ea6:	1b7b      	subs	r3, r7, r5
10006ea8:	4281      	cmp	r1, r0
10006eaa:	b29b      	uxth	r3, r3
10006eac:	db0d      	blt.n	10006eca <tu_fifo_write_n+0xee>
10006eae:	eb02 0a05 	add.w	sl, r2, r5
10006eb2:	fa1f fa8a 	uxth.w	sl, sl
10006eb6:	ebaa 0807 	sub.w	r8, sl, r7
10006eba:	fa1f f888 	uxth.w	r8, r8
10006ebe:	4542      	cmp	r2, r8
10006ec0:	d937      	bls.n	10006f32 <tu_fifo_write_n+0x156>
10006ec2:	eba8 0000 	sub.w	r0, r8, r0
10006ec6:	fa1f f880 	uxth.w	r8, r0
10006eca:	eb07 0a08 	add.w	sl, r7, r8
10006ece:	fa1f fa8a 	uxth.w	sl, sl
10006ed2:	e7b5      	b.n	10006e40 <tu_fifo_write_n+0x64>
10006ed4:	4615      	mov	r5, r2
10006ed6:	4628      	mov	r0, r5
10006ed8:	b003      	add	sp, #12
10006eda:	e8bd 8ff0 	ldmia.w	sp!, {r4, r5, r6, r7, r8, r9, sl, fp, pc}
10006ede:	2500      	movs	r5, #0
10006ee0:	68f0      	ldr	r0, [r6, #12]
10006ee2:	2800      	cmp	r0, #0
10006ee4:	d0f7      	beq.n	10006ed6 <tu_fifo_write_n+0xfa>
10006ee6:	f000 f967 	bl	100071b8 <__mutex_exit_veneer>
10006eea:	4628      	mov	r0, r5
10006eec:	b003      	add	sp, #12
10006eee:	e8bd 8ff0 	ldmia.w	sp!, {r4, r5, r6, r7, r8, r9, sl, fp, pc}
10006ef2:	2d00      	cmp	r5, #0
10006ef4:	d0f4      	beq.n	10006ee0 <tu_fifo_write_n+0x104>
10006ef6:	1b7f      	subs	r7, r7, r5
10006ef8:	eb02 0a05 	add.w	sl, r2, r5
10006efc:	fb0b 9907 	mla	r9, fp, r7, r9
10006f00:	4690      	mov	r8, r2
10006f02:	462f      	mov	r7, r5
10006f04:	2300      	movs	r3, #0
10006f06:	fa1f fa8a 	uxth.w	sl, sl
10006f0a:	e799      	b.n	10006e40 <tu_fifo_write_n+0x64>
10006f0c:	fb15 f50b 	smulbb	r5, r5, fp
10006f10:	b2ad      	uxth	r5, r5
10006f12:	462a      	mov	r2, r5
10006f14:	4649      	mov	r1, r9
10006f16:	9301      	str	r3, [sp, #4]
10006f18:	f000 f896 	bl	10007048 <memcpy>
10006f1c:	9b01      	ldr	r3, [sp, #4]
10006f1e:	6830      	ldr	r0, [r6, #0]
10006f20:	18e2      	adds	r2, r4, r3
10006f22:	fb12 f20b 	smulbb	r2, r2, fp
10006f26:	eb09 0105 	add.w	r1, r9, r5
10006f2a:	b292      	uxth	r2, r2
10006f2c:	f000 f88c 	bl	10007048 <memcpy>
10006f30:	e799      	b.n	10006e66 <tu_fifo_write_n+0x8a>
10006f32:	4540      	cmp	r0, r8
10006f34:	dc84      	bgt.n	10006e40 <tu_fifo_write_n+0x64>
10006f36:	e7c4      	b.n	10006ec2 <tu_fifo_write_n+0xe6>

10006f38 <tu_fifo_clear>:
10006f38:	b510      	push	{r4, lr}
10006f3a:	4604      	mov	r4, r0
10006f3c:	68c0      	ldr	r0, [r0, #12]
10006f3e:	b118      	cbz	r0, 10006f48 <tu_fifo_clear+0x10>
10006f40:	f04f 31ff 	mov.w	r1, #4294967295	@ 0xffffffff
10006f44:	f000 f928 	bl	10007198 <__mutex_enter_timeout_ms_veneer>
10006f48:	6920      	ldr	r0, [r4, #16]
10006f4a:	b118      	cbz	r0, 10006f54 <tu_fifo_clear+0x1c>
10006f4c:	f04f 31ff 	mov.w	r1, #4294967295	@ 0xffffffff
10006f50:	f000 f922 	bl	10007198 <__mutex_enter_timeout_ms_veneer>
10006f54:	2300      	movs	r3, #0
10006f56:	68e0      	ldr	r0, [r4, #12]
10006f58:	8163      	strh	r3, [r4, #10]
10006f5a:	8123      	strh	r3, [r4, #8]
10006f5c:	b108      	cbz	r0, 10006f62 <tu_fifo_clear+0x2a>
10006f5e:	f000 f92b 	bl	100071b8 <__mutex_exit_veneer>
10006f62:	6920      	ldr	r0, [r4, #16]
10006f64:	b108      	cbz	r0, 10006f6a <tu_fifo_clear+0x32>
10006f66:	f000 f927 	bl	100071b8 <__mutex_exit_veneer>
10006f6a:	2001      	movs	r0, #1
10006f6c:	bd10      	pop	{r4, pc}
10006f6e:	bf00      	nop

10006f70 <tu_fifo_set_overwritable>:
10006f70:	b538      	push	{r3, r4, r5, lr}
10006f72:	4604      	mov	r4, r0
10006f74:	68c0      	ldr	r0, [r0, #12]
10006f76:	460d      	mov	r5, r1
10006f78:	b118      	cbz	r0, 10006f82 <tu_fifo_set_overwritable+0x12>
10006f7a:	f04f 31ff 	mov.w	r1, #4294967295	@ 0xffffffff
10006f7e:	f000 f90b 	bl	10007198 <__mutex_enter_timeout_ms_veneer>
10006f82:	6920      	ldr	r0, [r4, #16]
10006f84:	b118      	cbz	r0, 10006f8e <tu_fifo_set_overwritable+0x1e>
10006f86:	f04f 31ff 	mov.w	r1, #4294967295	@ 0xffffffff
10006f8a:	f000 f905 	bl	10007198 <__mutex_enter_timeout_ms_veneer>
10006f8e:	79e3      	ldrb	r3, [r4, #7]
10006f90:	68e0      	ldr	r0, [r4, #12]
10006f92:	f365 13c7 	bfi	r3, r5, #7, #1
10006f96:	71e3      	strb	r3, [r4, #7]
10006f98:	b108      	cbz	r0, 10006f9e <tu_fifo_set_overwritable+0x2e>
10006f9a:	f000 f90d 	bl	100071b8 <__mutex_exit_veneer>
10006f9e:	6920      	ldr	r0, [r4, #16]
10006fa0:	b108      	cbz	r0, 10006fa6 <tu_fifo_set_overwritable+0x36>
10006fa2:	f000 f909 	bl	100071b8 <__mutex_exit_veneer>
10006fa6:	2001      	movs	r0, #1
10006fa8:	bd38      	pop	{r3, r4, r5, pc}
10006faa:	bf00      	nop

10006fac <memset>:
10006fac:	0783      	lsls	r3, r0, #30
10006fae:	b530      	push	{r4, r5, lr}
10006fb0:	d046      	beq.n	10007040 <memset+0x94>
10006fb2:	1884      	adds	r4, r0, r2
10006fb4:	4684      	mov	ip, r0
10006fb6:	e004      	b.n	10006fc2 <memset+0x16>
10006fb8:	f803 1b01 	strb.w	r1, [r3], #1
10006fbc:	079d      	lsls	r5, r3, #30
10006fbe:	d004      	beq.n	10006fca <memset+0x1e>
10006fc0:	469c      	mov	ip, r3
10006fc2:	45a4      	cmp	ip, r4
10006fc4:	4663      	mov	r3, ip
10006fc6:	d1f7      	bne.n	10006fb8 <memset+0xc>
10006fc8:	bd30      	pop	{r4, r5, pc}
10006fca:	3a01      	subs	r2, #1
10006fcc:	4402      	add	r2, r0
10006fce:	eba2 020c 	sub.w	r2, r2, ip
10006fd2:	2a03      	cmp	r2, #3
10006fd4:	d929      	bls.n	1000702a <memset+0x7e>
10006fd6:	b2cc      	uxtb	r4, r1
10006fd8:	2a0f      	cmp	r2, #15
10006fda:	eb04 2404 	add.w	r4, r4, r4, lsl #8
10006fde:	eb04 4404 	add.w	r4, r4, r4, lsl #16
10006fe2:	d92f      	bls.n	10007044 <memset+0x98>
10006fe4:	f1a2 0c10 	sub.w	ip, r2, #16
10006fe8:	f103 0510 	add.w	r5, r3, #16
10006fec:	f02c 0c0f 	bic.w	ip, ip, #15
10006ff0:	44ac      	add	ip, r5
10006ff2:	e9c3 4400 	strd	r4, r4, [r3]
10006ff6:	e9c3 4402 	strd	r4, r4, [r3, #8]
10006ffa:	3310      	adds	r3, #16
10006ffc:	4563      	cmp	r3, ip
10006ffe:	d1f8      	bne.n	10006ff2 <memset+0x46>
10007000:	f012 0f0c 	tst.w	r2, #12
10007004:	f002 0e0f 	and.w	lr, r2, #15
10007008:	d018      	beq.n	1000703c <memset+0x90>
1000700a:	f02e 0c03 	bic.w	ip, lr, #3
1000700e:	f1ae 0504 	sub.w	r5, lr, #4
10007012:	461a      	mov	r2, r3
10007014:	449c      	add	ip, r3
10007016:	f842 4b04 	str.w	r4, [r2], #4
1000701a:	4562      	cmp	r2, ip
1000701c:	d1fb      	bne.n	10007016 <memset+0x6a>
1000701e:	f025 0403 	bic.w	r4, r5, #3
10007022:	3304      	adds	r3, #4
10007024:	f00e 0203 	and.w	r2, lr, #3
10007028:	4423      	add	r3, r4
1000702a:	2a00      	cmp	r2, #0
1000702c:	d0cc      	beq.n	10006fc8 <memset+0x1c>
1000702e:	b2c9      	uxtb	r1, r1
10007030:	441a      	add	r2, r3
10007032:	f803 1b01 	strb.w	r1, [r3], #1
10007036:	4293      	cmp	r3, r2
10007038:	d1fb      	bne.n	10007032 <memset+0x86>
1000703a:	bd30      	pop	{r4, r5, pc}
1000703c:	4672      	mov	r2, lr
1000703e:	e7f4      	b.n	1000702a <memset+0x7e>
10007040:	4603      	mov	r3, r0
10007042:	e7c6      	b.n	10006fd2 <memset+0x26>
10007044:	4696      	mov	lr, r2
10007046:	e7e0      	b.n	1000700a <memset+0x5e>

10007048 <memcpy>:
10007048:	4684      	mov	ip, r0
1000704a:	ea41 0300 	orr.w	r3, r1, r0
1000704e:	f013 0303 	ands.w	r3, r3, #3
10007052:	d149      	bne.n	100070e8 <memcpy+0xa0>
10007054:	3a40      	subs	r2, #64	@ 0x40
10007056:	d323      	bcc.n	100070a0 <memcpy+0x58>
10007058:	680b      	ldr	r3, [r1, #0]
1000705a:	6003      	str	r3, [r0, #0]
1000705c:	684b      	ldr	r3, [r1, #4]
1000705e:	6043      	str	r3, [r0, #4]
10007060:	688b      	ldr	r3, [r1, #8]
10007062:	6083      	str	r3, [r0, #8]
10007064:	68cb      	ldr	r3, [r1, #12]
10007066:	60c3      	str	r3, [r0, #12]
10007068:	690b      	ldr	r3, [r1, #16]
1000706a:	6103      	str	r3, [r0, #16]
1000706c:	694b      	ldr	r3, [r1, #20]
1000706e:	6143      	str	r3, [r0, #20]
10007070:	698b      	ldr	r3, [r1, #24]
10007072:	6183      	str	r3, [r0, #24]
10007074:	69cb      	ldr	r3, [r1, #28]
10007076:	61c3      	str	r3, [r0, #28]
10007078:	6a0b      	ldr	r3, [r1, #32]
1000707a:	6203      	str	r3, [r0, #32]
1000707c:	6a4b      	ldr	r3, [r1, #36]	@ 0x24
1000707e:	6243      	str	r3, [r0, #36]	@ 0x24
10007080:	6a8b      	ldr	r3, [r1, #40]	@ 0x28
10007082:	6283      	str	r3, [r0, #40]	@ 0x28
10007084:	6acb      	ldr	r3, [r1, #44]	@ 0x2c
10007086:	62c3      	str	r3, [r0, #44]	@ 0x2c
10007088:	6b0b      	ldr	r3, [r1, #48]	@ 0x30
1000708a:	6303      	str	r3, [r0, #48]	@ 0x30
1000708c:	6b4b      	ldr	r3, [r1, #52]	@ 0x34
1000708e:	6343      	str	r3, [r0, #52]	@ 0x34
10007090:	6b8b      	ldr	r3, [r1, #56]	@ 0x38
10007092:	6383      	str	r3, [r0, #56]	@ 0x38
10007094:	6bcb      	ldr	r3, [r1, #60]	@ 0x3c
10007096:	63c3      	str	r3, [r0, #60]	@ 0x3c
10007098:	3040      	adds	r0, #64	@ 0x40
1000709a:	3140      	adds	r1, #64	@ 0x40
1000709c:	3a40      	subs	r2, #64	@ 0x40
1000709e:	d2db      	bcs.n	10007058 <memcpy+0x10>
100070a0:	3230      	adds	r2, #48	@ 0x30
100070a2:	d30b      	bcc.n	100070bc <memcpy+0x74>
100070a4:	680b      	ldr	r3, [r1, #0]
100070a6:	6003      	str	r3, [r0, #0]
100070a8:	684b      	ldr	r3, [r1, #4]
100070aa:	6043      	str	r3, [r0, #4]
100070ac:	688b      	ldr	r3, [r1, #8]
100070ae:	6083      	str	r3, [r0, #8]
100070b0:	68cb      	ldr	r3, [r1, #12]
100070b2:	60c3      	str	r3, [r0, #12]
100070b4:	3010      	adds	r0, #16
100070b6:	3110      	adds	r1, #16
100070b8:	3a10      	subs	r2, #16
100070ba:	d2f3      	bcs.n	100070a4 <memcpy+0x5c>
100070bc:	320c      	adds	r2, #12
100070be:	d305      	bcc.n	100070cc <memcpy+0x84>
100070c0:	f851 3b04 	ldr.w	r3, [r1], #4
100070c4:	f840 3b04 	str.w	r3, [r0], #4
100070c8:	3a04      	subs	r2, #4
100070ca:	d2f9      	bcs.n	100070c0 <memcpy+0x78>
100070cc:	3204      	adds	r2, #4
100070ce:	d008      	beq.n	100070e2 <memcpy+0x9a>
100070d0:	07d2      	lsls	r2, r2, #31
100070d2:	bf1c      	itt	ne
100070d4:	f811 3b01 	ldrbne.w	r3, [r1], #1
100070d8:	f800 3b01 	strbne.w	r3, [r0], #1
100070dc:	d301      	bcc.n	100070e2 <memcpy+0x9a>
100070de:	880b      	ldrh	r3, [r1, #0]
100070e0:	8003      	strh	r3, [r0, #0]
100070e2:	4660      	mov	r0, ip
100070e4:	4770      	bx	lr
100070e6:	bf00      	nop
100070e8:	2a08      	cmp	r2, #8
100070ea:	d313      	bcc.n	10007114 <memcpy+0xcc>
100070ec:	078b      	lsls	r3, r1, #30
100070ee:	d0b1      	beq.n	10007054 <memcpy+0xc>
100070f0:	f010 0303 	ands.w	r3, r0, #3
100070f4:	d0ae      	beq.n	10007054 <memcpy+0xc>
100070f6:	f1c3 0304 	rsb	r3, r3, #4
100070fa:	1ad2      	subs	r2, r2, r3
100070fc:	07db      	lsls	r3, r3, #31
100070fe:	bf1c      	itt	ne
10007100:	f811 3b01 	ldrbne.w	r3, [r1], #1
10007104:	f800 3b01 	strbne.w	r3, [r0], #1
10007108:	d3a4      	bcc.n	10007054 <memcpy+0xc>
1000710a:	f831 3b02 	ldrh.w	r3, [r1], #2
1000710e:	f820 3b02 	strh.w	r3, [r0], #2
10007112:	e79f      	b.n	10007054 <memcpy+0xc>
10007114:	3a04      	subs	r2, #4
10007116:	d3d9      	bcc.n	100070cc <memcpy+0x84>
10007118:	3a01      	subs	r2, #1
1000711a:	f811 3b01 	ldrb.w	r3, [r1], #1
1000711e:	f800 3b01 	strb.w	r3, [r0], #1
10007122:	d2f9      	bcs.n	10007118 <memcpy+0xd0>
10007124:	780b      	ldrb	r3, [r1, #0]
10007126:	7003      	strb	r3, [r0, #0]
10007128:	784b      	ldrb	r3, [r1, #1]
1000712a:	7043      	strb	r3, [r0, #1]
1000712c:	788b      	ldrb	r3, [r1, #2]
1000712e:	7083      	strb	r3, [r0, #2]
10007130:	4660      	mov	r0, ip
10007132:	4770      	bx	lr

10007134 <strlen>:
10007134:	f020 0103 	bic.w	r1, r0, #3
10007138:	f010 0003 	ands.w	r0, r0, #3
1000713c:	f1c0 0000 	rsb	r0, r0, #0
10007140:	f851 3b04 	ldr.w	r3, [r1], #4
10007144:	f100 0c04 	add.w	ip, r0, #4
10007148:	ea4f 0ccc 	mov.w	ip, ip, lsl #3
1000714c:	f06f 0200 	mvn.w	r2, #0
10007150:	bf1c      	itt	ne
10007152:	fa22 f20c 	lsrne.w	r2, r2, ip
10007156:	4313      	orrne	r3, r2
10007158:	f04f 0c01 	mov.w	ip, #1
1000715c:	ea4c 2c0c 	orr.w	ip, ip, ip, lsl #8
10007160:	ea4c 4c0c 	orr.w	ip, ip, ip, lsl #16
10007164:	eba3 020c 	sub.w	r2, r3, ip
10007168:	ea22 0203 	bic.w	r2, r2, r3
1000716c:	ea12 12cc 	ands.w	r2, r2, ip, lsl #7
10007170:	bf04      	itt	eq
10007172:	f851 3b04 	ldreq.w	r3, [r1], #4
10007176:	3004      	addeq	r0, #4
10007178:	d0f4      	beq.n	10007164 <strlen+0x30>
1000717a:	f1c2 0100 	rsb	r1, r2, #0
1000717e:	ea02 0201 	and.w	r2, r2, r1
10007182:	fab2 f282 	clz	r2, r2
10007186:	f1c2 021f 	rsb	r2, r2, #31
1000718a:	eb00 00d2 	add.w	r0, r0, r2, lsr #3
1000718e:	4770      	bx	lr

10007190 <_fini>:
10007190:	b5f8      	push	{r3, r4, r5, r6, r7, lr}
10007192:	bf00      	nop
10007194:	0000      	movs	r0, r0
	...

10007198 <__mutex_enter_timeout_ms_veneer>:
10007198:	f85f f000 	ldr.w	pc, [pc]	@ 1000719c <__mutex_enter_timeout_ms_veneer+0x4>
1000719c:	20000205 	.word	0x20000205

100071a0 <__hw_endpoint_start_next_buffer_veneer>:
100071a0:	f85f f000 	ldr.w	pc, [pc]	@ 100071a4 <__hw_endpoint_start_next_buffer_veneer+0x4>
100071a4:	20000b15 	.word	0x20000b15

100071a8 <__e15_is_critical_frame_period_veneer>:
100071a8:	f85f f000 	ldr.w	pc, [pc]	@ 100071ac <__e15_is_critical_frame_period_veneer+0x4>
100071ac:	20000a9d 	.word	0x20000a9d

100071b0 <__e15_is_bulkin_ep_veneer>:
100071b0:	f85f f000 	ldr.w	pc, [pc]	@ 100071b4 <__e15_is_bulkin_ep_veneer+0x4>
100071b4:	20000a75 	.word	0x20000a75

100071b8 <__mutex_exit_veneer>:
100071b8:	f85f f000 	ldr.w	pc, [pc]	@ 100071bc <__mutex_exit_veneer+0x4>
100071bc:	2000027d 	.word	0x2000027d

100071c0 <____aeabi_ldivmod_veneer>:
100071c0:	f85f f000 	ldr.w	pc, [pc]	@ 100071c4 <____aeabi_ldivmod_veneer+0x4>
100071c4:	20000dd9 	.word	0x20000dd9

100071c8 <___hw_endpoint_buffer_control_update32_veneer>:
100071c8:	f85f f000 	ldr.w	pc, [pc]	@ 100071cc <___hw_endpoint_buffer_control_update32_veneer+0x4>
100071cc:	20000ad1 	.word	0x20000ad1

100071d0 <__mutex_try_enter_block_until_veneer>:
100071d0:	f85f f000 	ldr.w	pc, [pc]	@ 100071d4 <__mutex_try_enter_block_until_veneer+0x4>
100071d4:	20000159 	.word	0x20000159

100071d8 <__mutex_try_enter_veneer>:
100071d8:	f85f f000 	ldr.w	pc, [pc]	@ 100071dc <__mutex_try_enter_veneer+0x4>
100071dc:	20000111 	.word	0x20000111

100071e0 <__reset_non_control_endpoints_veneer>:
100071e0:	f85f f000 	ldr.w	pc, [pc]	@ 100071e4 <__reset_non_control_endpoints_veneer+0x4>
100071e4:	200002b1 	.word	0x200002b1

100071e8 <__pre_init_runtime_init_bootrom_reset>:
100071e8:	10004455                                UD..

100071ec <__pre_init_runtime_init_early_resets>:
100071ec:	100043c9                                .C..

100071f0 <__pre_init_runtime_init_usb_power_down>:
100071f0:	100043fd                                .C..

100071f4 <__pre_init_runtime_init_clocks>:
100071f4:	100044e9                                .D..

100071f8 <__pre_init_runtime_init_post_clock_resets>:
100071f8:	10004435                                5D..

100071fc <__pre_init_runtime_init_boot_locks_reset>:
100071fc:	10003f49                                I?..

10007200 <__pre_init_runtime_init_spin_locks_reset>:
10007200:	1000447d                                }D..

10007204 <__pre_init_runtime_init_bootrom_locking_enable>:
10007204:	10003f35                                5?..

10007208 <__pre_init_runtime_init_mutex>:
10007208:	10003585                                .5..

1000720c <__pre_init_runtime_init_install_ram_vector_table>:
1000720c:	10004481                                .D..

10007210 <__pre_init_runtime_init_default_alarm_pool>:
10007210:	10003945                                E9..

10007214 <__pre_init_first_per_core_initializer>:
10007214:	10004379                                yC..

10007218 <__pre_init_runtime_init_per_core_bootrom_reset>:
10007218:	10004469                                iD..

1000721c <__pre_init_runtime_init_per_core_enable_coprocessors>:
1000721c:	10004419                                .D..

10007220 <__pre_init_spinlock_set_extexclall>:
10007220:	100030f1                                .0..

10007224 <__pre_init_runtime_init_per_core_irq_priorities>:
10007224:	10003161                                a1..

10007228 <__init_array_start>:
10007228:	10004e41 	.word	0x10004e41

1000722c <__frame_dummy_init_array_entry>:
1000722c:	10000211 1000071d                       ........

Disassembly of section .data:

20000110 <mutex_try_enter>:
20000110:	b538      	push	{r3, r4, r5, lr}
20000112:	4604      	mov	r4, r0
20000114:	6803      	ldr	r3, [r0, #0]
20000116:	f3ef 8510 	mrs	r5, PRIMASK
2000011a:	b672      	cpsid	i
2000011c:	e8d3 0fcf 	ldaexb	r0, [r3]
20000120:	2201      	movs	r2, #1
20000122:	2800      	cmp	r0, #0
20000124:	d1fa      	bne.n	2000011c <mutex_try_enter+0xc>
20000126:	e8c3 2f40 	strexb	r0, r2, [r3]
2000012a:	2800      	cmp	r0, #0
2000012c:	d1f6      	bne.n	2000011c <mutex_try_enter+0xc>
2000012e:	f3bf 8f5f 	dmb	sy
20000132:	6863      	ldr	r3, [r4, #4]
20000134:	1c5a      	adds	r2, r3, #1
20000136:	d009      	beq.n	2000014c <mutex_try_enter+0x3c>
20000138:	b101      	cbz	r1, 2000013c <mutex_try_enter+0x2c>
2000013a:	600b      	str	r3, [r1, #0]
2000013c:	2000      	movs	r0, #0
2000013e:	2300      	movs	r3, #0
20000140:	6822      	ldr	r2, [r4, #0]
20000142:	e8c2 3f8f 	stlb	r3, [r2]
20000146:	f385 8810 	msr	PRIMASK, r5
2000014a:	bd38      	pop	{r3, r4, r5, pc}
2000014c:	f001 f83c 	bl	200011c8 <__ulPortLockGetCurrentOwnerId_veneer>
20000150:	4603      	mov	r3, r0
20000152:	2001      	movs	r0, #1
20000154:	6063      	str	r3, [r4, #4]
20000156:	e7f2      	b.n	2000013e <mutex_try_enter+0x2e>

20000158 <mutex_try_enter_block_until>:
20000158:	e92d 41f0 	stmdb	sp!, {r4, r5, r6, r7, r8, lr}
2000015c:	461f      	mov	r7, r3
2000015e:	4604      	mov	r4, r0
20000160:	4616      	mov	r6, r2
20000162:	6803      	ldr	r3, [r0, #0]
20000164:	f3ef 8810 	mrs	r8, PRIMASK
20000168:	b672      	cpsid	i
2000016a:	e8d3 1fcf 	ldaexb	r1, [r3]
2000016e:	2201      	movs	r2, #1
20000170:	2900      	cmp	r1, #0
20000172:	d1fa      	bne.n	2000016a <mutex_try_enter_block_until+0x12>
20000174:	e8c3 2f41 	strexb	r1, r2, [r3]
20000178:	2900      	cmp	r1, #0
2000017a:	d1f6      	bne.n	2000016a <mutex_try_enter_block_until+0x12>
2000017c:	f3bf 8f5f 	dmb	sy
20000180:	6845      	ldr	r5, [r0, #4]
20000182:	1c6b      	adds	r3, r5, #1
20000184:	d00c      	beq.n	200001a0 <mutex_try_enter_block_until+0x48>
20000186:	2300      	movs	r3, #0
20000188:	6802      	ldr	r2, [r0, #0]
2000018a:	e8c2 3f8f 	stlb	r3, [r2]
2000018e:	f388 8810 	msr	PRIMASK, r8
20000192:	f001 f819 	bl	200011c8 <__ulPortLockGetCurrentOwnerId_veneer>
20000196:	42a8      	cmp	r0, r5
20000198:	d10e      	bne.n	200001b8 <mutex_try_enter_block_until+0x60>
2000019a:	2000      	movs	r0, #0
2000019c:	e8bd 81f0 	ldmia.w	sp!, {r4, r5, r6, r7, r8, pc}
200001a0:	f001 f812 	bl	200011c8 <__ulPortLockGetCurrentOwnerId_veneer>
200001a4:	2300      	movs	r3, #0
200001a6:	6822      	ldr	r2, [r4, #0]
200001a8:	6060      	str	r0, [r4, #4]
200001aa:	e8c2 3f8f 	stlb	r3, [r2]
200001ae:	f388 8810 	msr	PRIMASK, r8
200001b2:	2001      	movs	r0, #1
200001b4:	e8bd 81f0 	ldmia.w	sp!, {r4, r5, r6, r7, r8, pc}
200001b8:	f001 f806 	bl	200011c8 <__ulPortLockGetCurrentOwnerId_veneer>
200001bc:	4680      	mov	r8, r0
200001be:	e006      	b.n	200001ce <mutex_try_enter_block_until+0x76>
200001c0:	4632      	mov	r2, r6
200001c2:	463b      	mov	r3, r7
200001c4:	4620      	mov	r0, r4
200001c6:	f001 f803 	bl	200011d0 <__xPortLockInternalSpinUnlockWithBestEffortWaitOrTimeout_veneer>
200001ca:	2800      	cmp	r0, #0
200001cc:	d1e5      	bne.n	2000019a <mutex_try_enter_block_until+0x42>
200001ce:	6825      	ldr	r5, [r4, #0]
200001d0:	f3ef 8110 	mrs	r1, PRIMASK
200001d4:	b672      	cpsid	i
200001d6:	e8d5 2fcf 	ldaexb	r2, [r5]
200001da:	2301      	movs	r3, #1
200001dc:	2a00      	cmp	r2, #0
200001de:	d1fa      	bne.n	200001d6 <mutex_try_enter_block_until+0x7e>
200001e0:	e8c5 3f42 	strexb	r2, r3, [r5]
200001e4:	2a00      	cmp	r2, #0
200001e6:	d1f6      	bne.n	200001d6 <mutex_try_enter_block_until+0x7e>
200001e8:	f3bf 8f5f 	dmb	sy
200001ec:	6863      	ldr	r3, [r4, #4]
200001ee:	3301      	adds	r3, #1
200001f0:	d1e6      	bne.n	200001c0 <mutex_try_enter_block_until+0x68>
200001f2:	2300      	movs	r3, #0
200001f4:	6822      	ldr	r2, [r4, #0]
200001f6:	f8c4 8004 	str.w	r8, [r4, #4]
200001fa:	e8c2 3f8f 	stlb	r3, [r2]
200001fe:	f381 8810 	msr	PRIMASK, r1
20000202:	e7d6      	b.n	200001b2 <mutex_try_enter_block_until+0x5a>

20000204 <mutex_enter_timeout_ms>:
20000204:	b5f8      	push	{r3, r4, r5, r6, r7, lr}
20000206:	460f      	mov	r7, r1
20000208:	4604      	mov	r4, r0
2000020a:	f000 fff1 	bl	200011f0 <__time_us_64_veneer>
2000020e:	f44f 737a 	mov.w	r3, #1000	@ 0x3e8
20000212:	4605      	mov	r5, r0
20000214:	f04f 3cff 	mov.w	ip, #4294967295	@ 0xffffffff
20000218:	f06f 4200 	mvn.w	r2, #2147483648	@ 0x80000000
2000021c:	fbe7 5103 	umlal	r5, r1, r7, r3
20000220:	45ac      	cmp	ip, r5
20000222:	eb72 0301 	sbcs.w	r3, r2, r1
20000226:	bf3a      	itte	cc
20000228:	4665      	movcc	r5, ip
2000022a:	4616      	movcc	r6, r2
2000022c:	460e      	movcs	r6, r1
2000022e:	f000 ffcb 	bl	200011c8 <__ulPortLockGetCurrentOwnerId_veneer>
20000232:	4607      	mov	r7, r0
20000234:	e005      	b.n	20000242 <mutex_enter_timeout_ms+0x3e>
20000236:	462a      	mov	r2, r5
20000238:	4633      	mov	r3, r6
2000023a:	4620      	mov	r0, r4
2000023c:	f000 ffc8 	bl	200011d0 <__xPortLockInternalSpinUnlockWithBestEffortWaitOrTimeout_veneer>
20000240:	b9d0      	cbnz	r0, 20000278 <mutex_enter_timeout_ms+0x74>
20000242:	6823      	ldr	r3, [r4, #0]
20000244:	f3ef 8110 	mrs	r1, PRIMASK
20000248:	b672      	cpsid	i
2000024a:	e8d3 0fcf 	ldaexb	r0, [r3]
2000024e:	2201      	movs	r2, #1
20000250:	2800      	cmp	r0, #0
20000252:	d1fa      	bne.n	2000024a <mutex_enter_timeout_ms+0x46>
20000254:	e8c3 2f40 	strexb	r0, r2, [r3]
20000258:	2800      	cmp	r0, #0
2000025a:	d1f6      	bne.n	2000024a <mutex_enter_timeout_ms+0x46>
2000025c:	f3bf 8f5f 	dmb	sy
20000260:	6863      	ldr	r3, [r4, #4]
20000262:	3301      	adds	r3, #1
20000264:	d1e7      	bne.n	20000236 <mutex_enter_timeout_ms+0x32>
20000266:	2300      	movs	r3, #0
20000268:	6822      	ldr	r2, [r4, #0]
2000026a:	6067      	str	r7, [r4, #4]
2000026c:	e8c2 3f8f 	stlb	r3, [r2]
20000270:	f381 8810 	msr	PRIMASK, r1
20000274:	2001      	movs	r0, #1
20000276:	bdf8      	pop	{r3, r4, r5, r6, r7, pc}
20000278:	2000      	movs	r0, #0
2000027a:	bdf8      	pop	{r3, r4, r5, r6, r7, pc}

2000027c <mutex_exit>:
2000027c:	b500      	push	{lr}
2000027e:	6802      	ldr	r2, [r0, #0]
20000280:	f3ef 8110 	mrs	r1, PRIMASK
20000284:	b672      	cpsid	i
20000286:	e8d2 efcf 	ldaexb	lr, [r2]
2000028a:	f05f 0c01 	movs.w	ip, #1
2000028e:	f1be 0f00 	cmp.w	lr, #0
20000292:	d1f8      	bne.n	20000286 <mutex_exit+0xa>
20000294:	e8c2 cf4e 	strexb	lr, ip, [r2]
20000298:	f1be 0f00 	cmp.w	lr, #0
2000029c:	d1f3      	bne.n	20000286 <mutex_exit+0xa>
2000029e:	f3bf 8f5f 	dmb	sy
200002a2:	f04f 32ff 	mov.w	r2, #4294967295	@ 0xffffffff
200002a6:	f85d eb04 	ldr.w	lr, [sp], #4
200002aa:	6042      	str	r2, [r0, #4]
200002ac:	f000 bf9c 	b.w	200011e8 <__vPortLockInternalSpinUnlockWithNotify_veneer>

200002b0 <reset_non_control_endpoints>:
200002b0:	2100      	movs	r1, #0
200002b2:	b508      	push	{r3, lr}
200002b4:	4b13      	ldr	r3, [pc, #76]	@ (20000304 <reset_non_control_endpoints+0x54>)
200002b6:	f44f 7270 	mov.w	r2, #960	@ 0x3c0
200002ba:	6099      	str	r1, [r3, #8]
200002bc:	4812      	ldr	r0, [pc, #72]	@ (20000308 <reset_non_control_endpoints+0x58>)
200002be:	60d9      	str	r1, [r3, #12]
200002c0:	6119      	str	r1, [r3, #16]
200002c2:	6159      	str	r1, [r3, #20]
200002c4:	6199      	str	r1, [r3, #24]
200002c6:	61d9      	str	r1, [r3, #28]
200002c8:	6219      	str	r1, [r3, #32]
200002ca:	6259      	str	r1, [r3, #36]	@ 0x24
200002cc:	6299      	str	r1, [r3, #40]	@ 0x28
200002ce:	62d9      	str	r1, [r3, #44]	@ 0x2c
200002d0:	6319      	str	r1, [r3, #48]	@ 0x30
200002d2:	6359      	str	r1, [r3, #52]	@ 0x34
200002d4:	6399      	str	r1, [r3, #56]	@ 0x38
200002d6:	63d9      	str	r1, [r3, #60]	@ 0x3c
200002d8:	6419      	str	r1, [r3, #64]	@ 0x40
200002da:	6459      	str	r1, [r3, #68]	@ 0x44
200002dc:	6499      	str	r1, [r3, #72]	@ 0x48
200002de:	64d9      	str	r1, [r3, #76]	@ 0x4c
200002e0:	6519      	str	r1, [r3, #80]	@ 0x50
200002e2:	6559      	str	r1, [r3, #84]	@ 0x54
200002e4:	6599      	str	r1, [r3, #88]	@ 0x58
200002e6:	65d9      	str	r1, [r3, #92]	@ 0x5c
200002e8:	6619      	str	r1, [r3, #96]	@ 0x60
200002ea:	6659      	str	r1, [r3, #100]	@ 0x64
200002ec:	6699      	str	r1, [r3, #104]	@ 0x68
200002ee:	66d9      	str	r1, [r3, #108]	@ 0x6c
200002f0:	6719      	str	r1, [r3, #112]	@ 0x70
200002f2:	6759      	str	r1, [r3, #116]	@ 0x74
200002f4:	6799      	str	r1, [r3, #120]	@ 0x78
200002f6:	67d9      	str	r1, [r3, #124]	@ 0x7c
200002f8:	f000 ff6e 	bl	200011d8 <__memset_veneer>
200002fc:	4b03      	ldr	r3, [pc, #12]	@ (2000030c <reset_non_control_endpoints+0x5c>)
200002fe:	4a04      	ldr	r2, [pc, #16]	@ (20000310 <reset_non_control_endpoints+0x60>)
20000300:	601a      	str	r2, [r3, #0]
20000302:	bd08      	pop	{r3, pc}
20000304:	50100000 	.word	0x50100000
20000308:	20001ae8 	.word	0x20001ae8
2000030c:	20001eb0 	.word	0x20001eb0
20000310:	50100180 	.word	0x50100180

20000314 <hw_handle_buff_status>:
20000314:	e92d 4ff0 	stmdb	sp!, {r4, r5, r6, r7, r8, r9, sl, fp, lr}
20000318:	4b1f      	ldr	r3, [pc, #124]	@ (20000398 <hw_handle_buff_status+0x84>)
2000031a:	b085      	sub	sp, #20
2000031c:	f8d3 a058 	ldr.w	sl, [r3, #88]	@ 0x58
20000320:	f1ba 0f00 	cmp.w	sl, #0
20000324:	d022      	beq.n	2000036c <hw_handle_buff_status+0x58>
20000326:	2400      	movs	r4, #0
20000328:	2501      	movs	r5, #1
2000032a:	f44f 69e0 	mov.w	r9, #1792	@ 0x700
2000032e:	f8df 8070 	ldr.w	r8, [pc, #112]	@ 200003a0 <hw_handle_buff_status+0x8c>
20000332:	4f1a      	ldr	r7, [pc, #104]	@ (2000039c <hw_handle_buff_status+0x88>)
20000334:	e001      	b.n	2000033a <hw_handle_buff_status+0x26>
20000336:	2c20      	cmp	r4, #32
20000338:	d018      	beq.n	2000036c <hw_handle_buff_status+0x58>
2000033a:	ea0a 0205 	and.w	r2, sl, r5
2000033e:	1c61      	adds	r1, r4, #1
20000340:	4623      	mov	r3, r4
20000342:	46ab      	mov	fp, r5
20000344:	b2cc      	uxtb	r4, r1
20000346:	006d      	lsls	r5, r5, #1
20000348:	2a00      	cmp	r2, #0
2000034a:	d0f4      	beq.n	20000336 <hw_handle_buff_status+0x22>
2000034c:	f004 0201 	and.w	r2, r4, #1
20000350:	f003 06fe 	and.w	r6, r3, #254	@ 0xfe
20000354:	4416      	add	r6, r2
20000356:	eb07 1646 	add.w	r6, r7, r6, lsl #5
2000035a:	4630      	mov	r0, r6
2000035c:	f8c8 b058 	str.w	fp, [r8, #88]	@ 0x58
20000360:	f000 fc0a 	bl	20000b78 <hw_endpoint_xfer_continue>
20000364:	b928      	cbnz	r0, 20000372 <hw_handle_buff_status+0x5e>
20000366:	ea3a 0a0b 	bics.w	sl, sl, fp
2000036a:	d1e4      	bne.n	20000336 <hw_handle_buff_status+0x22>
2000036c:	b005      	add	sp, #20
2000036e:	e8bd 8ff0 	ldmia.w	sp!, {r4, r5, r6, r7, r8, r9, sl, fp, pc}
20000372:	2300      	movs	r3, #0
20000374:	f88d 3009 	strb.w	r3, [sp, #9]
20000378:	78b3      	ldrb	r3, [r6, #2]
2000037a:	a801      	add	r0, sp, #4
2000037c:	f88d 3008 	strb.w	r3, [sp, #8]
20000380:	8af3      	ldrh	r3, [r6, #22]
20000382:	2101      	movs	r1, #1
20000384:	f8ad 9004 	strh.w	r9, [sp, #4]
20000388:	9303      	str	r3, [sp, #12]
2000038a:	f000 fc13 	bl	20000bb4 <dcd_event_handler>
2000038e:	4630      	mov	r0, r6
20000390:	f000 fb98 	bl	20000ac4 <hw_endpoint_reset_transfer>
20000394:	e7e7      	b.n	20000366 <hw_handle_buff_status+0x52>
20000396:	bf00      	nop
20000398:	50110000 	.word	0x50110000
2000039c:	20001aa8 	.word	0x20001aa8
200003a0:	50113000 	.word	0x50113000

200003a4 <dcd_rp2040_irq>:
200003a4:	b5f0      	push	{r4, r5, r6, r7, lr}
200003a6:	4bbb      	ldr	r3, [pc, #748]	@ (20000694 <dcd_rp2040_irq+0x2f0>)
200003a8:	b085      	sub	sp, #20
200003aa:	f8d3 5098 	ldr.w	r5, [r3, #152]	@ 0x98
200003ae:	f415 3600 	ands.w	r6, r5, #131072	@ 0x20000
200003b2:	d074      	beq.n	2000049e <dcd_rp2040_irq+0xfa>
200003b4:	4bb8      	ldr	r3, [pc, #736]	@ (20000698 <dcd_rp2040_irq+0x2f4>)
200003b6:	4cb9      	ldr	r4, [pc, #740]	@ (2000069c <dcd_rp2040_irq+0x2f8>)
200003b8:	6a99      	ldr	r1, [r3, #40]	@ 0x28
200003ba:	f894 303b 	ldrb.w	r3, [r4, #59]	@ 0x3b
200003be:	4ab8      	ldr	r2, [pc, #736]	@ (200006a0 <dcd_rp2040_irq+0x2fc>)
200003c0:	2b02      	cmp	r3, #2
200003c2:	6011      	str	r1, [r2, #0]
200003c4:	f000 80d4 	beq.w	20000570 <dcd_rp2040_irq+0x1cc>
200003c8:	2600      	movs	r6, #0
200003ca:	f894 307b 	ldrb.w	r3, [r4, #123]	@ 0x7b
200003ce:	2b02      	cmp	r3, #2
200003d0:	f000 813b 	beq.w	2000064a <dcd_rp2040_irq+0x2a6>
200003d4:	f894 30bb 	ldrb.w	r3, [r4, #187]	@ 0xbb
200003d8:	2b02      	cmp	r3, #2
200003da:	f000 817d 	beq.w	200006d8 <dcd_rp2040_irq+0x334>
200003de:	f894 30fb 	ldrb.w	r3, [r4, #251]	@ 0xfb
200003e2:	2b02      	cmp	r3, #2
200003e4:	f000 816c 	beq.w	200006c0 <dcd_rp2040_irq+0x31c>
200003e8:	f894 313b 	ldrb.w	r3, [r4, #315]	@ 0x13b
200003ec:	2b02      	cmp	r3, #2
200003ee:	f000 8144 	beq.w	2000067a <dcd_rp2040_irq+0x2d6>
200003f2:	f894 317b 	ldrb.w	r3, [r4, #379]	@ 0x17b
200003f6:	2b02      	cmp	r3, #2
200003f8:	f000 8133 	beq.w	20000662 <dcd_rp2040_irq+0x2be>
200003fc:	f894 31bb 	ldrb.w	r3, [r4, #443]	@ 0x1bb
20000400:	2b02      	cmp	r3, #2
20000402:	f000 81b6 	beq.w	20000772 <dcd_rp2040_irq+0x3ce>
20000406:	f894 31fb 	ldrb.w	r3, [r4, #507]	@ 0x1fb
2000040a:	2b02      	cmp	r3, #2
2000040c:	f000 81a6 	beq.w	2000075c <dcd_rp2040_irq+0x3b8>
20000410:	f894 323b 	ldrb.w	r3, [r4, #571]	@ 0x23b
20000414:	2b02      	cmp	r3, #2
20000416:	f000 8196 	beq.w	20000746 <dcd_rp2040_irq+0x3a2>
2000041a:	f894 327b 	ldrb.w	r3, [r4, #635]	@ 0x27b
2000041e:	2b02      	cmp	r3, #2
20000420:	f000 8186 	beq.w	20000730 <dcd_rp2040_irq+0x38c>
20000424:	f894 32bb 	ldrb.w	r3, [r4, #699]	@ 0x2bb
20000428:	2b02      	cmp	r3, #2
2000042a:	f000 8176 	beq.w	2000071a <dcd_rp2040_irq+0x376>
2000042e:	f894 32fb 	ldrb.w	r3, [r4, #763]	@ 0x2fb
20000432:	2b02      	cmp	r3, #2
20000434:	f000 8166 	beq.w	20000704 <dcd_rp2040_irq+0x360>
20000438:	f894 333b 	ldrb.w	r3, [r4, #827]	@ 0x33b
2000043c:	2b02      	cmp	r3, #2
2000043e:	f000 8156 	beq.w	200006ee <dcd_rp2040_irq+0x34a>
20000442:	f894 337b 	ldrb.w	r3, [r4, #891]	@ 0x37b
20000446:	2b02      	cmp	r3, #2
20000448:	f000 80a4 	beq.w	20000594 <dcd_rp2040_irq+0x1f0>
2000044c:	f894 33bb 	ldrb.w	r3, [r4, #955]	@ 0x3bb
20000450:	2b02      	cmp	r3, #2
20000452:	f000 8199 	beq.w	20000788 <dcd_rp2040_irq+0x3e4>
20000456:	f894 33fb 	ldrb.w	r3, [r4, #1019]	@ 0x3fb
2000045a:	2b02      	cmp	r3, #2
2000045c:	f000 80b4 	beq.w	200005c8 <dcd_rp2040_irq+0x224>
20000460:	b93e      	cbnz	r6, 20000472 <dcd_rp2040_irq+0xce>
20000462:	4b90      	ldr	r3, [pc, #576]	@ (200006a4 <dcd_rp2040_irq+0x300>)
20000464:	781b      	ldrb	r3, [r3, #0]
20000466:	b923      	cbnz	r3, 20000472 <dcd_rp2040_irq+0xce>
20000468:	f44f 3200 	mov.w	r2, #131072	@ 0x20000
2000046c:	4b8e      	ldr	r3, [pc, #568]	@ (200006a8 <dcd_rp2040_irq+0x304>)
2000046e:	f8c3 2090 	str.w	r2, [r3, #144]	@ 0x90
20000472:	f44f 7240 	mov.w	r2, #768	@ 0x300
20000476:	4b87      	ldr	r3, [pc, #540]	@ (20000694 <dcd_rp2040_irq+0x2f0>)
20000478:	2101      	movs	r1, #1
2000047a:	6c9b      	ldr	r3, [r3, #72]	@ 0x48
2000047c:	a801      	add	r0, sp, #4
2000047e:	f3c3 030a 	ubfx	r3, r3, #0, #11
20000482:	f8ad 2004 	strh.w	r2, [sp, #4]
20000486:	9302      	str	r3, [sp, #8]
20000488:	f000 fb94 	bl	20000bb4 <dcd_event_handler>
2000048c:	06ea      	lsls	r2, r5, #27
2000048e:	f44f 3600 	mov.w	r6, #131072	@ 0x20000
20000492:	4c86      	ldr	r4, [pc, #536]	@ (200006ac <dcd_rp2040_irq+0x308>)
20000494:	d507      	bpl.n	200004a6 <dcd_rp2040_irq+0x102>
20000496:	f7ff ff3d 	bl	20000314 <hw_handle_buff_status>
2000049a:	4626      	mov	r6, r4
2000049c:	e003      	b.n	200004a6 <dcd_rp2040_irq+0x102>
2000049e:	06ea      	lsls	r2, r5, #27
200004a0:	f04f 0410 	mov.w	r4, #16
200004a4:	d4f7      	bmi.n	20000496 <dcd_rp2040_irq+0xf2>
200004a6:	03eb      	lsls	r3, r5, #15
200004a8:	d522      	bpl.n	200004f0 <dcd_rp2040_irq+0x14c>
200004aa:	4c7c      	ldr	r4, [pc, #496]	@ (2000069c <dcd_rp2040_irq+0x2f8>)
200004ac:	f446 3680 	orr.w	r6, r6, #65536	@ 0x10000
200004b0:	7ea3      	ldrb	r3, [r4, #26]
200004b2:	2b00      	cmp	r3, #0
200004b4:	f040 8099 	bne.w	200005ea <dcd_rp2040_irq+0x246>
200004b8:	2301      	movs	r3, #1
200004ba:	f894 203a 	ldrb.w	r2, [r4, #58]	@ 0x3a
200004be:	70e3      	strb	r3, [r4, #3]
200004c0:	2a00      	cmp	r2, #0
200004c2:	f040 80ad 	bne.w	20000620 <dcd_rp2040_irq+0x27c>
200004c6:	2301      	movs	r3, #1
200004c8:	f44f 61c0 	mov.w	r1, #1536	@ 0x600
200004cc:	4a78      	ldr	r2, [pc, #480]	@ (200006b0 <dcd_rp2040_irq+0x30c>)
200004ce:	f884 3023 	strb.w	r3, [r4, #35]	@ 0x23
200004d2:	f8ad 1004 	strh.w	r1, [sp, #4]
200004d6:	e892 0003 	ldmia.w	r2, {r0, r1}
200004da:	aa04      	add	r2, sp, #16
200004dc:	e902 0003 	stmdb	r2, {r0, r1}
200004e0:	4619      	mov	r1, r3
200004e2:	a801      	add	r0, sp, #4
200004e4:	f000 fb66 	bl	20000bb4 <dcd_event_handler>
200004e8:	f44f 3200 	mov.w	r2, #131072	@ 0x20000
200004ec:	4b6e      	ldr	r3, [pc, #440]	@ (200006a8 <dcd_rp2040_irq+0x304>)
200004ee:	651a      	str	r2, [r3, #80]	@ 0x50
200004f0:	04e9      	lsls	r1, r5, #19
200004f2:	d408      	bmi.n	20000506 <dcd_rp2040_irq+0x162>
200004f4:	046a      	lsls	r2, r5, #17
200004f6:	d41d      	bmi.n	20000534 <dcd_rp2040_irq+0x190>
200004f8:	042b      	lsls	r3, r5, #16
200004fa:	d42a      	bmi.n	20000552 <dcd_rp2040_irq+0x1ae>
200004fc:	42ae      	cmp	r6, r5
200004fe:	f040 81c5 	bne.w	2000088c <dcd_rp2040_irq+0x4e8>
20000502:	b005      	add	sp, #20
20000504:	bdf0      	pop	{r4, r5, r6, r7, pc}
20000506:	2400      	movs	r4, #0
20000508:	4b62      	ldr	r3, [pc, #392]	@ (20000694 <dcd_rp2040_irq+0x2f0>)
2000050a:	f446 5680 	orr.w	r6, r6, #4096	@ 0x1000
2000050e:	601c      	str	r4, [r3, #0]
20000510:	f7ff fece 	bl	200002b0 <reset_non_control_endpoints>
20000514:	f44f 7380 	mov.w	r3, #256	@ 0x100
20000518:	2101      	movs	r1, #1
2000051a:	a801      	add	r0, sp, #4
2000051c:	f8ad 3004 	strh.w	r3, [sp, #4]
20000520:	f88d 4008 	strb.w	r4, [sp, #8]
20000524:	f000 fb46 	bl	20000bb4 <dcd_event_handler>
20000528:	f44f 2200 	mov.w	r2, #524288	@ 0x80000
2000052c:	4b5e      	ldr	r3, [pc, #376]	@ (200006a8 <dcd_rp2040_irq+0x304>)
2000052e:	651a      	str	r2, [r3, #80]	@ 0x50
20000530:	046a      	lsls	r2, r5, #17
20000532:	d5e1      	bpl.n	200004f8 <dcd_rp2040_irq+0x154>
20000534:	f44f 6380 	mov.w	r3, #1024	@ 0x400
20000538:	2101      	movs	r1, #1
2000053a:	a801      	add	r0, sp, #4
2000053c:	f8ad 3004 	strh.w	r3, [sp, #4]
20000540:	f000 fb38 	bl	20000bb4 <dcd_event_handler>
20000544:	2210      	movs	r2, #16
20000546:	4b58      	ldr	r3, [pc, #352]	@ (200006a8 <dcd_rp2040_irq+0x304>)
20000548:	f446 4680 	orr.w	r6, r6, #16384	@ 0x4000
2000054c:	651a      	str	r2, [r3, #80]	@ 0x50
2000054e:	042b      	lsls	r3, r5, #16
20000550:	d5d4      	bpl.n	200004fc <dcd_rp2040_irq+0x158>
20000552:	f44f 63a0 	mov.w	r3, #1280	@ 0x500
20000556:	2101      	movs	r1, #1
20000558:	a801      	add	r0, sp, #4
2000055a:	f8ad 3004 	strh.w	r3, [sp, #4]
2000055e:	f000 fb29 	bl	20000bb4 <dcd_event_handler>
20000562:	f44f 6200 	mov.w	r2, #2048	@ 0x800
20000566:	4b50      	ldr	r3, [pc, #320]	@ (200006a8 <dcd_rp2040_irq+0x304>)
20000568:	f446 4600 	orr.w	r6, r6, #32768	@ 0x8000
2000056c:	651a      	str	r2, [r3, #80]	@ 0x50
2000056e:	e7c5      	b.n	200004fc <dcd_rp2040_irq+0x158>
20000570:	f894 603a 	ldrb.w	r6, [r4, #58]	@ 0x3a
20000574:	2e00      	cmp	r6, #0
20000576:	f43f af28 	beq.w	200003ca <dcd_rp2040_irq+0x26>
2000057a:	f894 303c 	ldrb.w	r3, [r4, #60]	@ 0x3c
2000057e:	2b00      	cmp	r3, #0
20000580:	f43f af23 	beq.w	200003ca <dcd_rp2040_irq+0x26>
20000584:	2300      	movs	r3, #0
20000586:	f104 0020 	add.w	r0, r4, #32
2000058a:	f884 303c 	strb.w	r3, [r4, #60]	@ 0x3c
2000058e:	f000 fac1 	bl	20000b14 <hw_endpoint_start_next_buffer>
20000592:	e71a      	b.n	200003ca <dcd_rp2040_irq+0x26>
20000594:	f894 737a 	ldrb.w	r7, [r4, #890]	@ 0x37a
20000598:	2f00      	cmp	r7, #0
2000059a:	f43f af57 	beq.w	2000044c <dcd_rp2040_irq+0xa8>
2000059e:	f894 337c 	ldrb.w	r3, [r4, #892]	@ 0x37c
200005a2:	2b00      	cmp	r3, #0
200005a4:	f040 8164 	bne.w	20000870 <dcd_rp2040_irq+0x4cc>
200005a8:	f894 33bb 	ldrb.w	r3, [r4, #955]	@ 0x3bb
200005ac:	2b02      	cmp	r3, #2
200005ae:	f040 80f4 	bne.w	2000079a <dcd_rp2040_irq+0x3f6>
200005b2:	f894 33ba 	ldrb.w	r3, [r4, #954]	@ 0x3ba
200005b6:	2b00      	cmp	r3, #0
200005b8:	f040 80eb 	bne.w	20000792 <dcd_rp2040_irq+0x3ee>
200005bc:	f894 33fb 	ldrb.w	r3, [r4, #1019]	@ 0x3fb
200005c0:	2b02      	cmp	r3, #2
200005c2:	f47f af56 	bne.w	20000472 <dcd_rp2040_irq+0xce>
200005c6:	463e      	mov	r6, r7
200005c8:	f894 33fa 	ldrb.w	r3, [r4, #1018]	@ 0x3fa
200005cc:	2b00      	cmp	r3, #0
200005ce:	f43f af47 	beq.w	20000460 <dcd_rp2040_irq+0xbc>
200005d2:	f894 33fc 	ldrb.w	r3, [r4, #1020]	@ 0x3fc
200005d6:	2b00      	cmp	r3, #0
200005d8:	f43f af4b 	beq.w	20000472 <dcd_rp2040_irq+0xce>
200005dc:	2300      	movs	r3, #0
200005de:	4835      	ldr	r0, [pc, #212]	@ (200006b4 <dcd_rp2040_irq+0x310>)
200005e0:	f884 33fc 	strb.w	r3, [r4, #1020]	@ 0x3fc
200005e4:	f000 fa96 	bl	20000b14 <hw_endpoint_start_next_buffer>
200005e8:	e743      	b.n	20000472 <dcd_rp2040_irq+0xce>
200005ea:	2102      	movs	r1, #2
200005ec:	4b32      	ldr	r3, [pc, #200]	@ (200006b8 <dcd_rp2040_irq+0x314>)
200005ee:	4a29      	ldr	r2, [pc, #164]	@ (20000694 <dcd_rp2040_irq+0x2f0>)
200005f0:	6619      	str	r1, [r3, #96]	@ 0x60
200005f2:	6e53      	ldr	r3, [r2, #100]	@ 0x64
200005f4:	079f      	lsls	r7, r3, #30
200005f6:	d5fc      	bpl.n	200005f2 <dcd_rp2040_irq+0x24e>
200005f8:	f44f 5240 	mov.w	r2, #12288	@ 0x3000
200005fc:	2100      	movs	r1, #0
200005fe:	4827      	ldr	r0, [pc, #156]	@ (2000069c <dcd_rp2040_irq+0x2f8>)
20000600:	f000 fa66 	bl	20000ad0 <_hw_endpoint_buffer_control_update32>
20000604:	4825      	ldr	r0, [pc, #148]	@ (2000069c <dcd_rp2040_irq+0x2f8>)
20000606:	f000 fa5d 	bl	20000ac4 <hw_endpoint_reset_transfer>
2000060a:	2202      	movs	r2, #2
2000060c:	4b26      	ldr	r3, [pc, #152]	@ (200006a8 <dcd_rp2040_irq+0x304>)
2000060e:	665a      	str	r2, [r3, #100]	@ 0x64
20000610:	661a      	str	r2, [r3, #96]	@ 0x60
20000612:	2301      	movs	r3, #1
20000614:	f894 203a 	ldrb.w	r2, [r4, #58]	@ 0x3a
20000618:	70e3      	strb	r3, [r4, #3]
2000061a:	2a00      	cmp	r2, #0
2000061c:	f43f af53 	beq.w	200004c6 <dcd_rp2040_irq+0x122>
20000620:	4a25      	ldr	r2, [pc, #148]	@ (200006b8 <dcd_rp2040_irq+0x314>)
20000622:	6613      	str	r3, [r2, #96]	@ 0x60
20000624:	f5a2 5200 	sub.w	r2, r2, #8192	@ 0x2000
20000628:	6e53      	ldr	r3, [r2, #100]	@ 0x64
2000062a:	07d8      	lsls	r0, r3, #31
2000062c:	d5fc      	bpl.n	20000628 <dcd_rp2040_irq+0x284>
2000062e:	f44f 5240 	mov.w	r2, #12288	@ 0x3000
20000632:	2100      	movs	r1, #0
20000634:	4821      	ldr	r0, [pc, #132]	@ (200006bc <dcd_rp2040_irq+0x318>)
20000636:	f000 fa4b 	bl	20000ad0 <_hw_endpoint_buffer_control_update32>
2000063a:	4820      	ldr	r0, [pc, #128]	@ (200006bc <dcd_rp2040_irq+0x318>)
2000063c:	f000 fa42 	bl	20000ac4 <hw_endpoint_reset_transfer>
20000640:	2201      	movs	r2, #1
20000642:	4b19      	ldr	r3, [pc, #100]	@ (200006a8 <dcd_rp2040_irq+0x304>)
20000644:	665a      	str	r2, [r3, #100]	@ 0x64
20000646:	661a      	str	r2, [r3, #96]	@ 0x60
20000648:	e73d      	b.n	200004c6 <dcd_rp2040_irq+0x122>
2000064a:	f894 707a 	ldrb.w	r7, [r4, #122]	@ 0x7a
2000064e:	2f00      	cmp	r7, #0
20000650:	f43f aec0 	beq.w	200003d4 <dcd_rp2040_irq+0x30>
20000654:	f894 307c 	ldrb.w	r3, [r4, #124]	@ 0x7c
20000658:	2b00      	cmp	r3, #0
2000065a:	f040 8101 	bne.w	20000860 <dcd_rp2040_irq+0x4bc>
2000065e:	463e      	mov	r6, r7
20000660:	e6b8      	b.n	200003d4 <dcd_rp2040_irq+0x30>
20000662:	f894 717a 	ldrb.w	r7, [r4, #378]	@ 0x17a
20000666:	2f00      	cmp	r7, #0
20000668:	f43f aec8 	beq.w	200003fc <dcd_rp2040_irq+0x58>
2000066c:	f894 317c 	ldrb.w	r3, [r4, #380]	@ 0x17c
20000670:	2b00      	cmp	r3, #0
20000672:	f040 80ed 	bne.w	20000850 <dcd_rp2040_irq+0x4ac>
20000676:	463e      	mov	r6, r7
20000678:	e6c0      	b.n	200003fc <dcd_rp2040_irq+0x58>
2000067a:	f894 713a 	ldrb.w	r7, [r4, #314]	@ 0x13a
2000067e:	2f00      	cmp	r7, #0
20000680:	f43f aeb7 	beq.w	200003f2 <dcd_rp2040_irq+0x4e>
20000684:	f894 313c 	ldrb.w	r3, [r4, #316]	@ 0x13c
20000688:	2b00      	cmp	r3, #0
2000068a:	f040 80d9 	bne.w	20000840 <dcd_rp2040_irq+0x49c>
2000068e:	463e      	mov	r6, r7
20000690:	e6af      	b.n	200003f2 <dcd_rp2040_irq+0x4e>
20000692:	bf00      	nop
20000694:	50110000 	.word	0x50110000
20000698:	400b0000 	.word	0x400b0000
2000069c:	20001aa8 	.word	0x20001aa8
200006a0:	20001aa0 	.word	0x20001aa0
200006a4:	200222b9 	.word	0x200222b9
200006a8:	50113000 	.word	0x50113000
200006ac:	00020010 	.word	0x00020010
200006b0:	50100000 	.word	0x50100000
200006b4:	20001e88 	.word	0x20001e88
200006b8:	50112000 	.word	0x50112000
200006bc:	20001ac8 	.word	0x20001ac8
200006c0:	f894 70fa 	ldrb.w	r7, [r4, #250]	@ 0xfa
200006c4:	2f00      	cmp	r7, #0
200006c6:	f43f ae8f 	beq.w	200003e8 <dcd_rp2040_irq+0x44>
200006ca:	f894 30fc 	ldrb.w	r3, [r4, #252]	@ 0xfc
200006ce:	2b00      	cmp	r3, #0
200006d0:	f040 808e 	bne.w	200007f0 <dcd_rp2040_irq+0x44c>
200006d4:	463e      	mov	r6, r7
200006d6:	e687      	b.n	200003e8 <dcd_rp2040_irq+0x44>
200006d8:	f894 70ba 	ldrb.w	r7, [r4, #186]	@ 0xba
200006dc:	2f00      	cmp	r7, #0
200006de:	f43f ae7e 	beq.w	200003de <dcd_rp2040_irq+0x3a>
200006e2:	f894 30bc 	ldrb.w	r3, [r4, #188]	@ 0xbc
200006e6:	2b00      	cmp	r3, #0
200006e8:	d17a      	bne.n	200007e0 <dcd_rp2040_irq+0x43c>
200006ea:	463e      	mov	r6, r7
200006ec:	e677      	b.n	200003de <dcd_rp2040_irq+0x3a>
200006ee:	f894 733a 	ldrb.w	r7, [r4, #826]	@ 0x33a
200006f2:	2f00      	cmp	r7, #0
200006f4:	f43f aea5 	beq.w	20000442 <dcd_rp2040_irq+0x9e>
200006f8:	f894 333c 	ldrb.w	r3, [r4, #828]	@ 0x33c
200006fc:	2b00      	cmp	r3, #0
200006fe:	d157      	bne.n	200007b0 <dcd_rp2040_irq+0x40c>
20000700:	463e      	mov	r6, r7
20000702:	e69e      	b.n	20000442 <dcd_rp2040_irq+0x9e>
20000704:	f894 72fa 	ldrb.w	r7, [r4, #762]	@ 0x2fa
20000708:	2f00      	cmp	r7, #0
2000070a:	f43f ae95 	beq.w	20000438 <dcd_rp2040_irq+0x94>
2000070e:	f894 32fc 	ldrb.w	r3, [r4, #764]	@ 0x2fc
20000712:	2b00      	cmp	r3, #0
20000714:	d15c      	bne.n	200007d0 <dcd_rp2040_irq+0x42c>
20000716:	463e      	mov	r6, r7
20000718:	e68e      	b.n	20000438 <dcd_rp2040_irq+0x94>
2000071a:	f894 72ba 	ldrb.w	r7, [r4, #698]	@ 0x2ba
2000071e:	2f00      	cmp	r7, #0
20000720:	f43f ae85 	beq.w	2000042e <dcd_rp2040_irq+0x8a>
20000724:	f894 32bc 	ldrb.w	r3, [r4, #700]	@ 0x2bc
20000728:	2b00      	cmp	r3, #0
2000072a:	d149      	bne.n	200007c0 <dcd_rp2040_irq+0x41c>
2000072c:	463e      	mov	r6, r7
2000072e:	e67e      	b.n	2000042e <dcd_rp2040_irq+0x8a>
20000730:	f894 727a 	ldrb.w	r7, [r4, #634]	@ 0x27a
20000734:	2f00      	cmp	r7, #0
20000736:	f43f ae75 	beq.w	20000424 <dcd_rp2040_irq+0x80>
2000073a:	f894 327c 	ldrb.w	r3, [r4, #636]	@ 0x27c
2000073e:	2b00      	cmp	r3, #0
20000740:	d176      	bne.n	20000830 <dcd_rp2040_irq+0x48c>
20000742:	463e      	mov	r6, r7
20000744:	e66e      	b.n	20000424 <dcd_rp2040_irq+0x80>
20000746:	f894 723a 	ldrb.w	r7, [r4, #570]	@ 0x23a
2000074a:	2f00      	cmp	r7, #0
2000074c:	f43f ae65 	beq.w	2000041a <dcd_rp2040_irq+0x76>
20000750:	f894 323c 	ldrb.w	r3, [r4, #572]	@ 0x23c
20000754:	2b00      	cmp	r3, #0
20000756:	d163      	bne.n	20000820 <dcd_rp2040_irq+0x47c>
20000758:	463e      	mov	r6, r7
2000075a:	e65e      	b.n	2000041a <dcd_rp2040_irq+0x76>
2000075c:	f894 71fa 	ldrb.w	r7, [r4, #506]	@ 0x1fa
20000760:	2f00      	cmp	r7, #0
20000762:	f43f ae55 	beq.w	20000410 <dcd_rp2040_irq+0x6c>
20000766:	f894 31fc 	ldrb.w	r3, [r4, #508]	@ 0x1fc
2000076a:	2b00      	cmp	r3, #0
2000076c:	d150      	bne.n	20000810 <dcd_rp2040_irq+0x46c>
2000076e:	463e      	mov	r6, r7
20000770:	e64e      	b.n	20000410 <dcd_rp2040_irq+0x6c>
20000772:	f894 71ba 	ldrb.w	r7, [r4, #442]	@ 0x1ba
20000776:	2f00      	cmp	r7, #0
20000778:	f43f ae45 	beq.w	20000406 <dcd_rp2040_irq+0x62>
2000077c:	f894 31bc 	ldrb.w	r3, [r4, #444]	@ 0x1bc
20000780:	2b00      	cmp	r3, #0
20000782:	d13d      	bne.n	20000800 <dcd_rp2040_irq+0x45c>
20000784:	463e      	mov	r6, r7
20000786:	e63e      	b.n	20000406 <dcd_rp2040_irq+0x62>
20000788:	f894 33ba 	ldrb.w	r3, [r4, #954]	@ 0x3ba
2000078c:	2b00      	cmp	r3, #0
2000078e:	f43f ae62 	beq.w	20000456 <dcd_rp2040_irq+0xb2>
20000792:	f894 33bc 	ldrb.w	r3, [r4, #956]	@ 0x3bc
20000796:	2b00      	cmp	r3, #0
20000798:	d171      	bne.n	2000087e <dcd_rp2040_irq+0x4da>
2000079a:	f894 33fb 	ldrb.w	r3, [r4, #1019]	@ 0x3fb
2000079e:	2b02      	cmp	r3, #2
200007a0:	f47f ae67 	bne.w	20000472 <dcd_rp2040_irq+0xce>
200007a4:	f894 33fa 	ldrb.w	r3, [r4, #1018]	@ 0x3fa
200007a8:	2b00      	cmp	r3, #0
200007aa:	f43f ae62 	beq.w	20000472 <dcd_rp2040_irq+0xce>
200007ae:	e710      	b.n	200005d2 <dcd_rp2040_irq+0x22e>
200007b0:	2300      	movs	r3, #0
200007b2:	4839      	ldr	r0, [pc, #228]	@ (20000898 <dcd_rp2040_irq+0x4f4>)
200007b4:	f884 333c 	strb.w	r3, [r4, #828]	@ 0x33c
200007b8:	463e      	mov	r6, r7
200007ba:	f000 f9ab 	bl	20000b14 <hw_endpoint_start_next_buffer>
200007be:	e640      	b.n	20000442 <dcd_rp2040_irq+0x9e>
200007c0:	2300      	movs	r3, #0
200007c2:	4836      	ldr	r0, [pc, #216]	@ (2000089c <dcd_rp2040_irq+0x4f8>)
200007c4:	f884 32bc 	strb.w	r3, [r4, #700]	@ 0x2bc
200007c8:	463e      	mov	r6, r7
200007ca:	f000 f9a3 	bl	20000b14 <hw_endpoint_start_next_buffer>
200007ce:	e62e      	b.n	2000042e <dcd_rp2040_irq+0x8a>
200007d0:	2300      	movs	r3, #0
200007d2:	4833      	ldr	r0, [pc, #204]	@ (200008a0 <dcd_rp2040_irq+0x4fc>)
200007d4:	f884 32fc 	strb.w	r3, [r4, #764]	@ 0x2fc
200007d8:	463e      	mov	r6, r7
200007da:	f000 f99b 	bl	20000b14 <hw_endpoint_start_next_buffer>
200007de:	e62b      	b.n	20000438 <dcd_rp2040_irq+0x94>
200007e0:	2300      	movs	r3, #0
200007e2:	4830      	ldr	r0, [pc, #192]	@ (200008a4 <dcd_rp2040_irq+0x500>)
200007e4:	f884 30bc 	strb.w	r3, [r4, #188]	@ 0xbc
200007e8:	463e      	mov	r6, r7
200007ea:	f000 f993 	bl	20000b14 <hw_endpoint_start_next_buffer>
200007ee:	e5f6      	b.n	200003de <dcd_rp2040_irq+0x3a>
200007f0:	2300      	movs	r3, #0
200007f2:	482d      	ldr	r0, [pc, #180]	@ (200008a8 <dcd_rp2040_irq+0x504>)
200007f4:	f884 30fc 	strb.w	r3, [r4, #252]	@ 0xfc
200007f8:	463e      	mov	r6, r7
200007fa:	f000 f98b 	bl	20000b14 <hw_endpoint_start_next_buffer>
200007fe:	e5f3      	b.n	200003e8 <dcd_rp2040_irq+0x44>
20000800:	2300      	movs	r3, #0
20000802:	482a      	ldr	r0, [pc, #168]	@ (200008ac <dcd_rp2040_irq+0x508>)
20000804:	f884 31bc 	strb.w	r3, [r4, #444]	@ 0x1bc
20000808:	463e      	mov	r6, r7
2000080a:	f000 f983 	bl	20000b14 <hw_endpoint_start_next_buffer>
2000080e:	e5fa      	b.n	20000406 <dcd_rp2040_irq+0x62>
20000810:	2300      	movs	r3, #0
20000812:	4827      	ldr	r0, [pc, #156]	@ (200008b0 <dcd_rp2040_irq+0x50c>)
20000814:	f884 31fc 	strb.w	r3, [r4, #508]	@ 0x1fc
20000818:	463e      	mov	r6, r7
2000081a:	f000 f97b 	bl	20000b14 <hw_endpoint_start_next_buffer>
2000081e:	e5f7      	b.n	20000410 <dcd_rp2040_irq+0x6c>
20000820:	2300      	movs	r3, #0
20000822:	4824      	ldr	r0, [pc, #144]	@ (200008b4 <dcd_rp2040_irq+0x510>)
20000824:	f884 323c 	strb.w	r3, [r4, #572]	@ 0x23c
20000828:	463e      	mov	r6, r7
2000082a:	f000 f973 	bl	20000b14 <hw_endpoint_start_next_buffer>
2000082e:	e5f4      	b.n	2000041a <dcd_rp2040_irq+0x76>
20000830:	2300      	movs	r3, #0
20000832:	4821      	ldr	r0, [pc, #132]	@ (200008b8 <dcd_rp2040_irq+0x514>)
20000834:	f884 327c 	strb.w	r3, [r4, #636]	@ 0x27c
20000838:	463e      	mov	r6, r7
2000083a:	f000 f96b 	bl	20000b14 <hw_endpoint_start_next_buffer>
2000083e:	e5f1      	b.n	20000424 <dcd_rp2040_irq+0x80>
20000840:	2300      	movs	r3, #0
20000842:	481e      	ldr	r0, [pc, #120]	@ (200008bc <dcd_rp2040_irq+0x518>)
20000844:	f884 313c 	strb.w	r3, [r4, #316]	@ 0x13c
20000848:	463e      	mov	r6, r7
2000084a:	f000 f963 	bl	20000b14 <hw_endpoint_start_next_buffer>
2000084e:	e5d0      	b.n	200003f2 <dcd_rp2040_irq+0x4e>
20000850:	2300      	movs	r3, #0
20000852:	481b      	ldr	r0, [pc, #108]	@ (200008c0 <dcd_rp2040_irq+0x51c>)
20000854:	f884 317c 	strb.w	r3, [r4, #380]	@ 0x17c
20000858:	463e      	mov	r6, r7
2000085a:	f000 f95b 	bl	20000b14 <hw_endpoint_start_next_buffer>
2000085e:	e5cd      	b.n	200003fc <dcd_rp2040_irq+0x58>
20000860:	2300      	movs	r3, #0
20000862:	4818      	ldr	r0, [pc, #96]	@ (200008c4 <dcd_rp2040_irq+0x520>)
20000864:	f884 307c 	strb.w	r3, [r4, #124]	@ 0x7c
20000868:	463e      	mov	r6, r7
2000086a:	f000 f953 	bl	20000b14 <hw_endpoint_start_next_buffer>
2000086e:	e5b1      	b.n	200003d4 <dcd_rp2040_irq+0x30>
20000870:	2300      	movs	r3, #0
20000872:	4815      	ldr	r0, [pc, #84]	@ (200008c8 <dcd_rp2040_irq+0x524>)
20000874:	f884 337c 	strb.w	r3, [r4, #892]	@ 0x37c
20000878:	f000 f94c 	bl	20000b14 <hw_endpoint_start_next_buffer>
2000087c:	e694      	b.n	200005a8 <dcd_rp2040_irq+0x204>
2000087e:	2300      	movs	r3, #0
20000880:	4812      	ldr	r0, [pc, #72]	@ (200008cc <dcd_rp2040_irq+0x528>)
20000882:	f884 33bc 	strb.w	r3, [r4, #956]	@ 0x3bc
20000886:	f000 f945 	bl	20000b14 <hw_endpoint_start_next_buffer>
2000088a:	e786      	b.n	2000079a <dcd_rp2040_irq+0x3f6>
2000088c:	4810      	ldr	r0, [pc, #64]	@ (200008d0 <dcd_rp2040_irq+0x52c>)
2000088e:	ea86 0105 	eor.w	r1, r6, r5
20000892:	f000 fcb5 	bl	20001200 <__panic_veneer>
20000896:	bf00      	nop
20000898:	20001dc8 	.word	0x20001dc8
2000089c:	20001d48 	.word	0x20001d48
200008a0:	20001d88 	.word	0x20001d88
200008a4:	20001b48 	.word	0x20001b48
200008a8:	20001b88 	.word	0x20001b88
200008ac:	20001c48 	.word	0x20001c48
200008b0:	20001c88 	.word	0x20001c88
200008b4:	20001cc8 	.word	0x20001cc8
200008b8:	20001d08 	.word	0x20001d08
200008bc:	20001bc8 	.word	0x20001bc8
200008c0:	20001c08 	.word	0x20001c08
200008c4:	20001b08 	.word	0x20001b08
200008c8:	20001e08 	.word	0x20001e08
200008cc:	20001e48 	.word	0x20001e48
200008d0:	1000737c 	.word	0x1000737c

200008d4 <prepare_ep_buffer>:
200008d4:	e92d 47f0 	stmdb	sp!, {r4, r5, r6, r7, r8, r9, sl, lr}
200008d8:	8a84      	ldrh	r4, [r0, #20]
200008da:	8b05      	ldrh	r5, [r0, #24]
200008dc:	78c2      	ldrb	r2, [r0, #3]
200008de:	42a5      	cmp	r5, r4
200008e0:	bf28      	it	cs
200008e2:	4625      	movcs	r5, r4
200008e4:	1e17      	subs	r7, r2, #0
200008e6:	bf18      	it	ne
200008e8:	2701      	movne	r7, #1
200008ea:	1b64      	subs	r4, r4, r5
200008ec:	7846      	ldrb	r6, [r0, #1]
200008ee:	f082 0201 	eor.w	r2, r2, #1
200008f2:	b2a4      	uxth	r4, r4
200008f4:	4603      	mov	r3, r0
200008f6:	70c2      	strb	r2, [r0, #3]
200008f8:	8284      	strh	r4, [r0, #20]
200008fa:	f445 6080 	orr.w	r0, r5, #1024	@ 0x400
200008fe:	ea40 3047 	orr.w	r0, r0, r7, lsl #13
20000902:	bba6      	cbnz	r6, 2000096e <prepare_ep_buffer+0x9a>
20000904:	e9d3 2603 	ldrd	r2, r6, [r3, #12]
20000908:	1e6f      	subs	r7, r5, #1
2000090a:	eb02 1e81 	add.w	lr, r2, r1, lsl #6
2000090e:	b355      	cbz	r5, 20000966 <prepare_ep_buffer+0x92>
20000910:	2f05      	cmp	r7, #5
20000912:	bf98      	it	ls
20000914:	1c72      	addls	r2, r6, #1
20000916:	d931      	bls.n	2000097c <prepare_ep_buffer+0xa8>
20000918:	eb02 1c81 	add.w	ip, r2, r1, lsl #6
2000091c:	1c72      	adds	r2, r6, #1
2000091e:	ebac 0402 	sub.w	r4, ip, r2
20000922:	2c02      	cmp	r4, #2
20000924:	d92a      	bls.n	2000097c <prepare_ep_buffer+0xa8>
20000926:	4632      	mov	r2, r6
20000928:	ea4f 0995 	mov.w	r9, r5, lsr #2
2000092c:	ea4f 0a89 	mov.w	sl, r9, lsl #2
20000930:	eb06 0889 	add.w	r8, r6, r9, lsl #2
20000934:	f852 4b04 	ldr.w	r4, [r2], #4
20000938:	4542      	cmp	r2, r8
2000093a:	f84c 4b04 	str.w	r4, [ip], #4
2000093e:	d1f9      	bne.n	20000934 <prepare_ep_buffer+0x60>
20000940:	4555      	cmp	r5, sl
20000942:	eba7 070a 	sub.w	r7, r7, sl
20000946:	eb0e 040a 	add.w	r4, lr, sl
2000094a:	d00a      	beq.n	20000962 <prepare_ep_buffer+0x8e>
2000094c:	f816 6029 	ldrb.w	r6, [r6, r9, lsl #2]
20000950:	f80e 6029 	strb.w	r6, [lr, r9, lsl #2]
20000954:	b12f      	cbz	r7, 20000962 <prepare_ep_buffer+0x8e>
20000956:	7856      	ldrb	r6, [r2, #1]
20000958:	2f01      	cmp	r7, #1
2000095a:	7066      	strb	r6, [r4, #1]
2000095c:	d001      	beq.n	20000962 <prepare_ep_buffer+0x8e>
2000095e:	7892      	ldrb	r2, [r2, #2]
20000960:	70a2      	strb	r2, [r4, #2]
20000962:	691e      	ldr	r6, [r3, #16]
20000964:	8a9c      	ldrh	r4, [r3, #20]
20000966:	442e      	add	r6, r5
20000968:	611e      	str	r6, [r3, #16]
2000096a:	f440 4000 	orr.w	r0, r0, #32768	@ 0x8000
2000096e:	b90c      	cbnz	r4, 20000974 <prepare_ep_buffer+0xa0>
20000970:	f440 4080 	orr.w	r0, r0, #16384	@ 0x4000
20000974:	b101      	cbz	r1, 20000978 <prepare_ep_buffer+0xa4>
20000976:	0400      	lsls	r0, r0, #16
20000978:	e8bd 87f0 	ldmia.w	sp!, {r4, r5, r6, r7, r8, r9, sl, pc}
2000097c:	f10e 3eff 	add.w	lr, lr, #4294967295	@ 0xffffffff
20000980:	442e      	add	r6, r5
20000982:	e000      	b.n	20000986 <prepare_ep_buffer+0xb2>
20000984:	3201      	adds	r2, #1
20000986:	f812 4c01 	ldrb.w	r4, [r2, #-1]
2000098a:	42b2      	cmp	r2, r6
2000098c:	f80e 4f01 	strb.w	r4, [lr, #1]!
20000990:	d1f8      	bne.n	20000984 <prepare_ep_buffer+0xb0>
20000992:	e7e6      	b.n	20000962 <prepare_ep_buffer+0x8e>

20000994 <sync_ep_buffer>:
20000994:	6883      	ldr	r3, [r0, #8]
20000996:	4602      	mov	r2, r0
20000998:	6818      	ldr	r0, [r3, #0]
2000099a:	b101      	cbz	r1, 2000099e <sync_ep_buffer+0xa>
2000099c:	0c00      	lsrs	r0, r0, #16
2000099e:	7853      	ldrb	r3, [r2, #1]
200009a0:	f3c0 0009 	ubfx	r0, r0, #0, #10
200009a4:	2b00      	cmp	r3, #0
200009a6:	d03c      	beq.n	20000a22 <sync_ep_buffer+0x8e>
200009a8:	e92d 41f0 	stmdb	sp!, {r4, r5, r6, r7, r8, lr}
200009ac:	e9d2 3403 	ldrd	r3, r4, [r2, #12]
200009b0:	1e46      	subs	r6, r0, #1
200009b2:	eb03 1e81 	add.w	lr, r3, r1, lsl #6
200009b6:	b340      	cbz	r0, 20000a0a <sync_ep_buffer+0x76>
200009b8:	2e05      	cmp	r6, #5
200009ba:	d93b      	bls.n	20000a34 <sync_ep_buffer+0xa0>
200009bc:	0189      	lsls	r1, r1, #6
200009be:	1c4d      	adds	r5, r1, #1
200009c0:	441d      	add	r5, r3
200009c2:	1b65      	subs	r5, r4, r5
200009c4:	2d02      	cmp	r5, #2
200009c6:	d935      	bls.n	20000a34 <sync_ep_buffer+0xa0>
200009c8:	4673      	mov	r3, lr
200009ca:	4621      	mov	r1, r4
200009cc:	f400 777f 	and.w	r7, r0, #1020	@ 0x3fc
200009d0:	ea4f 0890 	mov.w	r8, r0, lsr #2
200009d4:	18fd      	adds	r5, r7, r3
200009d6:	f853 cb04 	ldr.w	ip, [r3], #4
200009da:	42ab      	cmp	r3, r5
200009dc:	f841 cb04 	str.w	ip, [r1], #4
200009e0:	d1f9      	bne.n	200009d6 <sync_ep_buffer+0x42>
200009e2:	42b8      	cmp	r0, r7
200009e4:	eba6 0607 	sub.w	r6, r6, r7
200009e8:	eb04 0307 	add.w	r3, r4, r7
200009ec:	eb0e 0107 	add.w	r1, lr, r7
200009f0:	d00a      	beq.n	20000a08 <sync_ep_buffer+0x74>
200009f2:	f81e 5028 	ldrb.w	r5, [lr, r8, lsl #2]
200009f6:	f804 5028 	strb.w	r5, [r4, r8, lsl #2]
200009fa:	b12e      	cbz	r6, 20000a08 <sync_ep_buffer+0x74>
200009fc:	784c      	ldrb	r4, [r1, #1]
200009fe:	2e01      	cmp	r6, #1
20000a00:	705c      	strb	r4, [r3, #1]
20000a02:	d001      	beq.n	20000a08 <sync_ep_buffer+0x74>
20000a04:	7889      	ldrb	r1, [r1, #2]
20000a06:	7099      	strb	r1, [r3, #2]
20000a08:	6914      	ldr	r4, [r2, #16]
20000a0a:	8ad3      	ldrh	r3, [r2, #22]
20000a0c:	4404      	add	r4, r0
20000a0e:	4403      	add	r3, r0
20000a10:	82d3      	strh	r3, [r2, #22]
20000a12:	8b13      	ldrh	r3, [r2, #24]
20000a14:	6114      	str	r4, [r2, #16]
20000a16:	4283      	cmp	r3, r0
20000a18:	bf84      	itt	hi
20000a1a:	2300      	movhi	r3, #0
20000a1c:	8293      	strhhi	r3, [r2, #20]
20000a1e:	e8bd 81f0 	ldmia.w	sp!, {r4, r5, r6, r7, r8, pc}
20000a22:	8ad3      	ldrh	r3, [r2, #22]
20000a24:	4403      	add	r3, r0
20000a26:	82d3      	strh	r3, [r2, #22]
20000a28:	8b13      	ldrh	r3, [r2, #24]
20000a2a:	4283      	cmp	r3, r0
20000a2c:	bf84      	itt	hi
20000a2e:	2300      	movhi	r3, #0
20000a30:	8293      	strhhi	r3, [r2, #20]
20000a32:	4770      	bx	lr
20000a34:	3c01      	subs	r4, #1
20000a36:	eb0e 0100 	add.w	r1, lr, r0
20000a3a:	f81e 3b01 	ldrb.w	r3, [lr], #1
20000a3e:	4571      	cmp	r1, lr
20000a40:	f804 3f01 	strb.w	r3, [r4, #1]!
20000a44:	d1f9      	bne.n	20000a3a <sync_ep_buffer+0xa6>
20000a46:	e7df      	b.n	20000a08 <sync_ep_buffer+0x74>

20000a48 <_hw_endpoint_xfer_sync>:
20000a48:	b510      	push	{r4, lr}
20000a4a:	4604      	mov	r4, r0
20000a4c:	6883      	ldr	r3, [r0, #8]
20000a4e:	2100      	movs	r1, #0
20000a50:	681b      	ldr	r3, [r3, #0]
20000a52:	f7ff ff9f 	bl	20000994 <sync_ep_buffer>
20000a56:	6863      	ldr	r3, [r4, #4]
20000a58:	681b      	ldr	r3, [r3, #0]
20000a5a:	005b      	lsls	r3, r3, #1
20000a5c:	d502      	bpl.n	20000a64 <_hw_endpoint_xfer_sync+0x1c>
20000a5e:	8b23      	ldrh	r3, [r4, #24]
20000a60:	4283      	cmp	r3, r0
20000a62:	d000      	beq.n	20000a66 <_hw_endpoint_xfer_sync+0x1e>
20000a64:	bd10      	pop	{r4, pc}
20000a66:	4620      	mov	r0, r4
20000a68:	e8bd 4010 	ldmia.w	sp!, {r4, lr}
20000a6c:	2101      	movs	r1, #1
20000a6e:	f7ff bf91 	b.w	20000994 <sync_ep_buffer>
20000a72:	bf00      	nop

20000a74 <e15_is_bulkin_ep>:
20000a74:	4b08      	ldr	r3, [pc, #32]	@ (20000a98 <e15_is_bulkin_ep+0x24>)
20000a76:	6c1b      	ldr	r3, [r3, #64]	@ 0x40
20000a78:	f013 0302 	ands.w	r3, r3, #2
20000a7c:	d102      	bne.n	20000a84 <e15_is_bulkin_ep+0x10>
20000a7e:	7882      	ldrb	r2, [r0, #2]
20000a80:	09d2      	lsrs	r2, r2, #7
20000a82:	d101      	bne.n	20000a88 <e15_is_bulkin_ep+0x14>
20000a84:	2000      	movs	r0, #0
20000a86:	4770      	bx	lr
20000a88:	7ec0      	ldrb	r0, [r0, #27]
20000a8a:	f1a0 0002 	sub.w	r0, r0, #2
20000a8e:	fab0 f080 	clz	r0, r0
20000a92:	0940      	lsrs	r0, r0, #5
20000a94:	4770      	bx	lr
20000a96:	bf00      	nop
20000a98:	50110000 	.word	0x50110000

20000a9c <e15_is_critical_frame_period>:
20000a9c:	b508      	push	{r3, lr}
20000a9e:	f7ff ffe9 	bl	20000a74 <e15_is_bulkin_ep>
20000aa2:	b150      	cbz	r0, 20000aba <e15_is_critical_frame_period+0x1e>
20000aa4:	4a05      	ldr	r2, [pc, #20]	@ (20000abc <e15_is_critical_frame_period+0x20>)
20000aa6:	4b06      	ldr	r3, [pc, #24]	@ (20000ac0 <e15_is_critical_frame_period+0x24>)
20000aa8:	6a90      	ldr	r0, [r2, #40]	@ 0x28
20000aaa:	681b      	ldr	r3, [r3, #0]
20000aac:	f5a0 7048 	sub.w	r0, r0, #800	@ 0x320
20000ab0:	1ac0      	subs	r0, r0, r3
20000ab2:	28c6      	cmp	r0, #198	@ 0xc6
20000ab4:	bf8c      	ite	hi
20000ab6:	2000      	movhi	r0, #0
20000ab8:	2001      	movls	r0, #1
20000aba:	bd08      	pop	{r3, pc}
20000abc:	400b0000 	.word	0x400b0000
20000ac0:	20001aa0 	.word	0x20001aa0

20000ac4 <hw_endpoint_reset_transfer>:
20000ac4:	2300      	movs	r3, #0
20000ac6:	e9c0 3304 	strd	r3, r3, [r0, #16]
20000aca:	7683      	strb	r3, [r0, #26]
20000acc:	4770      	bx	lr
20000ace:	bf00      	nop

20000ad0 <_hw_endpoint_buffer_control_update32>:
20000ad0:	b510      	push	{r4, lr}
20000ad2:	6883      	ldr	r3, [r0, #8]
20000ad4:	b109      	cbz	r1, 20000ada <_hw_endpoint_buffer_control_update32+0xa>
20000ad6:	681c      	ldr	r4, [r3, #0]
20000ad8:	4021      	ands	r1, r4
20000ada:	b182      	cbz	r2, 20000afe <_hw_endpoint_buffer_control_update32+0x2e>
20000adc:	4311      	orrs	r1, r2
20000ade:	0552      	lsls	r2, r2, #21
20000ae0:	d50d      	bpl.n	20000afe <_hw_endpoint_buffer_control_update32+0x2e>
20000ae2:	681a      	ldr	r2, [r3, #0]
20000ae4:	0554      	lsls	r4, r2, #21
20000ae6:	d40c      	bmi.n	20000b02 <_hw_endpoint_buffer_control_update32+0x32>
20000ae8:	4a08      	ldr	r2, [pc, #32]	@ (20000b0c <_hw_endpoint_buffer_control_update32+0x3c>)
20000aea:	f421 6480 	bic.w	r4, r1, #1024	@ 0x400
20000aee:	601c      	str	r4, [r3, #0]
20000af0:	6c12      	ldr	r2, [r2, #64]	@ 0x40
20000af2:	0792      	lsls	r2, r2, #30
20000af4:	d403      	bmi.n	20000afe <_hw_endpoint_buffer_control_update32+0x2e>
20000af6:	230c      	movs	r3, #12
20000af8:	3b03      	subs	r3, #3
20000afa:	d2fd      	bcs.n	20000af8 <_hw_endpoint_buffer_control_update32+0x28>
20000afc:	6883      	ldr	r3, [r0, #8]
20000afe:	6019      	str	r1, [r3, #0]
20000b00:	bd10      	pop	{r4, pc}
20000b02:	7881      	ldrb	r1, [r0, #2]
20000b04:	4802      	ldr	r0, [pc, #8]	@ (20000b10 <_hw_endpoint_buffer_control_update32+0x40>)
20000b06:	f000 fb7b 	bl	20001200 <__panic_veneer>
20000b0a:	bf00      	nop
20000b0c:	50110000 	.word	0x50110000
20000b10:	10007390 	.word	0x10007390

20000b14 <hw_endpoint_start_next_buffer>:
20000b14:	b530      	push	{r4, r5, lr}
20000b16:	6843      	ldr	r3, [r0, #4]
20000b18:	2100      	movs	r1, #0
20000b1a:	b083      	sub	sp, #12
20000b1c:	4604      	mov	r4, r0
20000b1e:	681d      	ldr	r5, [r3, #0]
20000b20:	f7ff fed8 	bl	200008d4 <prepare_ep_buffer>
20000b24:	4b13      	ldr	r3, [pc, #76]	@ (20000b74 <hw_endpoint_start_next_buffer+0x60>)
20000b26:	f440 5280 	orr.w	r2, r0, #4096	@ 0x1000
20000b2a:	6c19      	ldr	r1, [r3, #64]	@ 0x40
20000b2c:	78a3      	ldrb	r3, [r4, #2]
20000b2e:	0789      	lsls	r1, r1, #30
20000b30:	d50e      	bpl.n	20000b50 <hw_endpoint_start_next_buffer+0x3c>
20000b32:	065b      	lsls	r3, r3, #25
20000b34:	d00e      	beq.n	20000b54 <hw_endpoint_start_next_buffer+0x40>
20000b36:	f025 45a0 	bic.w	r5, r5, #1342177280	@ 0x50000000
20000b3a:	f045 5500 	orr.w	r5, r5, #536870912	@ 0x20000000
20000b3e:	2100      	movs	r1, #0
20000b40:	4620      	mov	r0, r4
20000b42:	6863      	ldr	r3, [r4, #4]
20000b44:	601d      	str	r5, [r3, #0]
20000b46:	b003      	add	sp, #12
20000b48:	e8bd 4030 	ldmia.w	sp!, {r4, r5, lr}
20000b4c:	f7ff bfc0 	b.w	20000ad0 <_hw_endpoint_buffer_control_update32>
20000b50:	09db      	lsrs	r3, r3, #7
20000b52:	d0f0      	beq.n	20000b36 <hw_endpoint_start_next_buffer+0x22>
20000b54:	8aa3      	ldrh	r3, [r4, #20]
20000b56:	2b00      	cmp	r3, #0
20000b58:	d0ed      	beq.n	20000b36 <hw_endpoint_start_next_buffer+0x22>
20000b5a:	2101      	movs	r1, #1
20000b5c:	4620      	mov	r0, r4
20000b5e:	9201      	str	r2, [sp, #4]
20000b60:	f7ff feb8 	bl	200008d4 <prepare_ep_buffer>
20000b64:	9a01      	ldr	r2, [sp, #4]
20000b66:	f025 5500 	bic.w	r5, r5, #536870912	@ 0x20000000
20000b6a:	4302      	orrs	r2, r0
20000b6c:	f045 45a0 	orr.w	r5, r5, #1342177280	@ 0x50000000
20000b70:	e7e5      	b.n	20000b3e <hw_endpoint_start_next_buffer+0x2a>
20000b72:	bf00      	nop
20000b74:	50110000 	.word	0x50110000

20000b78 <hw_endpoint_xfer_continue>:
20000b78:	b538      	push	{r3, r4, r5, lr}
20000b7a:	7e85      	ldrb	r5, [r0, #26]
20000b7c:	4604      	mov	r4, r0
20000b7e:	b195      	cbz	r5, 20000ba6 <hw_endpoint_xfer_continue+0x2e>
20000b80:	f7ff ff62 	bl	20000a48 <_hw_endpoint_xfer_sync>
20000b84:	8aa3      	ldrh	r3, [r4, #20]
20000b86:	b90b      	cbnz	r3, 20000b8c <hw_endpoint_xfer_continue+0x14>
20000b88:	4628      	mov	r0, r5
20000b8a:	bd38      	pop	{r3, r4, r5, pc}
20000b8c:	4620      	mov	r0, r4
20000b8e:	f7ff ff85 	bl	20000a9c <e15_is_critical_frame_period>
20000b92:	b120      	cbz	r0, 20000b9e <hw_endpoint_xfer_continue+0x26>
20000b94:	2301      	movs	r3, #1
20000b96:	7723      	strb	r3, [r4, #28]
20000b98:	2500      	movs	r5, #0
20000b9a:	4628      	mov	r0, r5
20000b9c:	bd38      	pop	{r3, r4, r5, pc}
20000b9e:	4620      	mov	r0, r4
20000ba0:	f7ff ffb8 	bl	20000b14 <hw_endpoint_start_next_buffer>
20000ba4:	e7f8      	b.n	20000b98 <hw_endpoint_xfer_continue+0x20>
20000ba6:	7881      	ldrb	r1, [r0, #2]
20000ba8:	4801      	ldr	r0, [pc, #4]	@ (20000bb0 <hw_endpoint_xfer_continue+0x38>)
20000baa:	f000 fb29 	bl	20001200 <__panic_veneer>
20000bae:	bf00      	nop
20000bb0:	100073b0 	.word	0x100073b0

20000bb4 <dcd_event_handler>:
20000bb4:	e92d 43f0 	stmdb	sp!, {r4, r5, r6, r7, r8, r9, lr}
20000bb8:	7843      	ldrb	r3, [r0, #1]
20000bba:	4681      	mov	r9, r0
20000bbc:	3b02      	subs	r3, #2
20000bbe:	460d      	mov	r5, r1
20000bc0:	b085      	sub	sp, #20
20000bc2:	2b04      	cmp	r3, #4
20000bc4:	d813      	bhi.n	20000bee <dcd_event_handler+0x3a>
20000bc6:	e8df f003 	tbb	[pc, r3]
20000bca:	4a03      	.short	0x4a03
20000bcc:	736a      	.short	0x736a
20000bce:	44          	.byte	0x44
20000bcf:	00          	.byte	0x00
20000bd0:	2100      	movs	r1, #0
20000bd2:	4b7b      	ldr	r3, [pc, #492]	@ (20000dc0 <dcd_event_handler+0x20c>)
20000bd4:	781a      	ldrb	r2, [r3, #0]
20000bd6:	f022 0201 	bic.w	r2, r2, #1
20000bda:	701a      	strb	r2, [r3, #0]
20000bdc:	781a      	ldrb	r2, [r3, #0]
20000bde:	f022 0202 	bic.w	r2, r2, #2
20000be2:	701a      	strb	r2, [r3, #0]
20000be4:	7059      	strb	r1, [r3, #1]
20000be6:	781a      	ldrb	r2, [r3, #0]
20000be8:	f361 0282 	bfi	r2, r1, #2, #1
20000bec:	701a      	strb	r2, [r3, #0]
20000bee:	4b75      	ldr	r3, [pc, #468]	@ (20000dc4 <dcd_event_handler+0x210>)
20000bf0:	681c      	ldr	r4, [r3, #0]
20000bf2:	6963      	ldr	r3, [r4, #20]
20000bf4:	f3ef 8210 	mrs	r2, PRIMASK
20000bf8:	b672      	cpsid	i
20000bfa:	e8d3 0fcf 	ldaexb	r0, [r3]
20000bfe:	2101      	movs	r1, #1
20000c00:	2800      	cmp	r0, #0
20000c02:	d1fa      	bne.n	20000bfa <dcd_event_handler+0x46>
20000c04:	e8c3 1f40 	strexb	r0, r1, [r3]
20000c08:	2800      	cmp	r0, #0
20000c0a:	d1f6      	bne.n	20000bfa <dcd_event_handler+0x46>
20000c0c:	f3bf 8f5f 	dmb	sy
20000c10:	61a2      	str	r2, [r4, #24]
20000c12:	4649      	mov	r1, r9
20000c14:	4620      	mov	r0, r4
20000c16:	f000 fae3 	bl	200011e0 <__tu_fifo_write_veneer>
20000c1a:	2300      	movs	r3, #0
20000c1c:	6962      	ldr	r2, [r4, #20]
20000c1e:	e8c2 3f8f 	stlb	r3, [r2]
20000c22:	69a3      	ldr	r3, [r4, #24]
20000c24:	f383 8810 	msr	PRIMASK, r3
20000c28:	b948      	cbnz	r0, 20000c3e <dcd_event_handler+0x8a>
20000c2a:	f04f 23e0 	mov.w	r3, #3758153728	@ 0xe000e000
20000c2e:	f8d3 3df0 	ldr.w	r3, [r3, #3568]	@ 0xdf0
20000c32:	07db      	lsls	r3, r3, #31
20000c34:	d50a      	bpl.n	20000c4c <dcd_event_handler+0x98>
20000c36:	be00      	bkpt	0x0000
20000c38:	b005      	add	sp, #20
20000c3a:	e8bd 83f0 	ldmia.w	sp!, {r4, r5, r6, r7, r8, r9, pc}
20000c3e:	462a      	mov	r2, r5
20000c40:	f899 1001 	ldrb.w	r1, [r9, #1]
20000c44:	f899 0000 	ldrb.w	r0, [r9]
20000c48:	f000 fad6 	bl	200011f8 <__tud_event_hook_cb_veneer>
20000c4c:	b005      	add	sp, #20
20000c4e:	e8bd 83f0 	ldmia.w	sp!, {r4, r5, r6, r7, r8, r9, pc}
20000c52:	4a5d      	ldr	r2, [pc, #372]	@ (20000dc8 <dcd_event_handler+0x214>)
20000c54:	7813      	ldrb	r3, [r2, #0]
20000c56:	3301      	adds	r3, #1
20000c58:	b2db      	uxtb	r3, r3
20000c5a:	7013      	strb	r3, [r2, #0]
20000c5c:	e7c7      	b.n	20000bee <dcd_event_handler+0x3a>
20000c5e:	2400      	movs	r4, #0
20000c60:	4e5a      	ldr	r6, [pc, #360]	@ (20000dcc <dcd_event_handler+0x218>)
20000c62:	4623      	mov	r3, r4
20000c64:	7831      	ldrb	r1, [r6, #0]
20000c66:	f8df 816c 	ldr.w	r8, [pc, #364]	@ 20000dd4 <dcd_event_handler+0x220>
20000c6a:	4f59      	ldr	r7, [pc, #356]	@ (20000dd0 <dcd_event_handler+0x21c>)
20000c6c:	e011      	b.n	20000c92 <dcd_event_handler+0xde>
20000c6e:	683b      	ldr	r3, [r7, #0]
20000c70:	eb13 1344 	adds.w	r3, r3, r4, lsl #5
20000c74:	d007      	beq.n	20000c86 <dcd_event_handler+0xd2>
20000c76:	69db      	ldr	r3, [r3, #28]
20000c78:	b12b      	cbz	r3, 20000c86 <dcd_event_handler+0xd2>
20000c7a:	f8d9 1004 	ldr.w	r1, [r9, #4]
20000c7e:	f899 0000 	ldrb.w	r0, [r9]
20000c82:	4798      	blx	r3
20000c84:	7831      	ldrb	r1, [r6, #0]
20000c86:	3401      	adds	r4, #1
20000c88:	b2e4      	uxtb	r4, r4
20000c8a:	1c4a      	adds	r2, r1, #1
20000c8c:	42a2      	cmp	r2, r4
20000c8e:	4623      	mov	r3, r4
20000c90:	db17      	blt.n	20000cc2 <dcd_event_handler+0x10e>
20000c92:	42a1      	cmp	r1, r4
20000c94:	d8eb      	bhi.n	20000c6e <dcd_event_handler+0xba>
20000c96:	1a5b      	subs	r3, r3, r1
20000c98:	eb08 1343 	add.w	r3, r8, r3, lsl #5
20000c9c:	e7eb      	b.n	20000c76 <dcd_event_handler+0xc2>
20000c9e:	4b48      	ldr	r3, [pc, #288]	@ (20000dc0 <dcd_event_handler+0x20c>)
20000ca0:	781a      	ldrb	r2, [r3, #0]
20000ca2:	07d6      	lsls	r6, r2, #31
20000ca4:	d5d2      	bpl.n	20000c4c <dcd_event_handler+0x98>
20000ca6:	781a      	ldrb	r2, [r3, #0]
20000ca8:	f042 0204 	orr.w	r2, r2, #4
20000cac:	701a      	strb	r2, [r3, #0]
20000cae:	e79e      	b.n	20000bee <dcd_event_handler+0x3a>
20000cb0:	4b43      	ldr	r3, [pc, #268]	@ (20000dc0 <dcd_event_handler+0x20c>)
20000cb2:	781a      	ldrb	r2, [r3, #0]
20000cb4:	07d4      	lsls	r4, r2, #31
20000cb6:	d5c9      	bpl.n	20000c4c <dcd_event_handler+0x98>
20000cb8:	781a      	ldrb	r2, [r3, #0]
20000cba:	f022 0204 	bic.w	r2, r2, #4
20000cbe:	701a      	strb	r2, [r3, #0]
20000cc0:	e795      	b.n	20000bee <dcd_event_handler+0x3a>
20000cc2:	4c3f      	ldr	r4, [pc, #252]	@ (20000dc0 <dcd_event_handler+0x20c>)
20000cc4:	7823      	ldrb	r3, [r4, #0]
20000cc6:	0758      	lsls	r0, r3, #29
20000cc8:	d43a      	bmi.n	20000d40 <dcd_event_handler+0x18c>
20000cca:	78e3      	ldrb	r3, [r4, #3]
20000ccc:	07da      	lsls	r2, r3, #31
20000cce:	d5bd      	bpl.n	20000c4c <dcd_event_handler+0x98>
20000cd0:	2303      	movs	r3, #3
20000cd2:	2600      	movs	r6, #0
20000cd4:	4a3b      	ldr	r2, [pc, #236]	@ (20000dc4 <dcd_event_handler+0x210>)
20000cd6:	f899 1000 	ldrb.w	r1, [r9]
20000cda:	6814      	ldr	r4, [r2, #0]
20000cdc:	f8d9 2004 	ldr.w	r2, [r9, #4]
20000ce0:	f88d 1004 	strb.w	r1, [sp, #4]
20000ce4:	f88d 3005 	strb.w	r3, [sp, #5]
20000ce8:	6963      	ldr	r3, [r4, #20]
20000cea:	f8cd 6006 	str.w	r6, [sp, #6]
20000cee:	f8cd 600a 	str.w	r6, [sp, #10]
20000cf2:	f8ad 600e 	strh.w	r6, [sp, #14]
20000cf6:	9202      	str	r2, [sp, #8]
20000cf8:	f3ef 8210 	mrs	r2, PRIMASK
20000cfc:	b672      	cpsid	i
20000cfe:	e8d3 0fcf 	ldaexb	r0, [r3]
20000d02:	2101      	movs	r1, #1
20000d04:	2800      	cmp	r0, #0
20000d06:	d1fa      	bne.n	20000cfe <dcd_event_handler+0x14a>
20000d08:	e8c3 1f40 	strexb	r0, r1, [r3]
20000d0c:	2800      	cmp	r0, #0
20000d0e:	d1f6      	bne.n	20000cfe <dcd_event_handler+0x14a>
20000d10:	f3bf 8f5f 	dmb	sy
20000d14:	4620      	mov	r0, r4
20000d16:	61a2      	str	r2, [r4, #24]
20000d18:	a901      	add	r1, sp, #4
20000d1a:	f000 fa61 	bl	200011e0 <__tu_fifo_write_veneer>
20000d1e:	6963      	ldr	r3, [r4, #20]
20000d20:	e8c3 6f8f 	stlb	r6, [r3]
20000d24:	69a3      	ldr	r3, [r4, #24]
20000d26:	f383 8810 	msr	PRIMASK, r3
20000d2a:	2800      	cmp	r0, #0
20000d2c:	f43f af7d 	beq.w	20000c2a <dcd_event_handler+0x76>
20000d30:	462a      	mov	r2, r5
20000d32:	f89d 1005 	ldrb.w	r1, [sp, #5]
20000d36:	f89d 0004 	ldrb.w	r0, [sp, #4]
20000d3a:	f000 fa5d 	bl	200011f8 <__tud_event_hook_cb_veneer>
20000d3e:	e785      	b.n	20000c4c <dcd_event_handler+0x98>
20000d40:	7823      	ldrb	r3, [r4, #0]
20000d42:	2700      	movs	r7, #0
20000d44:	f023 0304 	bic.w	r3, r3, #4
20000d48:	7023      	strb	r3, [r4, #0]
20000d4a:	2305      	movs	r3, #5
20000d4c:	4a1d      	ldr	r2, [pc, #116]	@ (20000dc4 <dcd_event_handler+0x210>)
20000d4e:	f88d 3005 	strb.w	r3, [sp, #5]
20000d52:	6816      	ldr	r6, [r2, #0]
20000d54:	f899 2000 	ldrb.w	r2, [r9]
20000d58:	f8ad 700e 	strh.w	r7, [sp, #14]
20000d5c:	f88d 2004 	strb.w	r2, [sp, #4]
20000d60:	6973      	ldr	r3, [r6, #20]
20000d62:	f8cd 7006 	str.w	r7, [sp, #6]
20000d66:	f8cd 700a 	str.w	r7, [sp, #10]
20000d6a:	f3ef 8210 	mrs	r2, PRIMASK
20000d6e:	b672      	cpsid	i
20000d70:	e8d3 0fcf 	ldaexb	r0, [r3]
20000d74:	2101      	movs	r1, #1
20000d76:	2800      	cmp	r0, #0
20000d78:	d1fa      	bne.n	20000d70 <dcd_event_handler+0x1bc>
20000d7a:	e8c3 1f40 	strexb	r0, r1, [r3]
20000d7e:	2800      	cmp	r0, #0
20000d80:	d1f6      	bne.n	20000d70 <dcd_event_handler+0x1bc>
20000d82:	f3bf 8f5f 	dmb	sy
20000d86:	4630      	mov	r0, r6
20000d88:	61b2      	str	r2, [r6, #24]
20000d8a:	a901      	add	r1, sp, #4
20000d8c:	f000 fa28 	bl	200011e0 <__tu_fifo_write_veneer>
20000d90:	6973      	ldr	r3, [r6, #20]
20000d92:	e8c3 7f8f 	stlb	r7, [r3]
20000d96:	69b3      	ldr	r3, [r6, #24]
20000d98:	f383 8810 	msr	PRIMASK, r3
20000d9c:	b938      	cbnz	r0, 20000dae <dcd_event_handler+0x1fa>
20000d9e:	f04f 23e0 	mov.w	r3, #3758153728	@ 0xe000e000
20000da2:	f8d3 3df0 	ldr.w	r3, [r3, #3568]	@ 0xdf0
20000da6:	07d9      	lsls	r1, r3, #31
20000da8:	d58f      	bpl.n	20000cca <dcd_event_handler+0x116>
20000daa:	be00      	bkpt	0x0000
20000dac:	e78d      	b.n	20000cca <dcd_event_handler+0x116>
20000dae:	462a      	mov	r2, r5
20000db0:	f89d 1005 	ldrb.w	r1, [sp, #5]
20000db4:	f89d 0004 	ldrb.w	r0, [sp, #4]
20000db8:	f000 fa1e 	bl	200011f8 <__tud_event_hook_cb_veneer>
20000dbc:	e785      	b.n	20000cca <dcd_event_handler+0x116>
20000dbe:	bf00      	nop
20000dc0:	20001650 	.word	0x20001650
20000dc4:	200016a8 	.word	0x200016a8
20000dc8:	200222ba 	.word	0x200222ba
20000dcc:	200222b8 	.word	0x200222b8
20000dd0:	20001480 	.word	0x20001480
20000dd4:	100075ac 	.word	0x100075ac

20000dd8 <__aeabi_ldivmod>:
20000dd8:	b97b      	cbnz	r3, 20000dfa <__aeabi_ldivmod+0x22>
20000dda:	b972      	cbnz	r2, 20000dfa <__aeabi_ldivmod+0x22>
20000ddc:	2900      	cmp	r1, #0
20000dde:	bfbe      	ittt	lt
20000de0:	2000      	movlt	r0, #0
20000de2:	f04f 4100 	movlt.w	r1, #2147483648	@ 0x80000000
20000de6:	e006      	blt.n	20000df6 <__aeabi_ldivmod+0x1e>
20000de8:	bf08      	it	eq
20000dea:	2800      	cmpeq	r0, #0
20000dec:	bf1c      	itt	ne
20000dee:	f06f 4100 	mvnne.w	r1, #2147483648	@ 0x80000000
20000df2:	f04f 30ff 	movne.w	r0, #4294967295	@ 0xffffffff
20000df6:	f000 b9e5 	b.w	200011c4 <__aeabi_idiv0>
20000dfa:	f1ad 0c08 	sub.w	ip, sp, #8
20000dfe:	e96d ce04 	strd	ip, lr, [sp, #-16]!
20000e02:	2900      	cmp	r1, #0
20000e04:	db09      	blt.n	20000e1a <__aeabi_ldivmod+0x42>
20000e06:	2b00      	cmp	r3, #0
20000e08:	db1a      	blt.n	20000e40 <__aeabi_ldivmod+0x68>
20000e0a:	f000 f835 	bl	20000e78 <__udivmoddi4>
20000e0e:	f8dd e004 	ldr.w	lr, [sp, #4]
20000e12:	e9dd 2302 	ldrd	r2, r3, [sp, #8]
20000e16:	b004      	add	sp, #16
20000e18:	4770      	bx	lr
20000e1a:	4240      	negs	r0, r0
20000e1c:	eb61 0141 	sbc.w	r1, r1, r1, lsl #1
20000e20:	2b00      	cmp	r3, #0
20000e22:	db1b      	blt.n	20000e5c <__aeabi_ldivmod+0x84>
20000e24:	f000 f828 	bl	20000e78 <__udivmoddi4>
20000e28:	f8dd e004 	ldr.w	lr, [sp, #4]
20000e2c:	e9dd 2302 	ldrd	r2, r3, [sp, #8]
20000e30:	b004      	add	sp, #16
20000e32:	4240      	negs	r0, r0
20000e34:	eb61 0141 	sbc.w	r1, r1, r1, lsl #1
20000e38:	4252      	negs	r2, r2
20000e3a:	eb63 0343 	sbc.w	r3, r3, r3, lsl #1
20000e3e:	4770      	bx	lr
20000e40:	4252      	negs	r2, r2
20000e42:	eb63 0343 	sbc.w	r3, r3, r3, lsl #1
20000e46:	f000 f817 	bl	20000e78 <__udivmoddi4>
20000e4a:	f8dd e004 	ldr.w	lr, [sp, #4]
20000e4e:	e9dd 2302 	ldrd	r2, r3, [sp, #8]
20000e52:	b004      	add	sp, #16
20000e54:	4240      	negs	r0, r0
20000e56:	eb61 0141 	sbc.w	r1, r1, r1, lsl #1
20000e5a:	4770      	bx	lr
20000e5c:	4252      	negs	r2, r2
20000e5e:	eb63 0343 	sbc.w	r3, r3, r3, lsl #1
20000e62:	f000 f809 	bl	20000e78 <__udivmoddi4>
20000e66:	f8dd e004 	ldr.w	lr, [sp, #4]
20000e6a:	e9dd 2302 	ldrd	r2, r3, [sp, #8]
20000e6e:	b004      	add	sp, #16
20000e70:	4252      	negs	r2, r2
20000e72:	eb63 0343 	sbc.w	r3, r3, r3, lsl #1
20000e76:	4770      	bx	lr

20000e78 <__udivmoddi4>:
20000e78:	e92d 4ff0 	stmdb	sp!, {r4, r5, r6, r7, r8, r9, sl, fp, lr}
20000e7c:	468c      	mov	ip, r1
20000e7e:	9e09      	ldr	r6, [sp, #36]	@ 0x24
20000e80:	4604      	mov	r4, r0
20000e82:	460f      	mov	r7, r1
20000e84:	2b00      	cmp	r3, #0
20000e86:	d148      	bne.n	20000f1a <__udivmoddi4+0xa2>
20000e88:	428a      	cmp	r2, r1
20000e8a:	4615      	mov	r5, r2
20000e8c:	d95e      	bls.n	20000f4c <__udivmoddi4+0xd4>
20000e8e:	fab2 f382 	clz	r3, r2
20000e92:	b13b      	cbz	r3, 20000ea4 <__udivmoddi4+0x2c>
20000e94:	f1c3 0220 	rsb	r2, r3, #32
20000e98:	409f      	lsls	r7, r3
20000e9a:	409d      	lsls	r5, r3
20000e9c:	409c      	lsls	r4, r3
20000e9e:	fa20 f202 	lsr.w	r2, r0, r2
20000ea2:	4317      	orrs	r7, r2
20000ea4:	ea4f 4e15 	mov.w	lr, r5, lsr #16
20000ea8:	fa1f fc85 	uxth.w	ip, r5
20000eac:	0c22      	lsrs	r2, r4, #16
20000eae:	fbb7 f1fe 	udiv	r1, r7, lr
20000eb2:	fb0e 7711 	mls	r7, lr, r1, r7
20000eb6:	fb01 f00c 	mul.w	r0, r1, ip
20000eba:	ea42 4207 	orr.w	r2, r2, r7, lsl #16
20000ebe:	4290      	cmp	r0, r2
20000ec0:	d907      	bls.n	20000ed2 <__udivmoddi4+0x5a>
20000ec2:	18aa      	adds	r2, r5, r2
20000ec4:	f101 37ff 	add.w	r7, r1, #4294967295	@ 0xffffffff
20000ec8:	d202      	bcs.n	20000ed0 <__udivmoddi4+0x58>
20000eca:	4290      	cmp	r0, r2
20000ecc:	f200 8158 	bhi.w	20001180 <__udivmoddi4+0x308>
20000ed0:	4639      	mov	r1, r7
20000ed2:	1a12      	subs	r2, r2, r0
20000ed4:	b2a4      	uxth	r4, r4
20000ed6:	fbb2 f0fe 	udiv	r0, r2, lr
20000eda:	fb0e 2210 	mls	r2, lr, r0, r2
20000ede:	fb00 fc0c 	mul.w	ip, r0, ip
20000ee2:	ea44 4402 	orr.w	r4, r4, r2, lsl #16
20000ee6:	45a4      	cmp	ip, r4
20000ee8:	d90b      	bls.n	20000f02 <__udivmoddi4+0x8a>
20000eea:	192c      	adds	r4, r5, r4
20000eec:	f100 32ff 	add.w	r2, r0, #4294967295	@ 0xffffffff
20000ef0:	bf2c      	ite	cs
20000ef2:	2701      	movcs	r7, #1
20000ef4:	2700      	movcc	r7, #0
20000ef6:	45a4      	cmp	ip, r4
20000ef8:	d902      	bls.n	20000f00 <__udivmoddi4+0x88>
20000efa:	2f00      	cmp	r7, #0
20000efc:	f000 8143 	beq.w	20001186 <__udivmoddi4+0x30e>
20000f00:	4610      	mov	r0, r2
20000f02:	ea40 4001 	orr.w	r0, r0, r1, lsl #16
20000f06:	eba4 040c 	sub.w	r4, r4, ip
20000f0a:	2100      	movs	r1, #0
20000f0c:	b11e      	cbz	r6, 20000f16 <__udivmoddi4+0x9e>
20000f0e:	40dc      	lsrs	r4, r3
20000f10:	2300      	movs	r3, #0
20000f12:	e9c6 4300 	strd	r4, r3, [r6]
20000f16:	e8bd 8ff0 	ldmia.w	sp!, {r4, r5, r6, r7, r8, r9, sl, fp, pc}
20000f1a:	428b      	cmp	r3, r1
20000f1c:	d906      	bls.n	20000f2c <__udivmoddi4+0xb4>
20000f1e:	b10e      	cbz	r6, 20000f24 <__udivmoddi4+0xac>
20000f20:	e9c6 0100 	strd	r0, r1, [r6]
20000f24:	2100      	movs	r1, #0
20000f26:	4608      	mov	r0, r1
20000f28:	e8bd 8ff0 	ldmia.w	sp!, {r4, r5, r6, r7, r8, r9, sl, fp, pc}
20000f2c:	fab3 f183 	clz	r1, r3
20000f30:	2900      	cmp	r1, #0
20000f32:	d151      	bne.n	20000fd8 <__udivmoddi4+0x160>
20000f34:	4563      	cmp	r3, ip
20000f36:	f0c0 8116 	bcc.w	20001166 <__udivmoddi4+0x2ee>
20000f3a:	4282      	cmp	r2, r0
20000f3c:	f240 8113 	bls.w	20001166 <__udivmoddi4+0x2ee>
20000f40:	4608      	mov	r0, r1
20000f42:	2e00      	cmp	r6, #0
20000f44:	d0e7      	beq.n	20000f16 <__udivmoddi4+0x9e>
20000f46:	e9c6 4700 	strd	r4, r7, [r6]
20000f4a:	e7e4      	b.n	20000f16 <__udivmoddi4+0x9e>
20000f4c:	2a00      	cmp	r2, #0
20000f4e:	f000 80af 	beq.w	200010b0 <__udivmoddi4+0x238>
20000f52:	fab2 f382 	clz	r3, r2
20000f56:	2b00      	cmp	r3, #0
20000f58:	f040 80c2 	bne.w	200010e0 <__udivmoddi4+0x268>
20000f5c:	1a8a      	subs	r2, r1, r2
20000f5e:	ea4f 4e15 	mov.w	lr, r5, lsr #16
20000f62:	b2af      	uxth	r7, r5
20000f64:	2101      	movs	r1, #1
20000f66:	0c20      	lsrs	r0, r4, #16
20000f68:	fbb2 fcfe 	udiv	ip, r2, lr
20000f6c:	fb0e 221c 	mls	r2, lr, ip, r2
20000f70:	ea40 4202 	orr.w	r2, r0, r2, lsl #16
20000f74:	fb07 f00c 	mul.w	r0, r7, ip
20000f78:	4290      	cmp	r0, r2
20000f7a:	d90e      	bls.n	20000f9a <__udivmoddi4+0x122>
20000f7c:	18aa      	adds	r2, r5, r2
20000f7e:	f10c 38ff 	add.w	r8, ip, #4294967295	@ 0xffffffff
20000f82:	bf2c      	ite	cs
20000f84:	f04f 0901 	movcs.w	r9, #1
20000f88:	f04f 0900 	movcc.w	r9, #0
20000f8c:	4290      	cmp	r0, r2
20000f8e:	d903      	bls.n	20000f98 <__udivmoddi4+0x120>
20000f90:	f1b9 0f00 	cmp.w	r9, #0
20000f94:	f000 80f0 	beq.w	20001178 <__udivmoddi4+0x300>
20000f98:	46c4      	mov	ip, r8
20000f9a:	1a12      	subs	r2, r2, r0
20000f9c:	b2a4      	uxth	r4, r4
20000f9e:	fbb2 f0fe 	udiv	r0, r2, lr
20000fa2:	fb0e 2210 	mls	r2, lr, r0, r2
20000fa6:	fb00 f707 	mul.w	r7, r0, r7
20000faa:	ea44 4402 	orr.w	r4, r4, r2, lsl #16
20000fae:	42a7      	cmp	r7, r4
20000fb0:	d90e      	bls.n	20000fd0 <__udivmoddi4+0x158>
20000fb2:	192c      	adds	r4, r5, r4
20000fb4:	f100 32ff 	add.w	r2, r0, #4294967295	@ 0xffffffff
20000fb8:	bf2c      	ite	cs
20000fba:	f04f 0e01 	movcs.w	lr, #1
20000fbe:	f04f 0e00 	movcc.w	lr, #0
20000fc2:	42a7      	cmp	r7, r4
20000fc4:	d903      	bls.n	20000fce <__udivmoddi4+0x156>
20000fc6:	f1be 0f00 	cmp.w	lr, #0
20000fca:	f000 80d2 	beq.w	20001172 <__udivmoddi4+0x2fa>
20000fce:	4610      	mov	r0, r2
20000fd0:	1be4      	subs	r4, r4, r7
20000fd2:	ea40 400c 	orr.w	r0, r0, ip, lsl #16
20000fd6:	e799      	b.n	20000f0c <__udivmoddi4+0x94>
20000fd8:	f1c1 0520 	rsb	r5, r1, #32
20000fdc:	408b      	lsls	r3, r1
20000fde:	fa0c f401 	lsl.w	r4, ip, r1
20000fe2:	fa00 f901 	lsl.w	r9, r0, r1
20000fe6:	fa22 f705 	lsr.w	r7, r2, r5
20000fea:	fa2c fc05 	lsr.w	ip, ip, r5
20000fee:	408a      	lsls	r2, r1
20000ff0:	431f      	orrs	r7, r3
20000ff2:	fa20 f305 	lsr.w	r3, r0, r5
20000ff6:	0c38      	lsrs	r0, r7, #16
20000ff8:	4323      	orrs	r3, r4
20000ffa:	fa1f fe87 	uxth.w	lr, r7
20000ffe:	0c1c      	lsrs	r4, r3, #16
20001000:	fbbc f8f0 	udiv	r8, ip, r0
20001004:	fb00 cc18 	mls	ip, r0, r8, ip
20001008:	ea44 440c 	orr.w	r4, r4, ip, lsl #16
2000100c:	fb08 fc0e 	mul.w	ip, r8, lr
20001010:	45a4      	cmp	ip, r4
20001012:	d90e      	bls.n	20001032 <__udivmoddi4+0x1ba>
20001014:	193c      	adds	r4, r7, r4
20001016:	f108 3aff 	add.w	sl, r8, #4294967295	@ 0xffffffff
2000101a:	bf2c      	ite	cs
2000101c:	f04f 0b01 	movcs.w	fp, #1
20001020:	f04f 0b00 	movcc.w	fp, #0
20001024:	45a4      	cmp	ip, r4
20001026:	d903      	bls.n	20001030 <__udivmoddi4+0x1b8>
20001028:	f1bb 0f00 	cmp.w	fp, #0
2000102c:	f000 80b8 	beq.w	200011a0 <__udivmoddi4+0x328>
20001030:	46d0      	mov	r8, sl
20001032:	eba4 040c 	sub.w	r4, r4, ip
20001036:	fa1f fc83 	uxth.w	ip, r3
2000103a:	fbb4 f3f0 	udiv	r3, r4, r0
2000103e:	fb00 4413 	mls	r4, r0, r3, r4
20001042:	fb03 fe0e 	mul.w	lr, r3, lr
20001046:	ea4c 4404 	orr.w	r4, ip, r4, lsl #16
2000104a:	45a6      	cmp	lr, r4
2000104c:	d90e      	bls.n	2000106c <__udivmoddi4+0x1f4>
2000104e:	193c      	adds	r4, r7, r4
20001050:	f103 30ff 	add.w	r0, r3, #4294967295	@ 0xffffffff
20001054:	bf2c      	ite	cs
20001056:	f04f 0c01 	movcs.w	ip, #1
2000105a:	f04f 0c00 	movcc.w	ip, #0
2000105e:	45a6      	cmp	lr, r4
20001060:	d903      	bls.n	2000106a <__udivmoddi4+0x1f2>
20001062:	f1bc 0f00 	cmp.w	ip, #0
20001066:	f000 809f 	beq.w	200011a8 <__udivmoddi4+0x330>
2000106a:	4603      	mov	r3, r0
2000106c:	ea43 4008 	orr.w	r0, r3, r8, lsl #16
20001070:	eba4 040e 	sub.w	r4, r4, lr
20001074:	fba0 ec02 	umull	lr, ip, r0, r2
20001078:	4564      	cmp	r4, ip
2000107a:	4673      	mov	r3, lr
2000107c:	46e0      	mov	r8, ip
2000107e:	d302      	bcc.n	20001086 <__udivmoddi4+0x20e>
20001080:	d107      	bne.n	20001092 <__udivmoddi4+0x21a>
20001082:	45f1      	cmp	r9, lr
20001084:	d205      	bcs.n	20001092 <__udivmoddi4+0x21a>
20001086:	ebbe 0302 	subs.w	r3, lr, r2
2000108a:	eb6c 0c07 	sbc.w	ip, ip, r7
2000108e:	3801      	subs	r0, #1
20001090:	46e0      	mov	r8, ip
20001092:	b15e      	cbz	r6, 200010ac <__udivmoddi4+0x234>
20001094:	ebb9 0203 	subs.w	r2, r9, r3
20001098:	eb64 0408 	sbc.w	r4, r4, r8
2000109c:	fa04 f505 	lsl.w	r5, r4, r5
200010a0:	fa22 f301 	lsr.w	r3, r2, r1
200010a4:	40cc      	lsrs	r4, r1
200010a6:	431d      	orrs	r5, r3
200010a8:	e9c6 5400 	strd	r5, r4, [r6]
200010ac:	2100      	movs	r1, #0
200010ae:	e732      	b.n	20000f16 <__udivmoddi4+0x9e>
200010b0:	0842      	lsrs	r2, r0, #1
200010b2:	462f      	mov	r7, r5
200010b4:	084b      	lsrs	r3, r1, #1
200010b6:	46ac      	mov	ip, r5
200010b8:	ea42 72c1 	orr.w	r2, r2, r1, lsl #31
200010bc:	46ae      	mov	lr, r5
200010be:	07c4      	lsls	r4, r0, #31
200010c0:	0c11      	lsrs	r1, r2, #16
200010c2:	b292      	uxth	r2, r2
200010c4:	ea41 4103 	orr.w	r1, r1, r3, lsl #16
200010c8:	ea42 4201 	orr.w	r2, r2, r1, lsl #16
200010cc:	fbb1 f1f5 	udiv	r1, r1, r5
200010d0:	fbb3 f0f5 	udiv	r0, r3, r5
200010d4:	231f      	movs	r3, #31
200010d6:	eba2 020c 	sub.w	r2, r2, ip
200010da:	ea41 4100 	orr.w	r1, r1, r0, lsl #16
200010de:	e742      	b.n	20000f66 <__udivmoddi4+0xee>
200010e0:	409d      	lsls	r5, r3
200010e2:	f1c3 0220 	rsb	r2, r3, #32
200010e6:	4099      	lsls	r1, r3
200010e8:	409c      	lsls	r4, r3
200010ea:	fa2c fc02 	lsr.w	ip, ip, r2
200010ee:	ea4f 4e15 	mov.w	lr, r5, lsr #16
200010f2:	fa20 f202 	lsr.w	r2, r0, r2
200010f6:	b2af      	uxth	r7, r5
200010f8:	fbbc f8fe 	udiv	r8, ip, lr
200010fc:	430a      	orrs	r2, r1
200010fe:	fb0e cc18 	mls	ip, lr, r8, ip
20001102:	0c11      	lsrs	r1, r2, #16
20001104:	ea41 410c 	orr.w	r1, r1, ip, lsl #16
20001108:	fb08 fc07 	mul.w	ip, r8, r7
2000110c:	458c      	cmp	ip, r1
2000110e:	d950      	bls.n	200011b2 <__udivmoddi4+0x33a>
20001110:	1869      	adds	r1, r5, r1
20001112:	f108 30ff 	add.w	r0, r8, #4294967295	@ 0xffffffff
20001116:	bf2c      	ite	cs
20001118:	f04f 0901 	movcs.w	r9, #1
2000111c:	f04f 0900 	movcc.w	r9, #0
20001120:	458c      	cmp	ip, r1
20001122:	d902      	bls.n	2000112a <__udivmoddi4+0x2b2>
20001124:	f1b9 0f00 	cmp.w	r9, #0
20001128:	d030      	beq.n	2000118c <__udivmoddi4+0x314>
2000112a:	eba1 010c 	sub.w	r1, r1, ip
2000112e:	fbb1 f8fe 	udiv	r8, r1, lr
20001132:	fb08 fc07 	mul.w	ip, r8, r7
20001136:	fb0e 1118 	mls	r1, lr, r8, r1
2000113a:	b292      	uxth	r2, r2
2000113c:	ea42 4201 	orr.w	r2, r2, r1, lsl #16
20001140:	4562      	cmp	r2, ip
20001142:	d234      	bcs.n	200011ae <__udivmoddi4+0x336>
20001144:	18aa      	adds	r2, r5, r2
20001146:	f108 31ff 	add.w	r1, r8, #4294967295	@ 0xffffffff
2000114a:	bf2c      	ite	cs
2000114c:	f04f 0901 	movcs.w	r9, #1
20001150:	f04f 0900 	movcc.w	r9, #0
20001154:	4562      	cmp	r2, ip
20001156:	d2be      	bcs.n	200010d6 <__udivmoddi4+0x25e>
20001158:	f1b9 0f00 	cmp.w	r9, #0
2000115c:	d1bb      	bne.n	200010d6 <__udivmoddi4+0x25e>
2000115e:	f1a8 0102 	sub.w	r1, r8, #2
20001162:	442a      	add	r2, r5
20001164:	e7b7      	b.n	200010d6 <__udivmoddi4+0x25e>
20001166:	1a84      	subs	r4, r0, r2
20001168:	eb6c 0203 	sbc.w	r2, ip, r3
2000116c:	2001      	movs	r0, #1
2000116e:	4617      	mov	r7, r2
20001170:	e6e7      	b.n	20000f42 <__udivmoddi4+0xca>
20001172:	442c      	add	r4, r5
20001174:	3802      	subs	r0, #2
20001176:	e72b      	b.n	20000fd0 <__udivmoddi4+0x158>
20001178:	f1ac 0c02 	sub.w	ip, ip, #2
2000117c:	442a      	add	r2, r5
2000117e:	e70c      	b.n	20000f9a <__udivmoddi4+0x122>
20001180:	3902      	subs	r1, #2
20001182:	442a      	add	r2, r5
20001184:	e6a5      	b.n	20000ed2 <__udivmoddi4+0x5a>
20001186:	442c      	add	r4, r5
20001188:	3802      	subs	r0, #2
2000118a:	e6ba      	b.n	20000f02 <__udivmoddi4+0x8a>
2000118c:	eba5 0c0c 	sub.w	ip, r5, ip
20001190:	f1a8 0002 	sub.w	r0, r8, #2
20001194:	4461      	add	r1, ip
20001196:	fbb1 f8fe 	udiv	r8, r1, lr
2000119a:	fb08 fc07 	mul.w	ip, r8, r7
2000119e:	e7ca      	b.n	20001136 <__udivmoddi4+0x2be>
200011a0:	f1a8 0802 	sub.w	r8, r8, #2
200011a4:	443c      	add	r4, r7
200011a6:	e744      	b.n	20001032 <__udivmoddi4+0x1ba>
200011a8:	3b02      	subs	r3, #2
200011aa:	443c      	add	r4, r7
200011ac:	e75e      	b.n	2000106c <__udivmoddi4+0x1f4>
200011ae:	4641      	mov	r1, r8
200011b0:	e791      	b.n	200010d6 <__udivmoddi4+0x25e>
200011b2:	eba1 010c 	sub.w	r1, r1, ip
200011b6:	4640      	mov	r0, r8
200011b8:	fbb1 f8fe 	udiv	r8, r1, lr
200011bc:	fb08 fc07 	mul.w	ip, r8, r7
200011c0:	e7b9      	b.n	20001136 <__udivmoddi4+0x2be>
200011c2:	bf00      	nop

200011c4 <__aeabi_idiv0>:
200011c4:	4770      	bx	lr
200011c6:	bf00      	nop

200011c8 <__ulPortLockGetCurrentOwnerId_veneer>:
200011c8:	f85f f000 	ldr.w	pc, [pc]	@ 200011cc <__ulPortLockGetCurrentOwnerId_veneer+0x4>
200011cc:	1000056d 	.word	0x1000056d

200011d0 <__xPortLockInternalSpinUnlockWithBestEffortWaitOrTimeout_veneer>:
200011d0:	f85f f000 	ldr.w	pc, [pc]	@ 200011d4 <__xPortLockInternalSpinUnlockWithBestEffortWaitOrTimeout_veneer+0x4>
200011d4:	10000629 	.word	0x10000629

200011d8 <__memset_veneer>:
200011d8:	f85f f000 	ldr.w	pc, [pc]	@ 200011dc <__memset_veneer+0x4>
200011dc:	10006fad 	.word	0x10006fad

200011e0 <__tu_fifo_write_veneer>:
200011e0:	f85f f000 	ldr.w	pc, [pc]	@ 200011e4 <__tu_fifo_write_veneer+0x4>
200011e4:	10006d39 	.word	0x10006d39

200011e8 <__vPortLockInternalSpinUnlockWithNotify_veneer>:
200011e8:	f85f f000 	ldr.w	pc, [pc]	@ 200011ec <__vPortLockInternalSpinUnlockWithNotify_veneer+0x4>
200011ec:	10000599 	.word	0x10000599

200011f0 <__time_us_64_veneer>:
200011f0:	f85f f000 	ldr.w	pc, [pc]	@ 200011f4 <__time_us_64_veneer+0x4>
200011f4:	10003d7d 	.word	0x10003d7d

200011f8 <__tud_event_hook_cb_veneer>:
200011f8:	f85f f000 	ldr.w	pc, [pc]	@ 200011fc <__tud_event_hook_cb_veneer+0x4>
200011fc:	10005361 	.word	0x10005361

20001200 <__panic_veneer>:
20001200:	f85f f000 	ldr.w	pc, [pc]	@ 20001204 <__panic_veneer+0x4>
20001204:	10002f65 	.word	0x10002f65

20001208 <cDoorbellNum>:
20001208:	                                         .

20001209 <ucPrimaryCoreNum>:
20001209:	                                         .

2000120a <striped_spin_lock_num>:
2000120a:	                                         ..

2000120c <irq_handler_chain_slots>:
2000120c:	00000000 	.word	0x00000000
20001210:	00010000 	.word	0x00010000
	...
2000121c:	00020000 	.word	0x00020000
	...
20001228:	00030000 	.word	0x00030000
	...
20001234:	00ff0000 	.word	0x00ff0000
20001238:	00000000 	.word	0x00000000

2000123c <irq_handler_chain_first_slot>:
2000123c:	b501      	push	{r0, lr}
2000123e:	6848      	ldr	r0, [r1, #4]
20001240:	3101      	adds	r1, #1
20001242:	468e      	mov	lr, r1
20001244:	4700      	bx	r0

20001246 <irq_handler_chain_remove_tail>:
20001246:	4670      	mov	r0, lr
20001248:	3809      	subs	r0, #9
2000124a:	4901      	ldr	r1, [pc, #4]	@ (20001250 <irq_handler_chain_remove_tail+0xa>)
2000124c:	4788      	blx	r1
2000124e:	bd01      	pop	{r0, pc}
20001250:	10003495 	.word	0x10003495

20001254 <default_alarm_pool>:
	...
20001268:	200012b8                                ... 

2000126c <stdio_usb>:
2000126c:	10004b0d 10004ab9 10004a31 100049a1     .K...J..1J...I..
2000127c:	00000000 00000100                       ........

20001284 <_usbd_qdef>:
20001284:	200016ac 000c0010 00000000 00000000     ... ............
	...

200012a0 <_usbd_rhport>:
200012a0:	000000ff                                ....

200012a4 <malloc_mutex>:
	...

200012ac <print_mutex>:
	...
